{
  "quantum": {
    "n_sv": 70,
    "sv_per_class": [
      34,
      36
    ],
    "sv_ratio": 0.7,
    "margin_mean": 0.8508588730841075,
    "margin_std": 0.2862323131964535,
    "sv_class_dist": [
      34,
      36
    ],
    "df_scores": [
      0.9051435497393725,
      -1.011234167317861,
      0.3113861451992974,
      -1.0387403055363549,
      0.6027407142617607,
      -0.09186877971577496,
      1.1435667624240093,
      -1.0293673753189507,
      -0.98528792747391,
      1.0104673633857886,
      -0.7761410084087892,
      0.9234950268828804,
      -0.7780193187718479,
      -1.11157233851344,
      -0.9829987682873377,
      0.24130666780194615,
      -1.0529514600330647,
      -0.97615656535808,
      0.9851820118884007,
      1.0061317751213597,
      -0.4852969025011052,
      1.0257002254029717,
      1.003171277249273,
      -0.8094560039227201,
      -0.9727412891023374,
      -0.3972297265215602,
      0.9294812304686298,
      0.9864714478589912,
      -1.0252686537628952,
      1.1206387695605857,
      1.0276940852633567,
      -0.6560314149141255,
      0.31657322951613676,
      1.1423903125837684,
      0.5105223108960524,
      -0.6589323232928781,
      0.9334871707637449,
      -0.8563930381668797,
      -0.4268211804931879,
      1.0713689689502333,
      -0.8292591147150055,
      0.4898204091811805,
      -0.9875070088575181,
      -1.0020148202828423,
      -0.947861859949975,
      1.1209843681164529,
      -0.984941865412415,
      -0.8402819467074595,
      -1.0200261314496808,
      -0.24277929036983553,
      0.940445135401052,
      -0.964385449448368,
      -0.5956122546763184,
      0.6634305391738452,
      1.0299729076725324,
      0.7233738172413633,
      1.1090143814873443,
      -1.0727366567591066,
      1.052110974046805,
      -0.008065174045123275,
      0.7504041376505451,
      -1.099008818846625,
      -0.9857282955315722,
      -1.0009014575742972,
      1.091823524753907,
      -0.9298431594609066,
      1.1259632243860653,
      1.0337937077287085,
      0.7223556855281008,
      0.8958622246127109,
      -1.0567065862563867,
      1.0035311007748262,
      -1.0630456094734022,
      1.058497218610526,
      -0.2876029621707628,
      1.0787247613226458,
      -0.9825250160536451,
      1.0379924952972672,
      0.21727692200843107,
      0.9805176685849621,
      1.0934732312207194,
      -1.0212092464345137,
      -1.0264472680030157,
      0.4854623180940126,
      -0.8364323128604539,
      -0.9405495314683253,
      0.04341366212158358,
      -0.9354193957845597,
      1.0967524932939252,
      0.45511133777680407,
      1.0453109878027724,
      1.030575850944474,
      1.0821825496445696,
      -0.1305898151090441,
      1.0777614264735305,
      1.0881431483703514,
      -0.9974588900735933,
      0.5430697855322875,
      -0.9595089100659323
    ]
  },
  "linear": {
    "n_sv": 37,
    "sv_per_class": [
      19,
      18
    ],
    "sv_ratio": 0.37,
    "margin_mean": 1.2740887666458938,
    "margin_std": 0.6316185791344137,
    "sv_class_dist": [
      19,
      18
    ],
    "df_scores": [
      0.8414487584193804,
      -1.0298721143528216,
      1.58560693999579,
      -1.7191256214546744,
      1.314039184758661,
      1.0000781829639802,
      1.74335910209283,
      -1.901990072509074,
      -1.7728325115580166,
      -0.3579061093689919,
      0.10499077169578719,
      2.0887044729673274,
      -0.9400450893517078,
      -1.8998606795095672,
      -1.0000252622967256,
      0.14271844008687218,
      -0.7506870957913581,
      0.3610268828958336,
      1.1702013291396351,
      1.7119750240571587,
      -1.6470498864831828,
      2.0424240241576737,
      2.069660227077767,
      0.3976009154586162,
      -1.7758374473936502,
      -0.12736764736296813,
      -0.40618845799212444,
      1.6409741761446721,
      -1.8997638380217783,
      1.959639009030985,
      1.0101738653588423,
      -1.762364871152835,
      0.019042125940847754,
      1.6962204294069405,
      -0.6474216084696653,
      -1.0002524710451386,
      1.2921099694882,
      0.41478154620310725,
      -0.9999129323460867,
      1.693289871970725,
      0.18469790066035863,
      -0.49252561364596126,
      -1.9003445437634472,
      -1.90053826989128,
      0.3446731333775457,
      1.6687303907575224,
      -1.7881088181558997,
      -0.8945443618770756,
      -1.7124542454188774,
      -0.2615681666642846,
      -0.37441634517394995,
      -1.8775939108560298,
      0.30513669190466963,
      0.06262439690579491,
      1.6253730238970174,
      -0.5590444026281833,
      1.6889810187486685,
      -1.8994737084587943,
      -1.1247005917772643,
      -1.2984010579376903,
      1.0001065508669509,
      -1.903344937760318,
      -1.6767844003343502,
      -1.8996672711193927,
      1.7451885970316052,
      -1.8964291413142806,
      1.6036489216422236,
      1.6723975936046482,
      1.1272261125115275,
      0.9552017777951729,
      -1.8997638380217783,
      1.6671556817850952,
      -1.7022529867469078,
      1.6878014638563226,
      -0.03859834469360557,
      1.7256461546902297,
      -1.6505092979106681,
      -1.1266613100119347,
      2.233841287145628,
      2.0726277554938033,
      2.02418554267239,
      -1.7401894938814397,
      -1.9004417137764964,
      0.07115397160851522,
      -0.8614442376117442,
      -1.0689547585410484,
      -0.3237151982205493,
      -1.901699834052403,
      1.940301597934143,
      -0.681540430546244,
      1.345272038528881,
      1.6705049562909604,
      1.7102500585245703,
      -0.39262335692083106,
      1.3770901073132134,
      1.6301606206310932,
      -1.5431749200830271,
      -0.9837740456599935,
      -1.780958032537166
    ]
  },
  "poly": {
    "n_sv": 36,
    "sv_per_class": [
      19,
      17
    ],
    "sv_ratio": 0.36,
    "margin_mean": 1.6110784558286182,
    "margin_std": 1.1223675778756232,
    "sv_class_dist": [
      19,
      17
    ],