{
  "metadata": {
    "notebook": "c2_quantum_kernel_expressibility.ipynb",
    "n_qubits": 4,
    "n_subsample": 300,
    "zz_reps_target": 3,
    "zz_entanglement_target": "full",
    "random_state": 42,
    "n_bootstrap": 200,
    "n_expr_pairs": 2000
  },
  "block_ratios": {
    "K_ZZ": {
      "within": 0.17216451177333644,
      "across": 0.08972890483770346,
      "ratio": 1.9187185231204937
    },
    "K_poly2": {
      "within": 0.3077754932443142,
      "across": 0.2843697461945716,
      "ratio": 1.0823074443110612
    },
    "K_RBF": {
      "within": 0.437257342752089,
      "across": 0.2591255322845061,
      "ratio": 1.687434421824231
    }
  },
  "cka": {
    "K_ZZ": {
      "value": 0.2823982410133041,
      "ci_lo": 0.2430294362208381,
      "ci_hi": 0.34333234166828375
    },
    "K_poly2": {
      "value": 0.3945290402451441,
      "ci_lo": 0.3388176466443217,
      "ci_hi": 0.4639912445430939
    },
    "K_RBF": {
      "value": 0.3838020181457629,
      "ci_lo": 0.3265251862043753,
      "ci_hi": 0.45354751527618414
    },
    "H2_supported": false
  },
  "effective_rank": {
    "K_ZZ": {
      "value": 18.860869589999236,
      "ci_lo": 14.927706727971554,
      "ci_hi": 21.258263450753123
    },
    "K_poly2": {
      "value": 1.459980930404595,
      "ci_lo": 1.4160024969046299,
      "ci_hi": 1.4985875117651368
    },
    "K_RBF": {
      "value": 4.482014528484086,
      "ci_lo": 4.055141356609161,
      "ci_hi": 4.795590152292484
    }
  },
  "expressibility_kl": {
    "reps_1": 0.02403494667739612,
    "reps_2": 0.01963730357697537,
    "reps_3": 0.042988644490985904
  },
  "entanglement_entropy": {
    "Normal": {
      "mean": 0.8225926324835551,
      "std": 0.35348566849293556,
      "min": 0.11415994714534415,
      "max": 1.583108942722752
    },
    "Attack": {
      "mean": 1.2476001554173046,
      "std": 0.2283155019871513,
      "min": 0.4556459518560675,
      "max": 1.7617278365566726
    },
    "mannwhitney_p": 3.106302173250825e-26,
    "H3_supported": true
  },
  "concentration": {
    "reps_1": {
      "mean_offdiag": 0.11944943933433544,
      "var_offdiag": 0.04048626728906517,
      "eff_rank": 16.891847886932567
    },
    "reps_2": {
      "mean_offdiag": 0.1327832472266453,
      "var_offdiag": 0.03675630243540075,
      "eff_rank": 16.988982952590483
    },
    "reps_3": {
      "mean_offdiag": 0.12386189265107692,
      "var_offdiag": 0.03331906785122015,
      "eff_rank": 18.671219449638578
    },
    "reps_4": {
      "mean_offdiag": 0.11477445584189383,
      "var_offdiag": 0.029392833788204255,
      "eff_rank": 20.908048694999067
    },
    "reps_5": {
      "mean_offdiag": 0.12130227241740407,
      "var_offdiag": 0.028130944427607697,
      "eff_rank": 20.77881525678129
    }
  },
  "classification": {
    "QSVM": {
      "accuracy": 0.7833333333333333,
      "recall": 0.6374269005847953,
      "precision": 0.9732142857142857,
      "f1": 0.7703180212014135
    },
    "CSVM_poly2": {
      "accuracy": 0.7233333333333334,
      "recall": 0.52046783625731,
      "precision": 0.9888888888888889,
      "f1": 0.6819923371647509
    },
    "CSVM_RBF": {
      "accuracy": 0.7166666666666667,
      "recall": 0.5087719298245614,
      "precision": 0.5087719298245614,
      "f1": 0.6718146718146718
    }
  },
  "spearman_bridge": {
    "corr_matrix": [
      [
        0.9999999999999999,
        -0.5374144398984244,
        0.3987013509390305,
        0.0037638555641261026
      ],
      [
        -0.5374144398984244,
        0.9999999999999999,
        -0.3217939837423306,
        0.017354358656745568
      ],
      [
        0.3987013509390305,
        -0.3217939837423306,
        0.9999999999999999,
        -0.01338005429889995
      ],
      [
        0.0037638555641261026,
        0.017354358656745568,
        -0.01338005429889995,
        0.9999999999999999
      ]
    ],
    "PC0_PC2_r": 0.3987013509390305,
    "PC1_PC2_r": -0.3217939837423306,
    "C1_replicated": false
  },
  "hypotheses": {
    "H1": "ZZFeatureMap encodes x_i*x_j cross-terms via ZZ phase gates",
    "H2_supported": false,
    "H3_supported": true,
    "H4_conc_check": false
  }
}