{
  "per_run": [
    {
      "run": 1,
      "quantum": {
        "C": 1.0,
        "f1": 0.7950310559006211,
        "precision": 0.6597938144329897,
        "recall": 1.0,
        "accuracy": 0.67,
        "ece_rare": 0.21032954757504477,
        "auc_pr_overall": 0.8414907482821975,
        "auc_pr_rare": 0.4052083861028127,
        "per_group_acc": {
          "Analysis": 1.0,
          "Backdoor": 1.0,
          "Shellcode": 1.0,
          "Worms": 1.0
        },
        "rare_margin_mean": 0.9778806530392027,
        "rare_margin_std": 0.09659043422488893,
        "n_rare_test": 20
      },
      "linear": {
        "C": 1.0,
        "f1": 0.8205128205128205,
        "precision": 0.6956521739130435,
        "recall": 1.0,
        "accuracy": 0.72,
        "ece_rare": 0.13211642826261646,
        "auc_pr_overall": 0.8807610507807228,
        "auc_pr_rare": 0.34062987323598537,
        "per_group_acc": {
          "Analysis": 1.0,
          "Backdoor": 1.0,
          "Shellcode": 1.0,
          "Worms": 1.0
        },
        "rare_margin_mean": 1.4362294281952503,
        "rare_margin_std": 0.39867002931430456,
        "n_rare_test": 20
      },
      "poly": {
        "C": 1.0,
        "f1": 0.7950310559006211,
        "precision": 0.6597938144329897,
        "recall": 1.0,
        "accuracy": 0.67,
        "ece_rare": 0.13599941090193046,
        "auc_pr_overall": 0.8968578581854697,
        "auc_pr_rare": 0.434089075032555,
        "per_group_acc": {
          "Analysis": 1.0,
          "Backdoor": 1.0,
          "Shellcode": 1.0,
          "Worms": 1.0
        },
        "rare_margin_mean": 1.3681939854306913,
        "rare_margin_std": 0.32509660679012853,
        "n_rare_test": 20
      },
      "rbf": {
        "C": 1.0,
        "f1": 0.7950310559006211,
        "precision": 0.6597938144329897,
        "recall": 1.0,
        "accuracy": 0.67,
        "ece_rare": 0.2112590742566942,
        "auc_pr_overall": 0.9330420706380895,
        "auc_pr_rare": 0.28554135027256666,
        "per_group_acc": {
          "Analysis": 1.0,
          "Backdoor": 1.0,
          "Shellcode": 1.0,
          "Worms": 1.0
        },
        "rare_margin_mean": 1.0085384514980755,
        "rare_margin_std": 0.01765722036843366,
        "n_rare_test": 20
      }
    },
    {
      "run": 2,
      "quantum": {
        "C": 1.0,
        "f1": 0.7692307692307693,
        "precision": 0.6875,
        "recall": 0.873015873015873,
        "accuracy": 0.67,
        "ece_rare": 0.2334490041644585,
        "auc_pr_overall": 0.8883422420778904,
        "auc_pr_rare": 0.257392138193855,
        "per_group_acc": {
          "Analysis": 1.0,
          "Backdoor": 1.0,
          "Shellcode": 0.8,
          "Worms": 1.0
        },
        "rare_margin_mean": 0.9119820581404559,
        "rare_margin_std": 0.2687302232272039,
        "n_rare_test": 20
      },
      "linear": {
        "C": 1.0,
        "f1": 0.7716535433070866,
        "precision": 0.765625,
        "recall": 0.7777777777777778,
        "accuracy": 0.71,
        "ece_rare": 0.23745890451861898,
        "auc_pr_overall": 0.8692313689434963,
        "auc_pr_rare": 0.3118695002161895,
        "per_group_acc": {
          "Analysis": 0.8,
          "Backdoor": 1.0,
          "Shellcode": 0.6,
          "Worms": 1.0
        },
        "rare_margin_mean": 1.6374509281424192,
        "rare_margin_std": 1.0683396034466448,
        "n_rare_test": 20
      },
      "poly": {
        "C": 1.0,
        "f1": 0.7716535433070866,
        "precision": 0.765625,
        "recall": 0.7777777777777778,
        "accuracy": 0.71,
        "ece_rare": 0.22437466388979874,
        "auc_pr_overall": 0.8504796408967576,
        "auc_pr_rare": 0.5151368129777176,
        "per_group_acc": {
          "Analysis": 0.8,
          "Backdoor": 1.0,
          "Shellcode": 0.6,
          "Worms": 1.0
        },
        "rare_margin_mean": 1.207997854767863,
        "rare_margin_std": 0.3884903445762881,
        "n_rare_test": 20
      },
      "rbf": {
        "C": 1.0,
        "f1": 0.7716535433070866,
        "precision": 0.765625,
        "recall": 0.7777777777777778,
        "accuracy": 0.71,
        "ece_rare": 0.24396894245035058,
        "auc_pr_overall": 0.8087744272294812,
        "auc_pr_rare": 0.25954948043278425,
        "per_group_acc": {
          "Analysis": 0.8,
          "Backdoor": 1.0,
          "Shellcode": 0.6,
          "Worms": 1.0
        },
        "rare_margin_mean": 0.9862929361722994,
        "rare_margin_std": 0.034741244770354986,
        "n_rare_test": 20
      }
    },
    {
      "run": 3,
      "quantum": {
        "C": 1.0,
        "f1": 0.802547770700637,
        "precision": 0.6702127659574468,
        "recall": 1.0,
        "accuracy": 0.69,
        "ece_rare": 0.18636181960297993,
        "auc_pr_overall": 0.8223742677926031,
        "auc_pr_rare": 0.22337096465174122,
        "per_group_acc": {
          "Analysis": 1.0,
          "Backdoor": 1.0,
          "Shellcode": 1.0,
          "Worms": 1.0
        },
        "rare_margin_mean": 0.9563426206504838,
        "rare_margin_std": 0.19550783864038665,
        "n_rare_test": 20
      },
      "linear": {
        "C": 1.0,
        "f1": 0.8235294117647058,
        "precision": 0.7,
        "recall": 1.0,
        "accuracy": 0.73,
        "ece_rare": 0.21015692420733256,
        "auc_pr_overall": 0.9069576908194146,
        "auc_pr_rare": 0.2912804828565215,
        "per_group_acc": {
          "Analysis": 1.0,
          "Backdoor": 1.0,
          "Shellcode": 1.0,
          "Worms": 1.0
        },
        "rare_margin_mean": 1.5228799629411522,
        "rare_margin_std": 1.2593268192396294,
        "n_rare_test": 20
      },
      "poly": {
        "C": 1.0,
        "f1": 0.7924528301886793,
        "precision": 0.65625,
        "recall": 1.0,
        "accuracy": 0.67,
        "ece_rare": 0.2319852632951997,
        "auc_pr_overall": 0.9072372208223034,
        "auc_pr_rare": 0.2873201333537735,
        "per_group_acc": {
          "Analysis": 1.0,
          "Backdoor": 1.0,
          "Shellcode": 1.0,
          "Worms": 1.0
        },
        "rare_margin_mean": 1.1100366156175991,
        "rare_margin_std": 0.23781925086811476,
        "n_rare_test": 20
      },
      "rbf": {
        "C": 1.0,
        "f1": 0.802547770700637,
        "precision": 0.6702127659574468,
        "recall": 1.0,
        "accuracy": 0.69,
        "ece_rare": 0.197748363104269,
        "auc_pr_overall": 0.8951800798057505,
        "auc_pr_rare": 0.24473968056685091,
        "per_group_acc": {
          "Analysis": 1.0,
          "Backdoor": 1.0,
          "Shellcode": 1.0,
          "Worms": 1.0
        },
        "rare_margin_mean": 1.0177570769584066,
        "rare_margin_std": 0.026839979183233043,
        "n_rare_test": 20
      }
    },
    {
      "run": 4,
      "quantum": {
        "C": 1.0,
        "f1": 0.7922077922077922,
        "precision": 0.6703296703296703,
        "recall": 0.9682539682539683,
        "accuracy": 0.68,
        "ece_rare": 0.105389258219348,
        "auc_pr_overall": 0.8549015078683493,
        "auc_pr_rare": 0.42045298327970276,
        "per_group_acc": {
          "Analysis": 1.0,
          "Backdoor": 1.0,
          "Shellcode": 1.0,
          "Worms": 1.0
        },
        "rare_margin_mean": 1.0706879648275687,
        "rare_margin_std": 0.08770578199679882,
        "n_rare_test": 20
      },
      "linear": {
        "C": 1.0,
        "f1": 0.8181818181818182,
        "precision": 0.6923076923076923,
        "recall": 1.0,
        "accuracy": 0.72,
        "ece_rare": 0.14114923529666784,
        "auc_pr_overall": 0.9235004684782795,
        "auc_pr_rare": 0.378163845150352,
        "per_group_acc": {
          "Analysis": 1.0,
          "Backdoor": 1.0,
          "Shellcode": 1.0,
          "Worms": 1.0
        },
        "rare_margin_mean": 1.2838088767701903,
        "rare_margin_std": 0.32411384844066743,