regime,repr_mode,arm,dataset,n_train,run_id,n_rare_train,test_split,model,f1_macro,accuracy,precision_macro,recall_macro,n_rare,recall_rare,precision_rare,f1_rare,margin_signed_mean,margin_signed_std,margin_abs_mean,margin_abs_std,rare_margin_signed_mean,rare_margin_signed_std,rare_margin_abs_mean,rare_margin_abs_std
natural,refit_per_N,tuned_per_N,NSL-KDD-K80n8,100,1,1,fixed_300,QSVM_ZZ,0.4508378243449097,0.5233333333333333,0.7409420289855072,0.5718562874251497,30,0.0,0.0,0.0,0.19929265155846346,0.5994136311906069,0.5587375012848922,0.29466365042235376,-0.37518750448773636,0.03519649599241226,0.37518750448773636,0.03519649599241226
natural,refit_per_N,tuned_per_N,NSL-KDD-K80n8,100,1,1,fixed_300,QSVM_Z,0.6606491527771365,0.6733333333333333,0.7688888888888888,0.7042906667867272,30,0.06666666666666667,1.0,0.125,0.45080111271617046,0.6491236655746574,0.6882363845098292,0.38847632549752076,-0.4127660516777772,0.29329939801364435,0.4381034215619503,0.2539010482619946
natural,refit_per_N,tuned_per_N,NSL-KDD-K80n8,100,1,1,fixed_300,SVM_Linear,0.8261722232126939,0.8266666666666667,0.8563822334314137,0.8435459907253162,30,0.1,1.0,0.18181818181818182,0.7314612154241836,0.7931197185410526,1.040220758653237,0.2863829095378189,-0.873020443210825,0.45354822041371323,0.9392336886061993,0.2927640017004559
natural,refit_per_N,tuned_per_N,NSL-KDD-K80n8,100,1,1,fixed_300,SVM_Poly2,0.7683916083916085,0.77,0.8101851851851851,0.7895862410517311,30,0.1,1.0,0.18181818181818182,0.6852133164566766,0.8463723579279582,0.9647979418567745,0.5050033551403608,-0.4780720586260691,0.41211352035955545,0.6012631825928676,0.19202351981048962
natural,refit_per_N,tuned_per_N,NSL-KDD-K80n8,100,1,1,fixed_300,SVM_RBF,0.8194865394901052,0.82,0.849376488720751,0.8367925802530278,30,0.1,1.0,0.18181818181818182,0.5093111186312921,0.6562618270122897,0.7693399909987602,0.31335822855797835,-0.6790638795763801,0.4476290482966866,0.7718852176975717,0.2563059268224089
natural,refit_per_N,tuned_per_N,NSL-KDD-K80n8,100,1,1,fixed_300,RandomForest,0.8262883613202086,0.8266666666666667,0.8534750916941363,0.8427806042051236,30,0.13333333333333333,1.0,0.23529411764705882,0.27315,0.3018625418409291,0.38498333333333334,0.1323621914378204,-0.25699999999999995,0.2491973782633624,0.32333333333333336,0.15363557169122288
natural,refit_per_N,tuned_per_N,NSL-KDD-K80n8,100,1,1,fixed_300,XGBoost,0.7994294883223391,0.8,0.8283592545887628,0.8165323488361622,30,0.06666666666666667,1.0,0.125,0.27889988472064337,0.3614526038684876,0.44713880608479184,0.09219554562756758,-0.3744232416152954,0.23212763265434394,0.4232583403587341,0.12218174585504132
natural,refit_per_N,tuned_per_N,NSL-KDD-K80n8,100,1,1,full_test,QSVM_ZZ,0.42477733481737123,0.4997338537970192,0.7284586655449449,0.5604732556754781,2952,0.0,0.0,0.0,0.18588023812227122,0.6025953057899015,0.5598479897897388,0.2902460918131467,-0.3844200986556194,0.054043274781897355,0.3844200986556194,0.054043274781897355
natural,refit_per_N,tuned_per_N,NSL-KDD-K80n8,100,1,1,full_test,QSVM_Z,0.6318459895852315,0.6410574875798438,0.7175617735725913,0.675925865074887,2952,0.0809620596205962,1.0,0.14979630209965528,0.389031471549047,0.6450903266758622,0.6386035959618835,0.3995903685662844,-0.3877990104800527,0.3106939247227801,0.4109599016520382,0.2793398407372275
natural,refit_per_N,tuned_per_N,NSL-KDD-K80n8,100,1,1,full_test,SVM_Linear,0.7776116858777503,0.77861071682044,0.8213497272591243,0.8032982581792644,2952,0.05013550135501355,1.0,0.09548387096774194,0.6284503057212009,0.8185365435748947,0.9828889587263309,0.3144537402265642,-0.8817909612355438,0.33688981802477797,0.9098897020184492,0.25129818735169956
natural,refit_per_N,tuned_per_N,NSL-KDD-K80n8,100,1,1,full_test,SVM_Poly2,0.713983697172235,0.7150461320085166,0.7500266434468701,0.737632766568896,2952,0.21375338753387535,1.0,0.3522188110521909,0.574966861689641,0.903242612960096,0.9397783458409719,0.5130796922473382,-0.10921097472358378,0.8913549434586255,0.7564533445906754,0.48396178535684625
natural,refit_per_N,tuned_per_N,NSL-KDD-K80n8,100,1,1,full_test,SVM_RBF,0.7766201730790459,0.7768807665010646,0.8042091102047818,0.7968936167819131,2952,0.21747967479674796,1.0,0.3572621035058431,0.43400610751807234,0.6681615768829124,0.7147948335673123,0.35195104786195336,-0.6273755016485127,0.43818958821696896,0.6754707439816406,0.359651788978407
natural,refit_per_N,tuned_per_N,NSL-KDD-K80n8,100,1,1,full_test,RandomForest,0.7805606779153401,0.7811834634492548,0.8171946273838573,0.8039797871411398,2952,0.06808943089430894,1.0,0.12749762131303521,0.23024951206529456,0.3158278429449918,0.3620362402413059,0.1472814480426237,-0.2985535230352303,0.18599552106476086,0.31405487804878046,0.15842371522807228
natural,refit_per_N,tuned_per_N,NSL-KDD-K80n8,100,1,1,full_test,XGBoost,0.7609054307140706,0.7609563520227112,0.7804509461178575,0.777895859553277,2952,0.18868563685636858,1.0,0.3174693644913081,0.2401826264874744,0.3791867103415985,0.4379932853089866,0.09814345312014244,-0.30660862189927074,0.30351858251242686,0.41409975422551315,0.12105275917422299
natural,refit_per_N,tuned_per_N,NSL-KDD-K80n8,100,2,1,fixed_300,QSVM_ZZ,0.7006571779197395,0.71,0.8022727272727272,0.7395209580838323,30,0.0,0.0,0.0,0.4302893187112784,0.4913460329992247,0.5288143344826843,0.3833082592206003,-0.11797091479478308,0.03021328941585878,0.11797091479478308,0.03021328941585878
natural,refit_per_N,tuned_per_N,NSL-KDD-K80n8,100,2,1,fixed_300,QSVM_Z,0.8765555666766757,0.8766666666666667,0.8807719736138349,0.8846292377650713,30,0.6333333333333333,1.0,0.7755102040816326,0.6945069601597674,0.538934993426218,0.8282046244416795,0.2947336847106134,0.15750502558177776,0.6058783684203929,0.5778948771104778,0.24069470582615593
natural,refit_per_N,tuned_per_N,NSL-KDD-K80n8,100,2,1,fixed_300,SVM_Linear,0.8165015180328963,0.8166666666666667,0.8366019061583578,0.8307370221962092,30,0.1,1.0,0.18181818181818182,0.8163059920914736,0.8821731971161872,1.1033316459309854,0.47670148051150746,-0.7514416776058923,0.38388082467373846,0.7944934383532576,0.2842696937926475
natural,refit_per_N,tuned_per_N,NSL-KDD-K80n8,100,2,1,fixed_300,SVM_Poly2,0.7885314685314685,0.79,0.8318865740740741,0.8098464724685966,30,0.06666666666666667,1.0,0.125,0.573006911253784,0.6660526052455327,0.8168170239509674,0.3236864882611691,-0.41970079750920725,0.35165156692805555,0.4873551589091278,0.24958472116193361
natural,refit_per_N,tuned_per_N,NSL-KDD-K80n8,100,2,1,fixed_300,SVM_RBF,0.813034188034188,0.8133333333333334,0.8368807424165474,0.8285083967403539,30,0.1,1.0,0.18181818181818182,0.6319207952052822,0.6687016989709261,0.8739758065675367,0.28749285757058907,-0.5731781480710718,0.5121870808368234,0.6839040522870226,0.35091885453437754
natural,refit_per_N,tuned_per_N,NSL-KDD-K80n8,100,2,1,fixed_300,RandomForest,0.822890559732665,0.8233333333333334,0.8514155336189235,0.8397865922290757,30,0.2,1.0,0.3333333333333333,0.30565936039926067,0.27828212994166357,0.3904814772222736,0.13562007370173884,-0.1470206912496779,0.21343830268290034,0.2199974811622308,0.13701131701419558
natural,refit_per_N,tuned_per_N,NSL-KDD-K80n8,100,2,1,fixed_300,XGBoost,0.8296801772216718,0.83,0.8555555555555555,0.8457746161811714,30,0.26666666666666666,1.0,0.42105263157894735,0.3075445518891017,0.3271611534369859,0.43659866432348887,0.10487934985416747,-0.22157979408899944,0.3104325462943552,0.3380226572354635,0.17665405215504315
natural,refit_per_N,tuned_per_N,NSL-KDD-K80n8,100,2,1,full_test,QSVM_ZZ,0.6366039293059236,0.6519251242015613,0.7719639691219538,0.6936635403863625,2952,0.0013550135501355014,1.0,0.0027063599458728013,0.39206288789999233,0.48999107866497554,0.49136837484731655,0.39033534997442293,-0.12386241285596226,0.049176838488752594,0.1250430321462255,0.04609228649055843
natural,refit_per_N,tuned_per_N,NSL-KDD-K80n8,100,2,1,full_test,QSVM_Z,0.8210842130139284,0.8215489709013485,0.8245133670385845,0.8304165678372237,2952,0.6334688346883469,1.0,0.7756117793446703,0.6081211444427048,0.5672296028087616,0.7586014761867621,0.3407118268392748,0.09184458981957631,0.5766665111390454,0.5220359288778115,0.26164514654219306
natural,refit_per_N,tuned_per_N,NSL-KDD-K80n8,100,2,1,full_test,SVM_Linear,0.7762567985312778,0.7762597586941093,0.7903436361288186,0.7909244107083075,2952,0.21646341463414634,1.0,0.3558897243107769,0.7226497480283175,0.8921689574712977,1.02987839899273,0.507482600971683,-0.5455480516480335,0.5176871321779007,0.6931349071563889,0.29186751097175717
natural,refit_per_N,tuned_per_N,NSL-KDD-K80n8,100,2,1,full_test,SVM_Poly2,0.7466387295015655,0.7476046841731725,0.7853270521606477,0.7709406700524292,2952,0.20799457994579945,1.0,0.34436343241727424,0.4743511837370744,0.6944360870151283,0.7701082538557457,0.3379109376816629,-0.24187775887721355,0.5536282615207148,0.5480428004687737,0.2542797495835172
natural,refit_per_N,tuned_per_N,NSL-KDD-K80n8,100,2,1,full_test,SVM_RBF,0.767598446738168,0.767610007097232,0.7848071432697148,0.7836149076743028,2952,0.21951219512195122,1.0,0.36,0.5322172557889757,0.6917283929457501,0.8094616511163621,0.3263666838677484,-0.5227896320757822,0.5357506981811792,0.671296204557511,0.33120871932096374
natural,refit_per_N,tuned_per_N,NSL-KDD-K80n8,100,2,1,full_test,RandomForest,0.7911598431210933,0.7914744499645139,0.821451487752771,0.8124302632047631,2952,0.1609078590785908,1.0,0.27721038809454335,0.26684457900696745,0.28995494187149146,0.36298654781604883,0.15336448013048185,-0.167789248417519,0.18357273494249618,0.2035304004047299,0.14292500484475829
natural,refit_per_N,tuned_per_N,NSL-KDD-K80n8,100,2,1,full_test,XGBoost,0.7875398490607446,0.7878814762242725,0.8182427898076767,0.808948662316157,2952,0.19817073170731708,1.0,0.33078880407124683,0.26667779771316297,0.3605362833390855,0.43670742428677145,0.10193176624545375,-0.3041567565181714,0.26539308097957287,0.3737278463758104,0.15255266897299102
natural,refit_per_N,tuned_per_N,NSL-KDD-K80n8,100,3,1,fixed_300,QSVM_ZZ,0.6853062212539337,0.6966666666666667,0.796875,0.7275449101796407,30,0.0,0.0,0.0,0.43786253727590463,0.5170469096746915,0.5636969175835801,0.3759080917732579,-0.16984105509084185,0.02591755629206002,0.16984105509084185,0.02591755629206002
natural,refit_per_N,tuned_per_N,NSL-KDD-K80n8,100,3,1,fixed_300,QSVM_Z,0.8023649214484306,0.8033333333333333,0.8394756838905775,0.8218225203727882,30,0.13333333333333333,1.0,0.23529411764705882,0.6061395637281602,0.5616903370376544,0.7479292558027975,0.3514299841395321,-0.23189586447746896,0.23415678032081946,0.2529789962764656,0.2112030235932175
natural,refit_per_N,tuned_per_N,NSL-KDD-K80n8,100,3,1,fixed_300,SVM_Linear,0.8088766192397536,0.81,0.85,0.8293413173652695,30,0.06666666666666667,1.0,0.125,0.7096453769894745,0.85965819314996,1.0554521297281505,0.3586496507522327,-0.9811810368711137,0.5623866556837139,1.0296151601276855,0.46785425042616297
natural,refit_per_N,tuned_per_N,NSL-KDD-K80n8,100,3,1,fixed_300,SVM_Poly2,0.7718733225979603,0.7733333333333333,0.8121427542148999,0.792580253027779,30,0.06666666666666667,1.0,0.125,0.5481585396231875,0.6746388538070649,0.8160987276291731,0.2993296416828458,-0.5657292315374937,0.3261716560926816,0.5921522220063332,0.27530575480219793
natural,refit_per_N,tuned_per_N,NSL-KDD-K80n8,100,3,1,fixed_300,SVM_RBF,0.8226218498644564,0.8233333333333334,0.8575268817204301,0.8413173652694611,30,0.1,1.0,0.18181818181818182,0.6066744980086783,0.6581417434776465,0.8551917639594461,0.26429443410297027,-0.6661105958942944,0.3939399628804936,0.7432318907748116,0.21563482291187405
natural,refit_per_N,tuned_per_N,NSL-KDD-K80n8,100,3,1,fixed_300,RandomForest,0.822890559732665,0.8233333333333334,0.8514155336189235,0.8397865922290757,30,0.06666666666666667,1.0,0.125,0.29268333333333335,0.3139385020279538,0.4103833333333333,0.12572365087321036,-0.2926666666666667,0.18110187433842007,0.3186666666666667,0.13001239257171687
natural,refit_per_N,tuned_per_N,NSL-KDD-K80n8,100,3,1,fixed_300,XGBoost,0.8365776922991406,0.8366666666666667,0.8548166392993979,0.8502318670928819,30,0.13333333333333333,1.0,0.23529411764705882,0.3078013434012731,0.3300136452627604,0.4370853398243586,0.1122812485229321,-0.31439233720302584,0.23229008283350355,0.35853728155295056,0.1557313135223527
natural,refit_per_N,tuned_per_N,NSL-KDD-K80n8,100,3,1,full_test,QSVM_ZZ,0.6092266252617742,0.6301454932576295,0.7690176741093689,0.6751344190758202,2952,0.0013550135501355014,1.0,0.0027063599458728013,0.37840300066479643,0.5240719996330178,0.5209013865425625,0.3827558454282672,-0.21188283766139532,0.11770105384811526,0.21192668979093357,0.11762207754779529
natural,refit_per_N,tuned_per_N,NSL-KDD-K80n8,100,3,1,full_test,QSVM_Z,0.7615852990689709,0.7626863023420866,0.8046222812941908,0.7871939959395212,2952,0.17513550135501355,1.0,0.2980686076679158,0.5299102993926721,0.5695950775466124,0.6829111556198167,0.3726604772413748,-0.2584292871416767,0.2747641024710849,0.28222196725877446,0.2502634005520648
natural,refit_per_N,tuned_per_N,NSL-KDD-K80n8,100,3,1,full_test,SVM_Linear,0.769804604420695,0.7711586231369766,0.8185019008742752,0.7970657824259091,2952,0.041666666666666664,1.0,0.08,0.5918969222773535,0.8879146570560651,1.0011682855280053,0.3693189256852505,-1.0124151875229435,0.4588643235026274,1.0441305226153208,0.3812249087529537
natural,refit_per_N,tuned_per_N,NSL-KDD-K80n8,100,3,1,full_test,SVM_Poly2,0.7292898415686914,0.7301721078779276,0.7645556402992664,0.752509621893336,2952,0.20426829268292682,1.0,0.3392405063291139,0.4578162554036213,0.6983202501519923,0.7794117210930799,0.29960684989976155,-0.3763249408657888,0.5034474361393565,0.5772151255738485,0.24880209179526036
natural,refit_per_N,tuned_per_N,NSL-KDD-K80n8,100,3,1,full_test,SVM_RBF,0.7684707173883238,0.7698722498225692,0.8177149632486378,0.7959108310433349,2952,0.04844173441734417,1.0,0.09240710823909531,0.517590357196625,0.6786014610749814,0.7978938032370166,0.3029277134763315,-0.6524256950829145,0.350785002012153,0.6972301202960026,0.25015907857423864
natural,refit_per_N,tuned_per_N,NSL-KDD-K80n8,100,3,1,full_test,RandomForest,0.7758213673133222,0.776570262597587,0.8144643350418956,0.7999152078887213,2952,0.04098915989159892,1.0,0.07875040676863,0.25267920511000713,0.3274428837020129,0.391596877217885,0.13310713179734457,-0.3117852303523035,0.149304782127497,0.3260941734417344,0.1147368200680599
natural,refit_per_N,tuned_per_N,NSL-KDD-K80n8,100,3,1,full_test,XGBoost,0.786282169927615,0.7864620298083748,0.8121207243524017,0.8059357174064269,2952,0.08705962059620596,1.0,0.16017450919289497,0.27334901682551316,0.34935193882203247,0.42944816683172504,0.1110888570607272,-0.3270624208902602,0.20763294107713756,0.3648301024989384,0.1303083331546908
natural,refit_per_N,tuned_per_N,NSL-KDD-K80n8,100,4,1,fixed_300,QSVM_ZZ,0.6587585310367241,0.6733333333333333,0.7811673534657728,0.7058214398271127,30,0.06666666666666667,1.0,0.125,0.3855311750306248,0.5521265421575112,0.5926879218869199,0.31968583441352016,-0.26468010384111884,0.12762466225733385,0.2888278308762843,0.05405641402224685
natural,refit_per_N,tuned_per_N,NSL-KDD-K80n8,100,4,1,fixed_300,QSVM_Z,0.7742562248003684,0.7766666666666666,0.8284313725490196,0.7986358110845977,30,0.1,1.0,0.18181818181818182,0.5752460895151476,0.6530969098471842,0.8246175913205942,0.2782974402308287,-0.5251423843269438,0.3641557134708834,0.606142934816027,0.2024219603765593
natural,refit_per_N,tuned_per_N,NSL-KDD-K80n8,100,4,1,fixed_300,SVM_Linear,0.8329695781925082,0.8333333333333334,0.8604392033056316,0.8495340146774121,30,0.1,1.0,0.18181818181818182,0.766577877644757,0.8029098820953029,1.0518884694127189,0.35473450519677535,-0.8126008636591997,0.43150893025569237,0.8840955603804146,0.2547452857772445
natural,refit_per_N,tuned_per_N,NSL-KDD-K80n8,100,4,1,fixed_300,SVM_Poly2,0.7780667144906743,0.78,0.8263736263736263,0.8008644365404529,30,0.1,1.0,0.18181818181818182,0.4958134131771338,0.6988517442691531,0.8143810077284146,0.26647377995902094,-0.6907032470574259,0.4542737967440882,0.7556661881317281,0.3352674604229053
natural,refit_per_N,tuned_per_N,NSL-KDD-K80n8,100,4,1,fixed_300,SVM_RBF,0.8021705357043064,0.8033333333333333,0.8428229665071771,0.8225879068929809,30,0.1,1.0,0.18181818181818182,0.6096187138405404,0.7234745105547585,0.9209290797670974,0.21665634937930928,-0.7276474321544634,0.4786513301739999,0.8603583111299697,0.13550445700385744
natural,refit_per_N,tuned_per_N,NSL-KDD-K80n8,100,4,1,fixed_300,RandomForest,0.7987117552334944,0.8,0.8409625822565925,0.819593894916933,30,0.13333333333333333,1.0,0.23529411764705882,0.28883333333333333,0.2825894646931403,0.3836333333333333,0.12691322057041793,-0.22383333333333336,0.204041185929595,0.2785,0.11904585951080646
natural,refit_per_N,tuned_per_N,NSL-KDD-K80n8,100,4,1,fixed_300,XGBoost,0.8159283347650018,0.8166666666666667,0.8504527447651387,0.8345639547971726,30,0.1,1.0,0.18181818181818182,0.3074573174118996,0.3076732716249798,0.41900980879863103,0.11672028201248862,-0.270608052611351,0.26798163628904165,0.34923236866792046,0.1519198084545055
natural,refit_per_N,tuned_per_N,NSL-KDD-K80n8,100,4,1,full_test,QSVM_ZZ,0.5865236627774761,0.611737047551455,0.7591553004868222,0.6585643374517878,2952,0.04403794037940379,1.0,0.08436080467229072,0.3165290877787317,0.5524791286602603,0.5525745687014784,0.3163624456847109,-0.284522359239516,0.15309897070114042,0.3152550472898097,0.07075678692018693
natural,refit_per_N,tuned_per_N,NSL-KDD-K80n8,100,4,1,full_test,QSVM_Z,0.7031683447910442,0.709235273243435,0.7910486463223354,0.7432885309467614,2952,0.04098915989159892,1.0,0.07875040676863,0.4701529409280033,0.7068948605257169,0.7949688560150958,0.29794068145685165,-0.6309541312791085,0.3246068756384768,0.6648276234063907,0.24794549934563953
natural,refit_per_N,tuned_per_N,NSL-KDD-K80n8,100,4,1,full_test,SVM_Linear,0.7758871429263965,0.7766589779985805,0.8149951800787008,0.8001309174663075,2952,0.04708672086720867,1.0,0.08993853121967,0.6599246678040682,0.8395698859656046,0.9930227830178788,0.39278990949874815,-0.8325690049183109,0.3365094997257498,0.8700490377351777,0.22231613367552044
natural,refit_per_N,tuned_per_N,NSL-KDD-K80n8,100,4,1,full_test,SVM_Poly2,0.718566470049548,0.7210787792760823,0.7730267130451483,0.7485181802402372,2952,0.2090108401084011,1.0,0.3457551134771645,0.3955019291903513,0.7189091825334242,0.7746715974152133,0.2704368778150042,-0.4696858385732895,0.5622315502717016,0.6857235407315554,0.25786106484654475
natural,refit_per_N,tuned_per_N,NSL-KDD-K80n8,100,4,1,full_test,SVM_RBF,0.7363533409554057,0.7390880056777857,0.7976285580331914,0.7679191952981571,2952,0.04607046070460705,1.0,0.08808290155440414,0.4933996548240925,0.7626506155376347,0.8690401739440269,0.2642883970812981,-0.7419611271916389,0.38516245442931485,0.7962345750843118,0.2546898741721123
natural,refit_per_N,tuned_per_N,NSL-KDD-K80n8,100,4,1,full_test,RandomForest,0.7492304063948281,0.751596877217885,0.8088385735675978,0.7800087774748359,2952,0.08130081300813008,1.0,0.15037593984962405,0.24136067246273957,0.30442239475347393,0.3642084368346345,0.13520422766162973,-0.2632266260162602,0.16386242637914325,0.28611957994579945,0.11947693247821313
natural,refit_per_N,tuned_per_N,NSL-KDD-K80n8,100,4,1,full_test,XGBoost,0.7588312219331407,0.7600248403122782,0.8029717456134267,0.7848186950247809,2952,0.08062330623306233,1.0,0.14921630094043886,0.2553768306507909,0.3473471858007997,0.41404429468742027,0.12014455940147573,-0.33660982746055457,0.22263337514462173,0.375828348473724,0.14705389540853134
natural,refit_per_N,tuned_per_N,NSL-KDD-K80n8,100,5,1,fixed_300,QSVM_ZZ,0.6333725029377203,0.6533333333333333,0.7805907172995781,0.688622754491018,30,0.0,0.0,0.0,0.37523410905655624,0.5580049630067059,0.5710824687150914,0.3550140691097458,-0.2715008772839574,0.026540668379276898,0.2715008772839574,0.026540668379276898
natural,refit_per_N,tuned_per_N,NSL-KDD-K80n8,100,5,1,fixed_300,QSVM_Z,0.7306052855924978,0.7366666666666667,0.8136792452830188,0.7634730538922156,30,0.03333333333333333,1.0,0.06451612903225806,0.5667878872945581,0.6593197228757107,0.8163697235029133,0.29915126726208197,-0.5436551985787842,0.20765882205211533,0.5499649966472837,0.1903198985407528
natural,refit_per_N,tuned_per_N,NSL-KDD-K80n8,100,5,1,fixed_300,SVM_Linear,0.7950062170245656,0.7966666666666666,0.8427835051546392,0.8173652694610778,30,0.1,1.0,0.18181818181818182,0.6235786764064167,0.7717950921737259,0.9715840321601797,0.20135167847225707,-0.7443471013621442,0.4795988161572767,0.8673205008407142,0.17838940716057183
natural,refit_per_N,tuned_per_N,NSL-KDD-K80n8,100,5,1,fixed_300,SVM_Poly2,0.8026997804059703,0.8033333333333333,0.8333020989505248,0.8202917473324028,30,0.1,1.0,0.18181818181818182,0.5748714574229757,0.6625562100766909,0.8392414228282636,0.2552092441115641,-0.5215004195512001,0.4648064704684755,0.6724442991367531,0.1892786494560876
natural,refit_per_N,tuned_per_N,NSL-KDD-K80n8,100,5,1,fixed_300,SVM_RBF,0.7880191567873125,0.79,0.8392857142857143,0.811377245508982,30,0.1,1.0,0.18181818181818182,0.5455703330849578,0.6598340413480004,0.8096157380679218,0.2784785577684586,-0.621506767439581,0.4445802159550436,0.726588069107565,0.23662630500933518
natural,refit_per_N,tuned_per_N,NSL-KDD-K80n8,100,5,1,fixed_300,RandomForest,0.7852925389157273,0.7866666666666666,0.8265526682357462,0.806087073972356,30,0.1,1.0,0.18181818181818182,0.27268333333333333,0.33211677121491806,0.41635,0.10635049365188674,-0.26416666666666666,0.2535977238769219,0.3398333333333333,0.1364153176475754
natural,refit_per_N,tuned_per_N,NSL-KDD-K80n8,100,5,1,fixed_300,XGBoost,0.802541304566093,0.8033333333333333,0.8363044708545557,0.8210571338525956,30,0.3333333333333333,1.0,0.5,0.2863609664638837,0.35958048872949366,0.44975706468025844,0.09497006770171801,-0.25451396107673646,0.3181315474450041,0.36207992434501646,0.1867703569869442
natural,refit_per_N,tuned_per_N,NSL-KDD-K80n8,100,5,1,full_test,QSVM_ZZ,0.5767089588688665,0.6046398154719659,0.7607119845360825,0.6527312397724616,2952,0.0,0.0,0.0,0.3319708122536531,0.5525467634499698,0.5405138083240132,0.35122267722693973,-0.26430145692918156,0.0568508645737203,0.26430145692918156,0.0568508645737203
natural,refit_per_N,tuned_per_N,NSL-KDD-K80n8,100,5,1,full_test,QSVM_Z,0.6822423597388553,0.6908711852377573,0.7859212765000211,0.7276467539893252,2952,0.014227642276422764,1.0,0.028056112224448898,0.46942921616459155,0.702853477859782,0.7904000339705508,0.29939035827468824,-0.6553363333782425,0.25373264958612013,0.6594257948287021,0.24290654257587677
natural,refit_per_N,tuned_per_N,NSL-KDD-K80n8,100,5,1,full_test,SVM_Linear,0.7583717752217918,0.7604684173172462,0.8163255692357498,0.7884901150456163,2952,0.051490514905149054,1.0,0.0979381443298969,0.536340663135536,0.8114647246269518,0.9488819873416694,0.21391418920932959,-0.8438064490222668,0.3633530513338135,0.9007429756275183,0.1808227175518725
natural,refit_per_N,tuned_per_N,NSL-KDD-K80n8,100,5,1,full_test,SVM_Poly2,0.7385103263308124,0.7389105748757985,0.7664326377458832,0.7588824468903032,2952,0.2181571815718157,1.0,0.3581757508342603,0.46515132760553984,0.7103119052934093,0.7995329685594619,0.28575477697012164,-0.40389684440416596,0.590107150203597,0.6764137570011948,0.23199900642154078
natural,refit_per_N,tuned_per_N,NSL-KDD-K80n8,100,5,1,full_test,SVM_RBF,0.7264049309902425,0.7305713271823988,0.8020956255126387,0.7622797965063153,2952,0.04911924119241192,1.0,0.09363900548918308,0.4509480978166044,0.6870837774135801,0.7656535081888078,0.29868546919376426,-0.6845726533041797,0.3418720434753606,0.7302326616371065,0.22864048556703748
natural,refit_per_N,tuned_per_N,NSL-KDD-K80n8,100,5,1,full_test,RandomForest,0.7165581300986414,0.718860894251242,0.7681805258044281,0.7456431572194867,2952,0.04573170731707317,1.0,0.08746355685131195,0.22084634492547908,0.35380147480764623,0.3993239886444287,0.12037002839624748,-0.3179268292682927,0.19024673947749113,0.34787940379403787,0.12748023794420532
natural,refit_per_N,tuned_per_N,NSL-KDD-K80n8,100,5,1,full_test,XGBoost,0.7421582214656481,0.7429471256210078,0.7774116847826087,0.7652839106597724,2952,0.17411924119241193,1.0,0.29659549913444894,0.235878150666898,0.3899443954020265,0.4473627481220926,0.08695806495165921,-0.33419610076359296,0.25020719385863033,0.391252534872875,0.14564383811115914
natural,refit_per_N,tuned_per_N,NSL-KDD-K80n8,100,6,1,fixed_300,QSVM_ZZ,0.6627220992361988,0.6766666666666666,0.7825292397660819,0.7088154518031606,30,0.0,0.0,0.0,0.38123184136489496,0.4853095038159558,0.45082563377554047,0.4214490233651514,-0.052489466095444186,0.02778032740555259,0.052489466095444186,0.02778032740555259
natural,refit_per_N,tuned_per_N,NSL-KDD-K80n8,100,6,1,fixed_300,QSVM_Z,0.8296801772216718,0.83,0.8555555555555555,0.8457746161811714,30,0.3333333333333333,1.0,0.5,0.6548724746134943,0.6021799802707056,0.8333777638716482,0.31138431130922534,-0.25237701998292134,0.45884373982279064,0.418897018377765,0.3142563058782481
natural,refit_per_N,tuned_per_N,NSL-KDD-K80n8,100,6,1,fixed_300,SVM_Linear,0.8260404121504081,0.8266666666666667,0.8594594594594595,0.844311377245509,30,0.16666666666666666,1.0,0.2857142857142857,0.7220587853684305,0.8039624684217799,1.0187689628031122,0.36032532604251666,-0.6856851988008867,0.6757869314671453,0.8114841839714751,0.5180208371875987
natural,refit_per_N,tuned_per_N,NSL-KDD-K80n8,100,6,1,fixed_300,SVM_Poly2,0.7675176046451555,0.77,0.8210041592394534,0.7918824006123092,30,0.0,0.0,0.0,0.5547570708731113,0.7205812490627342,0.8610710169062804,0.29248837246719483,-0.650076390353254,0.26982601093083897,0.650076390353254,0.26982601093083897
natural,refit_per_N,tuned_per_N,NSL-KDD-K80n8,100,6,1,fixed_300,SVM_RBF,0.8159283347650018,0.8166666666666667,0.8504527447651387,0.8345639547971726,30,0.06666666666666667,1.0,0.125,0.6115293786293026,0.6997603016619226,0.8809757388952918,0.2958283424329392,-0.733296440075732,0.5004814681358399,0.7744187058153409,0.43414402801194896
natural,refit_per_N,tuned_per_N,NSL-KDD-K80n8,100,6,1,fixed_300,RandomForest,0.8329695781925082,0.8333333333333334,0.8604392033056316,0.8495340146774121,30,0.26666666666666666,1.0,0.42105263157894735,0.2995,0.2648537269261406,0.3799,0.12459428825859822,-0.16053333333333333,0.22499062696526317,0.25160000000000005,0.11440792513341605
natural,refit_per_N,tuned_per_N,NSL-KDD-K80n8,100,6,1,fixed_300,XGBoost,0.8499583217560434,0.85,0.866188226744186,0.8629733015172663,30,0.36666666666666664,1.0,0.5365853658536586,0.3164012869199117,0.30139899603542636,0.41911110281944275,0.12368109261002555,-0.17234101990858713,0.3160836684553712,0.32666449844837187,0.15132950162083633
natural,refit_per_N,tuned_per_N,NSL-KDD-K80n8,100,6,1,full_test,QSVM_ZZ,0.6268570560977735,0.6425212916962385,0.758052183621502,0.6840132048733931,2952,0.028794037940379404,1.0,0.05597629239380968,0.3414163769140969,0.4710817725017594,0.4091046674464977,0.4136623621772212,-0.07239028370263569,0.07931764769805512,0.07380805848148439,0.07800008278261407
natural,refit_per_N,tuned_per_N,NSL-KDD-K80n8,100,6,1,full_test,QSVM_Z,0.7789097732327435,0.7794535131298793,0.8136258237474825,0.8016961840613026,2952,0.21239837398373984,1.0,0.3503772003352892,0.5697174530875764,0.632909441870749,0.7859367929994803,0.3278043553271218,-0.3631379683211567,0.4264189789264633,0.4716657006895372,0.302049327789606
natural,refit_per_N,tuned_per_N,NSL-KDD-K80n8,100,6,1,full_test,SVM_Linear,0.7695837837307828,0.7708924769339958,0.8174728170612235,0.7966065429781433,2952,0.05860433604336043,1.0,0.11072,0.6247980547013475,0.8487764870564865,0.981502879468227,0.3839872806931458,-0.8233783663711806,0.5225658283680983,0.8893804989743592,0.4000366323603761
natural,refit_per_N,tuned_per_N,NSL-KDD-K80n8,100,6,1,full_test,SVM_Poly2,0.7277018823455867,0.7303495386799148,0.7858023067158959,0.7585526676936343,2952,0.16971544715447154,1.0,0.2901824500434405,0.46161976700814844,0.7508910914116238,0.8309675719763441,0.2939781195560925,-0.5193375708624138,0.4969246136072633,0.6660706706499278,0.2701766936986904
natural,refit_per_N,tuned_per_N,NSL-KDD-K80n8,100,6,1,full_test,SVM_RBF,0.7633793016559306,0.7647711142654364,0.8115195651553724,0.7905533785193624,2952,0.0521680216802168,1.0,0.09916291049581455,0.5163988803112767,0.7235813617979775,0.8256450962126046,0.3294661831330107,-0.7325559737631907,0.4544413570483078,0.7591321854522575,0.40850156266839854
natural,refit_per_N,tuned_per_N,NSL-KDD-K80n8,100,6,1,full_test,RandomForest,0.7863576849310383,0.7869499645138396,0.823029328618833,0.8097713590015534,2952,0.17073170731707318,1.0,0.2916666666666667,0.25261639460610363,0.2889905943706378,0.3607235628105039,0.1311835267546106,-0.22129945799457992,0.18782817286028056,0.2742777777777778,0.09499775389981722
natural,refit_per_N,tuned_per_N,NSL-KDD-K80n8,100,6,1,full_test,XGBoost,0.7947866109396134,0.794889992902768,0.8182902141657693,0.813601552088266,2952,0.22899728997289973,1.0,0.37265711135611906,0.26733413004601275,0.33515698940228167,0.41003462617107744,0.12517727418906496,-0.275247473491805,0.2601452793675123,0.35163652168985626,0.14067158438960642
natural,refit_per_N,tuned_per_N,NSL-KDD-K80n8,100,7,1,fixed_300,QSVM_ZZ,0.7425357965581101,0.7466666666666667,0.8089858793324776,0.7709243167799739,30,0.13333333333333333,1.0,0.23529411764705882,0.48024504388605427,0.5042093086994086,0.5503377274951494,0.42660369765360495,-0.04108601060140204,0.08499434976798917,0.07273545489889956,0.06018017414624144
natural,refit_per_N,tuned_per_N,NSL-KDD-K80n8,100,7,1,fixed_300,QSVM_Z,0.84,0.84,0.8509297195083516,0.8509297195083516,30,0.3333333333333333,1.0,0.5,0.661509205115288,0.5860372599530769,0.8174943535426011,0.3357634292646164,-0.12198623679068961,0.3777661150606776,0.32892541845368795,0.22225199380310987
natural,refit_per_N,tuned_per_N,NSL-KDD-K80n8,100,7,1,fixed_300,SVM_Linear,0.7995634938310098,0.8,0.8256186452481544,0.8157669623159696,30,0.03333333333333333,1.0,0.06451612903225806,1.4454037041249108,1.6385952335643603,1.797713712316707,1.2419386522313962,-0.8844285011155416,0.47916088491498515,0.9038730046261964,0.44138703959904335
natural,refit_per_N,tuned_per_N,NSL-KDD-K80n8,100,7,1,fixed_300,SVM_Poly2,0.7718733225979603,0.7733333333333333,0.8121427542148999,0.792580253027779,30,0.06666666666666667,1.0,0.125,0.539141660703962,0.7445771105110928,0.8722673437681772,0.2902042122355956,-0.7092790084562534,0.3972939949131036,0.7687656001801354,0.26442141027226806
natural,refit_per_N,tuned_per_N,NSL-KDD-K80n8,100,7,1,fixed_300,SVM_RBF,0.8029633422760517,0.8033333333333333,0.8277777777777777,0.8187609742920174,30,0.1,1.0,0.18181818181818182,0.627416463445216,0.6480427590748407,0.8639563549835839,0.2592108270788729,-0.5692776669763194,0.3948823442305419,0.6784054899724338,0.14062403449720712
natural,refit_per_N,tuned_per_N,NSL-KDD-K80n8,100,7,1,fixed_300,RandomForest,0.8230954950544621,0.8233333333333334,0.845966107938847,0.8382558191886903,30,0.13333333333333333,1.0,0.23529411764705882,0.31053333333333333,0.2801277367360985,0.3965,0.13300469916510468,-0.13816666666666666,0.19811395430127807,0.22183333333333338,0.09554652735127996
natural,refit_per_N,tuned_per_N,NSL-KDD-K80n8,100,7,1,fixed_300,XGBoost,0.8465575520370041,0.8466666666666667,0.8662857142857143,0.860744676061411,30,0.16666666666666666,1.0,0.2857142857142857,0.33689184258381527,0.30802311349989264,0.4444532913963,0.10409430251786872,-0.20467726786931356,0.30250333261463763,0.3210603396097819,0.17413014832320203
natural,refit_per_N,tuned_per_N,NSL-KDD-K80n8,100,7,1,full_test,QSVM_ZZ,0.6861122873930423,0.6938431511710433,0.7830952294085873,0.7295682840254957,2952,0.13414634146341464,1.0,0.23655913978494625,0.4318623271039188,0.49071983658434665,0.4935678484869528,0.4286044872944525,-0.021585106867463108,0.14224873237613314,0.08430823678596613,0.11658790636741884
natural,refit_per_N,tuned_per_N,NSL-KDD-K80n8,100,7,1,full_test,QSVM_Z,0.819374373124476,0.8198633782824698,0.8226290751747889,0.828547705378335,2952,0.5528455284552846,1.0,0.7120418848167539,0.6116994102450823,0.5860486252119358,0.7722309273754218,0.3482650634385793,0.032356974277720905,0.42602624260835825,0.35307415471160414,0.24059088604951553
natural,refit_per_N,tuned_per_N,NSL-KDD-K80n8,100,7,1,full_test,SVM_Linear,0.7849724134257685,0.7849982256919801,0.797107353506689,0.7988003499852188,2952,0.1703929539295393,1.0,0.2911722141823444,1.2977548570378823,1.7181295589400694,1.7282519570335069,1.2842437553980421,-0.7449563966836331,0.5349952379990092,0.7909148615925573,0.46436367144028917
natural,refit_per_N,tuned_per_N,NSL-KDD-K80n8,100,7,1,full_test,SVM_Poly2,0.7240894247640779,0.7248491838183109,0.7569311031295245,0.7464312691165712,2952,0.20562330623306233,1.0,0.3411070525428491,0.45594399781434797,0.788183968276154,0.8557813661828573,0.3110581139991015,-0.3951533090208721,0.6747670847325706,0.7540151751313974,0.20716629054989869
natural,refit_per_N,tuned_per_N,NSL-KDD-K80n8,100,7,1,full_test,SVM_RBF,0.7581601503450218,0.7582061745919092,0.7773553502285648,0.7749791743002958,2952,0.21138211382113822,1.0,0.348993288590604,0.5354978303984459,0.664000222614449,0.7928346564732812,0.31474978870266895,-0.5172578162070363,0.36996147317916833,0.5705901830576499,0.2808095138388484
natural,refit_per_N,tuned_per_N,NSL-KDD-K80n8,100,7,1,full_test,RandomForest,0.7708430769261047,0.7708924769339958,0.7907049431835483,0.7880387915824605,2952,0.14498644986449866,1.0,0.2532544378698225,0.2747112313697658,0.2895336527535913,0.3679493435060326,0.15462625045900114,-0.12636517615176152,0.16384077713046355,0.17444105691056913,0.11127567415434308
natural,refit_per_N,tuned_per_N,NSL-KDD-K80n8,100,7,1,full_test,XGBoost,0.8114351031591249,0.8114354151880766,0.8268845176077548,0.8271197949582649,2952,0.23238482384823847,1.0,0.377130291368884,0.3031472775429445,0.3398079489510025,0.44316291191064566,0.10475852022085594,-0.22037408008242687,0.3131721986071953,0.3452289032782643,0.16570626268770702
natural,refit_per_N,tuned_per_N,NSL-KDD-K80n8,100,8,1,fixed_300,QSVM_ZZ,0.6456596227385951,0.6633333333333333,0.7841880341880342,0.6976047904191617,30,0.0,0.0,0.0,0.33575014146458243,0.4651762837166297,0.45049784225163214,0.35520251484544024,-0.1360266660635914,0.013786829574707678,0.1360266660635914,0.013786829574707678
natural,refit_per_N,tuned_per_N,NSL-KDD-K80n8,100,8,1,fixed_300,QSVM_Z,0.7721077796148175,0.7733333333333333,0.808951808951809,0.7918148665075864,30,0.13333333333333333,1.0,0.23529411764705882,0.5681901243278005,0.576898482017875,0.7380007942348301,0.33317668532916545,-0.31523630391219,0.2936317256286376,0.343729777615245,0.2596985898699573
natural,refit_per_N,tuned_per_N,NSL-KDD-K80n8,100,8,1,fixed_300,SVM_Linear,0.8330662393162394,0.8333333333333334,0.8576573248995798,0.8487686281572193,30,0.1,1.0,0.18181818181818182,1.0273026488815897,1.0796039004381772,1.3969107655406223,0.5191682071902799,-0.8878318443025593,0.6192849538230504,0.9884284480168011,0.4413257764287051
natural,refit_per_N,tuned_per_N,NSL-KDD-K80n8,100,8,1,fixed_300,SVM_Poly2,0.7755669446956754,0.7766666666666666,0.8109802431610942,0.7948088784836342,30,0.06666666666666667,1.0,0.125,0.5284142985568794,0.6689506407611084,0.8071495535227534,0.27427400340184677,-0.5402862341495832,0.3324636495726268,0.5883240656039771,0.2373101070959601
natural,refit_per_N,tuned_per_N,NSL-KDD-K80n8,100,8,1,fixed_300,SVM_RBF,0.7927438045997504,0.7933333333333333,0.8213535098781,0.8097789383638738,30,0.1,1.0,0.18181818181818182,0.6063217190388454,0.7168598687289207,0.8995104915187795,0.2690631413254323,-0.743509952237595,0.4425607042501266,0.7960114561217048,0.3391648386046554
natural,refit_per_N,tuned_per_N,NSL-KDD-K80n8,100,8,1,fixed_300,RandomForest,0.8062447107033095,0.8066666666666666,0.83258275685965,0.8225203727882581,30,0.1,1.0,0.18181818181818182,0.29008,0.3098987688477212,0.4053066666666667,0.12613547989716806,-0.2972000000000001,0.15752045369834783,0.3242666666666667,0.08939609735453904
natural,refit_per_N,tuned_per_N,NSL-KDD-K80n8,100,8,1,fixed_300,XGBoost,0.7954644521688592,0.7966666666666666,0.8356459330143541,0.8158344964206925,30,0.0,0.0,0.0,0.28923120776812233,0.34855834391222595,0.4419640022516251,0.09907285890477728,-0.4151031255722046,0.11460969326803853,0.4151031255722046,0.11460969326803853
natural,refit_per_N,tuned_per_N,NSL-KDD-K80n8,100,8,1,full_test,QSVM_ZZ,0.5814657718976455,0.6080997161107168,0.7602097458445869,0.6556074423671986,2952,0.0,0.0,0.0,0.30368629553955623,0.46198858932886516,0.4234577541115514,0.3554466953727584,-0.13822409733246946,0.0258055321216216,0.13822409733246946,0.0258055321216216
natural,refit_per_N,tuned_per_N,NSL-KDD-K80n8,100,8,1,full_test,QSVM_Z,0.7152323557170437,0.7165542938254081,0.7548142780190876,0.7401850196302375,2952,0.24220867208672087,1.0,0.38996454867739294,0.4806725721366418,0.5939132638444166,0.6689709025255585,0.36913008296388206,-0.29296034362362683,0.37075789734947495,0.37290017468673226,0.2902286014535472
natural,refit_per_N,tuned_per_N,NSL-KDD-K80n8,100,8,1,full_test,SVM_Linear,0.7799847177859837,0.7805180979418027,0.8145897430836527,0.8027314809030622,2952,0.04844173441734417,1.0,0.09240710823909531,0.8867606184269922,1.112906101665636,1.2954179584926373,0.5888944713039787,-0.8435320948494659,0.5406655419209635,0.8873058532613908,0.46535357098650537
natural,refit_per_N,tuned_per_N,NSL-KDD-K80n8,100,8,1,full_test,SVM_Poly2,0.7303939602247536,0.7308818310858765,0.7593228939119516,0.7511789661448063,2952,0.20697831978319783,1.0,0.3429694078024137,0.43622970714475584,0.7177126801175737,0.7880368888619288,0.29052660874687924,-0.2963805940196418,0.7191682012111688,0.7158739284896009,0.3042513379651923
natural,refit_per_N,tuned_per_N,NSL-KDD-K80n8,100,8,1,full_test,SVM_RBF,0.7445738447673799,0.7447657913413769,0.76817245348565,0.7631987247633656,2952,0.21104336043360433,1.0,0.34853146853146855,0.5046822861641607,0.7434965042022863,0.8446172312819694,0.30677841245838067,-0.6496300841344074,0.5678217346893185,0.7948430822646747,0.33565643621723634
natural,refit_per_N,tuned_per_N,NSL-KDD-K80n8,100,8,1,full_test,RandomForest,0.749414278411791,0.7499112845990064,0.7801755826518764,0.7708623367105499,2952,0.04878048780487805,1.0,0.09302325581395349,0.24093293115684886,0.3222060713605061,0.37227377572746634,0.1525701990659334,-0.2790819783197832,0.16819970966397532,0.29137330623306235,0.14587491000423486
natural,refit_per_N,tuned_per_N,NSL-KDD-K80n8,100,8,1,full_test,XGBoost,0.7321774642093852,0.7339868701206529,0.7807088433753323,0.7599438187366148,2952,0.014227642276422764,1.0,0.028056112224448898,0.24122076561162875,0.3663946739036297,0.4217210998844601,0.12076352404368082,-0.376890467313247,0.16436012223904445,0.3849720356425619,0.14442024064255468
natural,refit_per_N,tuned_per_N,NSL-KDD-K80n8,100,9,1,fixed_300,QSVM_ZZ,0.50743818100403,0.56,0.7509433962264151,0.6047904191616766,30,0.0,0.0,0.0,0.21396846896422395,0.5617211598514358,0.5270694326019194,0.2889826644496637,-0.37197698588910527,0.018911902254740265,0.37197698588910527,0.018911902254740265
natural,refit_per_N,tuned_per_N,NSL-KDD-K80n8,100,9,1,fixed_300,QSVM_Z,0.7777777777777778,0.78,0.8301710117786211,0.8016298230606456,30,0.1,1.0,0.18181818181818182,0.5089232614318665,0.5998284317679856,0.703612310296877,0.3517481348669529,-0.4820197207012502,0.28436761172232533,0.5254864486463362,0.19254075420708175
natural,refit_per_N,tuned_per_N,NSL-KDD-K80n8,100,9,1,fixed_300,SVM_Linear,0.8028404344193818,0.8033333333333333,0.8304619109703856,0.8195263608122101,30,0.1,1.0,0.18181818181818182,0.8779488983893406,0.9619001843872416,1.1859902572482717,0.538027269401324,-0.7136336881779202,0.39664911523954294,0.7538849904379817,0.31346607905012186
natural,refit_per_N,tuned_per_N,NSL-KDD-K80n8,100,9,1,fixed_300,SVM_Poly2,0.6792181661396953,0.69,0.7822245322245323,0.7200261131871595,30,0.0,0.0,0.0,0.42486915905950356,0.7361354158960206,0.7930777259471526,0.3056744566738119,-0.8969907874655508,0.3855499932579614,0.8969907874655508,0.3855499932579614
natural,refit_per_N,tuned_per_N,NSL-KDD-K80n8,100,9,1,fixed_300,SVM_RBF,0.8023649214484306,0.8033333333333333,0.8394756838905775,0.8218225203727882,30,0.03333333333333333,1.0,0.06451612903225806,0.5238461616607941,0.6649791627643784,0.7840842792185563,0.31909862281100093,-0.7439900582522718,0.2599023680097038,0.7441010665962362,0.2595843800493665
natural,refit_per_N,tuned_per_N,NSL-KDD-K80n8,100,9,1,fixed_300,RandomForest,0.8162071846282373,0.8166666666666667,0.8444309927360775,0.8330331817567871,30,0.1,1.0,0.18181818181818182,0.2718426456461076,0.26314123480363777,0.34803232879982127,0.1483753064227049,-0.15136042985822065,0.20843181867119806,0.2200616583102143,0.13389051237188915
natural,refit_per_N,tuned_per_N,NSL-KDD-K80n8,100,9,1,fixed_300,XGBoost,0.8329695781925082,0.8333333333333334,0.8604392033056316,0.8495340146774121,30,0.2,1.0,0.3333333333333333,0.31311431755622227,0.33624338714728086,0.452099344432354,0.0818924540040825,-0.29394125441710156,0.3157617638904594,0.4134530891974767,0.12314014624230725
natural,refit_per_N,tuned_per_N,NSL-KDD-K80n8,100,9,1,full_test,QSVM_ZZ,0.47466887582217976,0.5317157558552165,0.738904423048425,0.5886400501333388,2952,0.0,0.0,0.0,0.195436952498716,0.5680118567299783,0.5293801001075027,0.2838833940159117,-0.3755354411808155,0.051370209949904266,0.3755354411808155,0.051370209949904266
natural,refit_per_N,tuned_per_N,NSL-KDD-K80n8,100,9,1,full_test,QSVM_Z,0.7268730157243452,0.7306156848828956,0.7977541973356044,0.7614294159416439,2952,0.11314363143631437,1.0,0.20328667072428486,0.44574977329389565,0.6086912491406652,0.6633177847286009,0.3594543276060592,-0.46975376072787534,0.3215739742831029,0.524160946904904,0.2221119501376863
natural,refit_per_N,tuned_per_N,NSL-KDD-K80n8,100,9,1,full_test,SVM_Linear,0.7513630924124607,0.751818665720369,0.7814706058905457,0.7725627568065974,2952,0.036585365853658534,1.0,0.07058823529411765,0.7608423100116048,0.9759433945777296,1.10545964671775,0.5561524068116264,-0.694234794737731,0.3582802426620271,0.713862177931632,0.31737591815575306
natural,refit_per_N,tuned_per_N,NSL-KDD-K80n8,100,9,1,full_test,SVM_Poly2,0.6604182213339606,0.667805180979418,0.7435868965745289,0.7016871791774411,2952,0.16937669376693767,1.0,0.28968713789107764,0.3755390906122272,0.737741151559045,0.7692783705708556,0.3057816277237301,-0.5485336076133926,0.7089237177629734,0.8451025655372513,0.2987701625172691
natural,refit_per_N,tuned_per_N,NSL-KDD-K80n8,100,9,1,full_test,SVM_RBF,0.762595585435178,0.7631742370475515,0.796273238747921,0.7850672842242017,2952,0.15887533875338752,1.0,0.2741888336743642,0.44660064854475473,0.6683562844313814,0.7201318495696736,0.35715876225409665,-0.6594395070873899,0.3693415144444601,0.664025374892106,0.3610317427861227
natural,refit_per_N,tuned_per_N,NSL-KDD-K80n8,100,9,1,full_test,RandomForest,0.7817303449516613,0.7822924059616749,0.8171743137617598,0.804753423177873,2952,0.07113821138211382,1.0,0.13282732447817835,0.24171269821836242,0.2685624676159337,0.326949318844093,0.15380172430549727,-0.17680821311751993,0.16261141839805696,0.20557486980220388,0.12426822009285081
natural,refit_per_N,tuned_per_N,NSL-KDD-K80n8,100,9,1,full_test,XGBoost,0.7864748088282427,0.7869943222143364,0.8214929058391516,0.8093468608161996,2952,0.09349593495934959,1.0,0.17100371747211895,0.26346714069671545,0.36568698049355775,0.44002000162889554,0.09759252069654355,-0.37359206663156913,0.22265851045494028,0.41956000347043765,0.1145305549447217
natural,refit_per_N,tuned_per_N,NSL-KDD-K80n8,100,10,1,fixed_300,QSVM_ZZ,0.5316591068333518,0.5766666666666667,0.7557692307692307,0.6197604790419162,30,0.1,1.0,0.18181818181818182,0.28333080280411194,0.595366521681812,0.5755924570010632,0.3216068444554644,-0.29211160673804115,0.14982006771339906,0.32173848198217125,0.06526555517679722
natural,refit_per_N,tuned_per_N,NSL-KDD-K80n8,100,10,1,fixed_300,QSVM_Z,0.8160760664801417,0.8166666666666667,0.8473575712143928,0.83379856827698,30,0.5,1.0,0.6666666666666666,0.5186918229281201,0.5733544709428287,0.6585198958663343,0.40512726799219456,-0.1600474328849995,0.3983286008119044,0.3260053522693048,0.2792872451251836
natural,refit_per_N,tuned_per_N,NSL-KDD-K80n8,100,10,1,fixed_300,SVM_Linear,0.8363593859580768,0.8366666666666667,0.8625,0.85252802665346,30,0.1,1.0,0.18181818181818182,0.7408731586104245,0.8372768178461688,1.062941740222849,0.3465261371729633,-0.8629770665058447,0.5637736479723006,0.9252128649345593,0.4544791502617182
natural,refit_per_N,tuned_per_N,NSL-KDD-K80n8,100,10,1,fixed_300,SVM_Poly2,0.7891542743671839,0.79,0.8221561969439728,0.8075503129080186,30,0.1,1.0,0.18181818181818182,0.725765319705984,0.8945876314033023,0.9913669533634021,0.5866974461565908,-0.5497508572261302,0.3880445295074484,0.6038582427766332,0.2969171341169766
natural,refit_per_N,tuned_per_N,NSL-KDD-K80n8,100,10,1,fixed_300,SVM_RBF,0.813034188034188,0.8133333333333334,0.8368807424165474,0.8285083967403539,30,0.1,1.0,0.18181818181818182,0.5326748961732541,0.6716726673423064,0.804323303500921,0.2965649010137256,-0.6634618789786867,0.4957885609564409,0.7490808389262781,0.35336363534847737
natural,refit_per_N,tuned_per_N,NSL-KDD-K80n8,100,10,1,fixed_300,RandomForest,0.8365776922991406,0.8366666666666667,0.8548166392993979,0.8502318670928819,30,0.26666666666666666,1.0,0.42105263157894735,0.28758333333333336,0.2819874283052743,0.37938333333333335,0.13523819623990194,-0.18299999999999997,0.24193525304648486,0.27366666666666656,0.13087483418221482
natural,refit_per_N,tuned_per_N,NSL-KDD-K80n8,100,10,1,fixed_300,XGBoost,0.8298468621759583,0.83,0.8503482404692082,0.8442438431407862,30,0.23333333333333334,1.0,0.3783783783783784,0.3066209770242373,0.30847891031937413,0.4223135877648989,0.10405236783593808,-0.20790337125460306,0.29373114052477833,0.3236248870690664,0.1573808348006531
natural,refit_per_N,tuned_per_N,NSL-KDD-K80n8,100,10,1,full_test,QSVM_ZZ,0.49022831358495517,0.5420954577714692,0.7413671055051398,0.597732118153866,2952,0.08062330623306233,1.0,0.14921630094043886,0.2518148386863449,0.5876997237382936,0.5539630543965979,0.3192594753931174,-0.29817128089428424,0.14174769669023882,0.3141430935838005,0.10155116454637869
natural,refit_per_N,tuned_per_N,NSL-KDD-K80n8,100,10,1,full_test,QSVM_Z,0.7582148832114963,0.7595369056068133,0.8043235480718118,0.7848285207958452,2952,0.412940379403794,1.0,0.5845121074082954,0.4539771604977129,0.5685494019357132,0.5975763650097273,0.41502550846518405,-0.14718971370129583,0.39611021334641994,0.31413599061170355,0.2826423399620437
natural,refit_per_N,tuned_per_N,NSL-KDD-K80n8,100,10,1,full_test,SVM_Linear,0.78515179291118,0.785707948899929,0.820861639935345,0.8082545391952896,2952,0.047764227642276426,1.0,0.09117361784675072,0.639114112098652,0.870780491565593,1.0117118594498278,0.3783710166271145,-0.8982931592222029,0.4492495221597202,0.9338620566629432,0.3696720062317415
natural,refit_per_N,tuned_per_N,NSL-KDD-K80n8,100,10,1,full_test,SVM_Poly2,0.7391711852791463,0.7395315826827538,0.7663320552175625,0.7592400263187832,2952,0.21239837398373984,1.0,0.3503772003352892,0.6016989998573762,0.8995268518777801,0.9336389194094469,0.5472737997040209,-0.3079355081513998,0.6228792656788671,0.632705846218805,0.28720405455642756
natural,refit_per_N,tuned_per_N,NSL-KDD-K80n8,100,10,1,full_test,SVM_RBF,0.7636358282448726,0.7636621717530163,0.7818935330523112,0.7800846553769881,2952,0.21510840108401083,1.0,0.3540563144689155,0.44808362260527995,0.6920809362783417,0.7622695729638752,0.31416564634034744,-0.5917524905898363,0.5628385088817769,0.741833980251879,0.34152678217555793
natural,refit_per_N,tuned_per_N,NSL-KDD-K80n8,100,10,1,full_test,RandomForest,0.7884930996395083,0.7886799148332151,0.8147131998171405,0.8082971763815296,2952,0.17953929539295393,1.0,0.3044227455485353,0.2518346344925479,0.29179796991803636,0.35379080908445704,0.15296666887151503,-0.19049119241192408,0.2135241443503038,0.24802168021680215,0.1427049429749383
natural,refit_per_N,tuned_per_N,NSL-KDD-K80n8,100,10,1,full_test,XGBoost,0.8117824904392893,0.8117902767920511,0.8256271776379358,0.8267550899399888,2952,0.31029810298102983,1.0,0.4736297828335057,0.2732630293813684,0.3256138103567656,0.40928798017136336,0.11480586225877148,-0.20133133715165016,0.28406114816895955,0.31777823239887953,0.1422745171553315
natural,refit_per_N,tuned_per_N,NSL-KDD-K80n8,200,1,2,fixed_300,QSVM_ZZ,0.7917692893287358,0.7933333333333333,0.8372960147208368,0.8136058709648373,30,0.23333333333333334,1.0,0.3783783783783784,0.5106138111817826,0.5090252195450122,0.5749319512949749,0.4350705571313529,-0.05325608005733557,0.06870555974058978,0.0719031045310076,0.04885291763184756
natural,refit_per_N,tuned_per_N,NSL-KDD-K80n8,200,1,2,fixed_300,QSVM_Z,0.8160760664801417,0.8166666666666667,0.8473575712143928,0.83379856827698,30,0.26666666666666666,1.0,0.42105263157894735,0.6677652054357925,0.6602115571929336,0.8809983307432502,0.3250101707169044,-0.39220376573575244,0.4730600378796487,0.5500283455140917,0.27400440220374284
natural,refit_per_N,tuned_per_N,NSL-KDD-K80n8,200,1,2,fixed_300,SVM_Linear,0.8197115384615384,0.82,0.8438062699108915,0.8352618072126423,30,0.1,1.0,0.18181818181818182,0.7538641003154697,0.7844571414993702,1.0344658361771482,0.336993356575659,-0.7796075198946928,0.3889828053221615,0.822132356178983,0.2884335223864354
natural,refit_per_N,tuned_per_N,NSL-KDD-K80n8,200,1,2,fixed_300,SVM_Poly2,0.7780667144906743,0.78,0.8263736263736263,0.8008644365404529,30,0.23333333333333334,1.0,0.3783783783783784,1.1238083780809498,1.4036444033556328,1.5409806566293855,0.9265751440712153,-0.6274435471933562,1.0649824998433512,1.0640950110399756,0.628947483790983
natural,refit_per_N,tuned_per_N,NSL-KDD-K80n8,200,1,2,fixed_300,SVM_RBF,0.8329695781925082,0.8333333333333334,0.8604392033056316,0.8495340146774121,30,0.3333333333333333,1.0,0.5,0.753272404507121,0.8393504825380651,1.0751206262683988,0.34065258974660495,-0.6822176377836786,0.8600726211487604,1.0063090877457228,0.4387343602605263
natural,refit_per_N,tuned_per_N,NSL-KDD-K80n8,200,1,2,fixed_300,RandomForest,0.8092348196655473,0.81,0.8433786078098472,0.827810544324884,30,0.13333333333333333,1.0,0.23529411764705882,0.30875,0.3148841387452428,0.42521666666666663,0.11691607982746523,-0.2631666666666666,0.22473496736279286,0.3175,0.13768169813014366
natural,refit_per_N,tuned_per_N,NSL-KDD-K80n8,200,1,2,fixed_300,XGBoost,0.8129259275756091,0.8133333333333334,0.8395468684711453,0.8292737832605466,30,0.13333333333333333,1.0,0.23529411764705882,0.3118649532397588,0.359456265522396,0.4697391519943873,0.0762475243279288,-0.36186552345752715,0.29480886116411975,0.4636098692814509,0.0540815198835181
natural,refit_per_N,tuned_per_N,NSL-KDD-K80n8,200,1,2,full_test,QSVM_ZZ,0.7234553796691969,0.7265791341376863,0.7861498013444956,0.7557920352644797,2952,0.14261517615176153,1.0,0.24962941002075303,0.45728526817366716,0.5077188623550837,0.5217049978514722,0.4412620025524502,-0.08253959740250597,0.12376161188376011,0.0935187298359805,0.11568910443641237
natural,refit_per_N,tuned_per_N,NSL-KDD-K80n8,200,1,2,full_test,QSVM_Z,0.7501877872135865,0.7512863733144074,0.7914838921971101,0.7753394338492621,2952,0.19444444444444445,1.0,0.32558139534883723,0.5552457453542049,0.7330995935446014,0.85216677057011,0.34575229127992174,-0.5760920341587044,0.5232794843267184,0.699327513672953,0.3415325448011592
natural,refit_per_N,tuned_per_N,NSL-KDD-K80n8,200,1,2,full_test,SVM_Linear,0.7673593865376209,0.7676987224982257,0.7962543783866743,0.7881019669973975,2952,0.0508130081300813,1.0,0.09671179883945841,0.659861431099874,0.805510992933413,0.9698308983126434,0.3790687228825905,-0.7355770718278818,0.3268914659349724,0.7547083347672682,0.27990532065827756
natural,refit_per_N,tuned_per_N,NSL-KDD-K80n8,200,1,2,full_test,SVM_Poly2,0.7152135568517762,0.7185060326472675,0.7776924879372682,0.7477364436596987,2952,0.13922764227642276,1.0,0.24442462087421946,0.8896509049690379,1.5031484017459094,1.4971205693827605,0.8997576624372529,-0.9399728230726538,0.8891496267455379,1.1684925165162745,0.5556628525485289
natural,refit_per_N,tuned_per_N,NSL-KDD-K80n8,200,1,2,full_test,SVM_RBF,0.7589108030023004,0.7602022711142654,0.8046486885971988,0.7854004256079479,2952,0.16361788617886178,1.0,0.2812227074235808,0.5990538736753607,0.9394935465440006,1.051991031169535,0.3671900569216676,-0.9814566186282683,0.7542470399984628,1.1771164929070768,0.3828086385151473
natural,refit_per_N,tuned_per_N,NSL-KDD-K80n8,200,1,2,full_test,RandomForest,0.7542780593026785,0.7555003548616039,0.7981555459154872,0.7802307941623092,2952,0.04607046070460705,1.0,0.08808290155440414,0.25639349716110715,0.3394377185769172,0.4048658179559972,0.1305345150909386,-0.31295901084010835,0.16361968639247945,0.33092649051490514,0.12329802154406536
natural,refit_per_N,tuned_per_N,NSL-KDD-K80n8,200,1,2,full_test,XGBoost,0.7443483177424168,0.7450762952448545,0.7788199576265906,0.7671791410106316,2952,0.04403794037940379,1.0,0.08436080467229072,0.25201976792906683,0.3904981397492838,0.4557396337717793,0.09112709138470534,-0.40669983295284634,0.18827559152101686,0.4389573773091563,0.09038182003217744
natural,refit_per_N,tuned_per_N,NSL-KDD-K80n8,200,2,2,fixed_300,QSVM_ZZ,0.7157501797965731,0.7233333333333334,0.8078703703703703,0.7514970059880239,30,0.0,0.0,0.0,0.5299026949978155,0.5389483650338749,0.6400496070295134,0.40199341646350406,-0.14290065885952252,0.04638023249367822,0.14290065885952252,0.04638023249367822
natural,refit_per_N,tuned_per_N,NSL-KDD-K80n8,200,2,2,fixed_300,QSVM_Z,0.8733277034534868,0.8733333333333333,0.8828282828282827,0.8839313853496016,30,0.36666666666666664,1.0,0.5365853658536586,0.7042325688243191,0.5815121135810456,0.8577942458158384,0.31351057570619734,-0.16154667255815394,0.5138223470329393,0.44258984690546427,0.30696084300973514
natural,refit_per_N,tuned_per_N,NSL-KDD-K80n8,200,2,2,fixed_300,SVM_Linear,0.8063568376068376,0.8066666666666666,0.8299552149222033,0.8217549862680653,30,0.1,1.0,0.18181818181818182,1.089292477360377,1.1980013207719504,1.4541082410190271,0.7122741671616314,-0.9782331308559454,0.5637883744461689,1.078275779298022,0.3348413553373031
natural,refit_per_N,tuned_per_N,NSL-KDD-K80n8,200,2,2,fixed_300,SVM_Poly2,0.8090644156366193,0.81,0.8465995440729484,0.8285759308450767,30,0.1,1.0,0.18181818181818182,0.6359751974768961,0.734779355626664,0.924179232447164,0.30042952513739934,-0.6674759745366773,0.4701236165390002,0.7468336297203528,0.3298180118339789
natural,refit_per_N,tuned_per_N,NSL-KDD-K80n8,200,2,2,fixed_300,SVM_RBF,0.8261722232126939,0.8266666666666667,0.8563822334314137,0.8435459907253162,30,0.1,1.0,0.18181818181818182,0.5960644167881572,0.642263186493573,0.8303272174227923,0.2799133824825229,-0.5942543769169129,0.4314964419442421,0.6913724268127519,0.24765219833164173
natural,refit_per_N,tuned_per_N,NSL-KDD-K80n8,200,2,2,fixed_300,RandomForest,0.8261722232126939,0.8266666666666667,0.8563822334314137,0.8435459907253162,30,0.1,1.0,0.18181818181818182,0.3204,0.29960808845334375,0.4228666666666667,0.11664025415305339,-0.24833333333333335,0.2415654960645019,0.32699999999999996,0.11443047379668292
natural,refit_per_N,tuned_per_N,NSL-KDD-K80n8,200,2,2,fixed_300,XGBoost,0.8159283347650018,0.8166666666666667,0.8504527447651387,0.8345639547971726,30,0.1,1.0,0.18181818181818182,0.3173355755209923,0.3511736199942196,0.46822988500197726,0.06917769627646657,-0.34040234287579857,0.28391822514652926,0.4367430031299591,0.07575528247398021
natural,refit_per_N,tuned_per_N,NSL-KDD-K80n8,200,2,2,full_test,QSVM_ZZ,0.6526968998273599,0.6652324343506033,0.775067690179611,0.7050640587714153,2952,0.0006775067750677507,1.0,0.0013540961408259986,0.4631988400522679,0.5712115209331539,0.6134715798206057,0.40557168025509827,-0.2769574249388087,0.30054939751322063,0.2782628141701753,0.2993412130402199
natural,refit_per_N,tuned_per_N,NSL-KDD-K80n8,200,2,2,full_test,QSVM_Z,0.8441482073810158,0.8441713981547196,0.8567141394033826,0.8589551728423744,2952,0.2967479674796748,1.0,0.45768025078369906,0.6150662720217156,0.6279468665908913,0.8097591208333711,0.3419268232636565,-0.36800672687800684,0.5263244583524247,0.5287825881126161,0.36446585710647905
natural,refit_per_N,tuned_per_N,NSL-KDD-K80n8,200,2,2,full_test,SVM_Linear,0.7583019632869386,0.7583392476933996,0.7770382778252312,0.7749206971205227,2952,0.21612466124661248,1.0,0.3554317548746518,0.9581902910442155,1.2193040013283234,1.3530229690793887,0.7577332819998432,-0.8391775660674307,0.6119213188489627,0.9401366295658844,0.44137263802960164
natural,refit_per_N,tuned_per_N,NSL-KDD-K80n8,200,2,2,full_test,SVM_Poly2,0.7486628778164224,0.7500887154009936,0.7947469111231857,0.7753897422785709,2952,0.07757452574525746,1.0,0.14397988054071048,0.5236602532158879,0.7504975111135904,0.8486866376806578,0.3423413004709213,-0.5469049601374626,0.43289967977088734,0.5927493870338465,0.3676347811887438
natural,refit_per_N,tuned_per_N,NSL-KDD-K80n8,200,2,2,full_test,SVM_RBF,0.7720806489444554,0.7729772888573456,0.8130594559683886,0.7969471710457628,2952,0.04708672086720867,1.0,0.08993853121967,0.5031506978677018,0.6611530861364174,0.7628781839931323,0.32909102761972203,-0.6060959811555021,0.37128402191543575,0.6443345347122895,0.30006194473749925
natural,refit_per_N,tuned_per_N,NSL-KDD-K80n8,200,2,2,full_test,RandomForest,0.7850767616084162,0.7856635911994322,0.8214700520375149,0.8084034664293203,2952,0.051829268292682924,1.0,0.09855072463768116,0.27479772888573456,0.3217847506166281,0.40261754790631654,0.1302241438753511,-0.3089617208672087,0.18518159500394182,0.3435213414634147,0.10836353652685474
natural,refit_per_N,tuned_per_N,NSL-KDD-K80n8,200,2,2,full_test,XGBoost,0.7743813124925183,0.775195173882186,0.8141081569830368,0.7988326438322166,2952,0.053184281842818426,1.0,0.10099710517851399,0.2756456269851553,0.3768301660712874,0.4597344575324238,0.08139849073982558,-0.3854561118070834,0.21523141605958285,0.4338522244012614,0.08168980334488211
natural,refit_per_N,tuned_per_N,NSL-KDD-K80n8,200,3,2,fixed_300,QSVM_ZZ,0.7006571779197395,0.71,0.8022727272727272,0.7395209580838323,30,0.0,0.0,0.0,0.47957097468922577,0.5667088668238591,0.6629083602643514,0.3342151483592349,-0.29507091040118316,0.05186437121622801,0.29507091040118316,0.05186437121622801
natural,refit_per_N,tuned_per_N,NSL-KDD-K80n8,200,3,2,fixed_300,QSVM_Z,0.8021705357043064,0.8033333333333333,0.8428229665071771,0.8225879068929809,30,0.13333333333333333,1.0,0.23529411764705882,0.6425947961985213,0.6936671079169833,0.9042966251590313,0.2763145715182562,-0.6198300886437927,0.46443521021708356,0.7422242477264385,0.22134265148064192
natural,refit_per_N,tuned_per_N,NSL-KDD-K80n8,200,3,2,fixed_300,SVM_Linear,0.8193496587715776,0.82,0.8524089306698003,0.8375579667732205,30,0.1,1.0,0.18181818181818182,0.7578627241833353,0.7897930732433087,1.0501632102949745,0.30868469186639286,-0.8408787110971733,0.49521893908515435,0.9272308170701374,0.30423973488108713
natural,refit_per_N,tuned_per_N,NSL-KDD-K80n8,200,3,2,fixed_300,SVM_Poly2,0.7994294883223391,0.8,0.8283592545887628,0.8165323488361622,30,0.1,1.0,0.18181818181818182,0.627765663935968,0.7647419339942952,0.9381148674264688,0.3144208166450189,-0.6487001056320624,0.49946311205670996,0.7730690290579163,0.26951716766075057
natural,refit_per_N,tuned_per_N,NSL-KDD-K80n8,200,3,2,fixed_300,SVM_RBF,0.8261722232126939,0.8266666666666667,0.8563822334314137,0.8435459907253162,30,0.1,1.0,0.18181818181818182,0.6265196555541089,0.6839806496826566,0.8903403648971903,0.2600969868543011,-0.7165305145231708,0.5143583310135142,0.8502331946611859,0.23469977763534786
natural,refit_per_N,tuned_per_N,NSL-KDD-K80n8,200,3,2,fixed_300,RandomForest,0.8227642095172276,0.8233333333333334,0.8543853073463268,0.8405519787492683,30,0.1,1.0,0.18181818181818182,0.3100833333333333,0.2983341131274725,0.41281666666666667,0.12139734918394589,-0.2768333333333333,0.20461135246011047,0.3301666666666667,0.09742931910991794
natural,refit_per_N,tuned_per_N,NSL-KDD-K80n8,200,3,2,fixed_300,XGBoost,0.8090644156366193,0.81,0.8465995440729484,0.8285759308450767,30,0.1,1.0,0.18181818181818182,0.30719588150580723,0.34406345905054514,0.45226419498523074,0.09058736888947193,-0.34933064778645834,0.23893839556330415,0.41834845940272014,0.06409387546905891
natural,refit_per_N,tuned_per_N,NSL-KDD-K80n8,200,3,2,full_test,QSVM_ZZ,0.6296811333517557,0.6466022001419447,0.7733710508182265,0.6894265026025294,2952,0.011178861788617886,1.0,0.022110552763819097,0.4000088115656036,0.5895563482532855,0.6241018962001522,0.34362852072441574,-0.35939078465465585,0.22222742285495406,0.3662107678368313,0.21079951869917127
natural,refit_per_N,tuned_per_N,NSL-KDD-K80n8,200,3,2,full_test,QSVM_Z,0.7349719952373158,0.7376685592618879,0.7954221742284804,0.7663342089543741,2952,0.08197831978319783,1.0,0.15153412648716344,0.5255231229075676,0.7436390685414481,0.8522265786826799,0.32075454097881306,-0.7062094239093563,0.39528370705550936,0.7582184709913831,0.2829941867413885
natural,refit_per_N,tuned_per_N,NSL-KDD-K80n8,200,3,2,full_test,SVM_Linear,0.7833916573077756,0.7841997870830376,0.8242777396949694,0.8081573727911906,2952,0.05013550135501355,1.0,0.09548387096774194,0.6479303383921546,0.8313427346362873,1.0028538978190433,0.32438946572085875,-0.9308131695872964,0.39104365574775896,0.9711727372764335,0.27595617722515403
natural,refit_per_N,tuned_per_N,NSL-KDD-K80n8,200,3,2,full_test,SVM_Poly2,0.7417142995283759,0.7420156139105749,0.767786359816893,0.7613467454586782,2952,0.21341463414634146,1.0,0.35175879396984927,0.5094760844173712,0.7943387477515146,0.8849194411447513,0.3278071223398934,-0.3813034094206385,0.716418805967401,0.7556666987571724,0.296000060758434
natural,refit_per_N,tuned_per_N,NSL-KDD-K80n8,200,3,2,full_test,SVM_RBF,0.775706753637289,0.7764815471965933,0.8148490661775034,0.7999625433101252,2952,0.046747967479674794,1.0,0.08932038834951456,0.5262088088957103,0.7054764414690469,0.8217323502290835,0.315196231916339,-0.7208824424996715,0.4201671213424914,0.7752353291744676,0.3085807676464672
natural,refit_per_N,tuned_per_N,NSL-KDD-K80n8,200,3,2,full_test,RandomForest,0.7714385184707357,0.772444996451384,0.8143440724574109,0.7969180347658649,2952,0.03997289972899729,1.0,0.07687296416938111,0.26393275372604685,0.3172516689535424,0.3880731014904188,0.14038656574911043,-0.30598746612466127,0.1562794650117711,0.328104674796748,0.10197510964091362
natural,refit_per_N,tuned_per_N,NSL-KDD-K80n8,200,3,2,full_test,XGBoost,0.746984425145727,0.7488910574875799,0.799693909209197,0.7757907773732,2952,0.04573170731707317,1.0,0.08746355685131195,0.2568376127701858,0.3648983756603488,0.4312484590528365,0.11463485707934977,-0.36540153069386316,0.1735143807082928,0.39686460764750553,0.0782560038769682
natural,refit_per_N,tuned_per_N,NSL-KDD-K80n8,200,4,2,fixed_300,QSVM_ZZ,0.6696762827571019,0.6833333333333333,0.7916666666666667,0.7155688622754491,30,0.03333333333333333,1.0,0.06451612903225806,0.4927335419717256,0.5838320101975344,0.6639376031091561,0.37793255839232076,-0.22479391720665357,0.1105687723381231,0.2384429382450053,0.07682918605946638
natural,refit_per_N,tuned_per_N,NSL-KDD-K80n8,200,4,2,fixed_300,QSVM_Z,0.8227642095172276,0.8233333333333334,0.8543853073463268,0.8405519787492683,30,0.13333333333333333,1.0,0.23529411764705882,0.6816635921259541,0.6434540599090364,0.8964095881092135,0.27413177559223356,-0.4084713212360174,0.49389788177169747,0.574270890965881,0.2845995110328207
natural,refit_per_N,tuned_per_N,NSL-KDD-K80n8,200,4,2,fixed_300,SVM_Linear,0.8227642095172276,0.8233333333333334,0.8543853073463268,0.8405519787492683,30,0.13333333333333333,1.0,0.23529411764705882,0.7492042425272727,0.7802407682713615,1.0322975074637353,0.3231787579308213,-0.6882060943765552,0.601912812524166,0.7941441665208937,0.45305816955289424
natural,refit_per_N,tuned_per_N,NSL-KDD-K80n8,200,4,2,fixed_300,SVM_Poly2,0.8092348196655473,0.81,0.8433786078098472,0.827810544324884,30,0.1,1.0,0.18181818181818182,0.6286663487922021,0.6883656806863601,0.8839379299025666,0.29617971660814335,-0.5556800384035129,0.4365933395161136,0.6171958184838702,0.34418508223917466
natural,refit_per_N,tuned_per_N,NSL-KDD-K80n8,200,4,2,fixed_300,SVM_RBF,0.8261722232126939,0.8266666666666667,0.8563822334314137,0.8435459907253162,30,0.1,1.0,0.18181818181818182,0.580958470509931,0.6312954911382371,0.8123257192254623,0.27599577437624256,-0.5780090400795702,0.4887633460029728,0.6885227897096812,0.3145161790117099
natural,refit_per_N,tuned_per_N,NSL-KDD-K80n8,200,4,2,fixed_300,RandomForest,0.8193496587715776,0.82,0.8524089306698003,0.8375579667732205,30,0.1,1.0,0.18181818181818182,0.3168666666666667,0.28104480465260734,0.4052,0.12330298725767623,-0.19366666666666665,0.22863702431777952,0.27366666666666667,0.12201730296241686
natural,refit_per_N,tuned_per_N,NSL-KDD-K80n8,200,4,2,fixed_300,XGBoost,0.8328579069352826,0.8333333333333334,0.8633879781420766,0.8502994011976048,30,0.13333333333333333,1.0,0.23529411764705882,0.31934973428646724,0.3072298489441904,0.43437542269627255,0.08770647084760533,-0.24744160572687784,0.27805218190916037,0.34516307910283406,0.13929398024821885
natural,refit_per_N,tuned_per_N,NSL-KDD-K80n8,200,4,2,full_test,QSVM_ZZ,0.6154260000466272,0.634403832505323,0.7646309618775237,0.6781733226375662,2952,0.04234417344173442,1.0,0.08124796880077997,0.42104716389422764,0.5829331378598795,0.6137472657279555,0.3747079546126509,-0.2463716818254554,0.16422941150679768,0.28079540523604907,0.09393745582937367
natural,refit_per_N,tuned_per_N,NSL-KDD-K80n8,200,4,2,full_test,QSVM_Z,0.7618086130370394,0.7631742370475515,0.8092424042449202,0.788787492067064,2952,0.10873983739837398,1.0,0.19615032080659944,0.5770480903981049,0.697596342487761,0.8552713541715421,0.29687719080114156,-0.5310695901216359,0.4444450207067544,0.6213408947220055,0.3057806052205525
natural,refit_per_N,tuned_per_N,NSL-KDD-K80n8,200,4,2,full_test,SVM_Linear,0.7773469966999329,0.7783445706174592,0.821015429638825,0.8030143820641586,2952,0.05420054200542006,1.0,0.10282776349614396,0.6498069907918432,0.831801543926221,0.9979555168005225,0.3438425806199657,-0.8166138431710769,0.4927213950724359,0.8705789383856509,0.38951874673765896
natural,refit_per_N,tuned_per_N,NSL-KDD-K80n8,200,4,2,full_test,SVM_Poly2,0.7550792668388014,0.755722143364088,0.7891961392674386,0.7777325246655541,2952,0.21070460704607047,1.0,0.3480693900391718,0.5302120895109936,0.7413584122725249,0.8519843232438084,0.3238207347555783,-0.4173102558379264,0.5074678251399836,0.5822154667728994,0.304461152579825
natural,refit_per_N,tuned_per_N,NSL-KDD-K80n8,200,4,2,full_test,SVM_RBF,0.7726709696789311,0.7735539389638041,0.8134780605459654,0.7974787296129393,2952,0.048102981029810296,1.0,0.09179056237879767,0.4933328302083703,0.6511228389456837,0.7511481726534928,0.3211147076628633,-0.5854793903512473,0.418506040333307,0.6359005523846991,0.3369924476874318
natural,refit_per_N,tuned_per_N,NSL-KDD-K80n8,200,4,2,full_test,RandomForest,0.7749516042425997,0.7757718239886444,0.8148807331089547,0.7994644100180561,2952,0.05453929539295393,1.0,0.10343719884355927,0.2739830997161107,0.30573164715321227,0.388757762597587,0.1319317286371357,-0.25564871273712736,0.1769391045507187,0.28712228997289974,0.11926651518376194
natural,refit_per_N,tuned_per_N,NSL-KDD-K80n8,200,4,2,full_test,XGBoost,0.7834511078312068,0.7840667139815471,0.8202833999232062,0.8069256768806781,2952,0.05589430894308943,1.0,0.10587102983638114,0.27652056099327427,0.33852428433765236,0.4272317003545988,0.09238715251848124,-0.31575946954046163,0.2131587313676321,0.3588773056178235,0.1278583860183733
natural,refit_per_N,tuned_per_N,NSL-KDD-K80n8,200,5,2,fixed_300,QSVM_ZZ,0.6968444260713793,0.7066666666666667,0.8009049773755657,0.7365269461077845,30,0.03333333333333333,1.0,0.06451612903225806,0.4801099655046969,0.560786950191938,0.6239252962808807,0.3945944844309303,-0.19014111766527916,0.06827461764265678,0.1945572900706977,0.0544291183246515
natural,refit_per_N,tuned_per_N,NSL-KDD-K80n8,200,5,2,fixed_300,QSVM_Z,0.846496106785317,0.8466666666666667,0.8688163152817969,0.8615100625816037,30,0.4,1.0,0.5714285714285714,0.6870362056287975,0.6381892053167656,0.8835704828348014,0.31401817063784077,-0.24017306530619645,0.48631108548328406,0.49985487997775196,0.21053900380910806
natural,refit_per_N,tuned_per_N,NSL-KDD-K80n8,200,5,2,fixed_300,SVM_Linear,0.8023649214484306,0.8033333333333333,0.8394756838905775,0.8218225203727882,30,0.1,1.0,0.18181818181818182,2.1518267896801855,2.4167724505694452,2.962226929049579,1.3024435617063324,-1.8525980957302122,1.0484050091247303,1.927613649976955,0.9030937846555895
natural,refit_per_N,tuned_per_N,NSL-KDD-K80n8,200,5,2,fixed_300,SVM_Poly2,0.8028404344193818,0.8033333333333333,0.8304619109703856,0.8195263608122101,30,0.1,1.0,0.18181818181818182,0.646037928736307,0.7401482056763327,0.9453609423763195,0.26735194100875737,-0.6416575419331998,0.7195744060598525,0.9022262163795125,0.3398522935830424
natural,refit_per_N,tuned_per_N,NSL-KDD-K80n8,200,5,2,fixed_300,SVM_RBF,0.8295739348370927,0.83,0.8584000745017695,0.8465400027013641,30,0.1,1.0,0.18181818181818182,0.6418520649550643,0.6921751040106513,0.908106492636847,0.25772668843183605,-0.6826782383248066,0.5406384825659514,0.835975858398101,0.2438932350210525
natural,refit_per_N,tuned_per_N,NSL-KDD-K80n8,200,5,2,fixed_300,RandomForest,0.8125,0.8133333333333334,0.8485163977095262,0.8315699428211246,30,0.1,1.0,0.18181818181818182,0.3091833333333333,0.3129790989649131,0.4254833333333334,0.11186680944567765,-0.21283333333333332,0.24822262633011968,0.2938333333333334,0.1434380431483301
natural,refit_per_N,tuned_per_N,NSL-KDD-K80n8,200,5,2,fixed_300,XGBoost,0.8160760664801417,0.8166666666666667,0.8473575712143928,0.83379856827698,30,0.2,1.0,0.3333333333333333,0.3122663580377897,0.3563307581937808,0.46557883570591607,0.08785348792087513,-0.2783838222424189,0.3188056807028447,0.3942292282978694,0.15400626639968015
natural,refit_per_N,tuned_per_N,NSL-KDD-K80n8,200,5,2,full_test,QSVM_ZZ,0.6368771816547771,0.6525461320085166,0.775411861195483,0.6946348914791531,2952,0.037940379403794036,1.0,0.0731070496083551,0.41623487848670926,0.5564630730220368,0.5721450235840569,0.39440169585585366,-0.20588178458378834,0.12044626648587055,0.22382648859996757,0.08243976792058161
natural,refit_per_N,tuned_per_N,NSL-KDD-K80n8,200,5,2,full_test,QSVM_Z,0.7851855211183363,0.7857523066004258,0.8211405516547639,0.8083686569602493,2952,0.2791327913279133,1.0,0.4364406779661017,0.5767855340130483,0.6940261457531971,0.836724201971134,0.3380036287845507,-0.4360390418731866,0.5320036685964737,0.6048415990822057,0.32760431843532484
natural,refit_per_N,tuned_per_N,NSL-KDD-K80n8,200,5,2,full_test,SVM_Linear,0.7532498770707354,0.7548793470546487,0.8031938231105166,0.7811132840147832,2952,0.04573170731707317,1.0,0.08746355685131195,1.878526719847497,2.4732836863950065,2.7788572795793445,1.387064183914195,-1.8025117189805766,0.8686277990252347,1.8409021250701056,0.7839911454947092
natural,refit_per_N,tuned_per_N,NSL-KDD-K80n8,200,5,2,full_test,SVM_Poly2,0.7552296840843129,0.7553229240596168,0.7763225998137744,0.7728474714623941,2952,0.21883468834688347,1.0,0.35908838243468594,0.5403516802733349,0.7761096632558546,0.9040982887540119,0.27736696278648626,-0.432071603086261,0.7670126399506546,0.8218150983477457,0.31561717976892356
natural,refit_per_N,tuned_per_N,NSL-KDD-K80n8,200,5,2,full_test,SVM_RBF,0.7837247408245693,0.7842885024840313,0.8194391721379841,0.806832390231834,2952,0.05420054200542006,1.0,0.10282776349614396,0.5379653924668233,0.72372338339192,0.8461036299145062,0.3119149669472878,-0.7215439956591448,0.45424128484555903,0.7920346862536396,0.3156611130643226
natural,refit_per_N,tuned_per_N,NSL-KDD-K80n8,200,5,2,full_test,RandomForest,0.7626507118094771,0.7639283179559971,0.8087985291585608,0.7892243797914325,2952,0.05453929539295393,1.0,0.10343719884355927,0.2619987579843861,0.3341604209385176,0.4057607345635202,0.12515894851603973,-0.27723069105691056,0.19950105947123625,0.31408367208672083,0.1341975250239703
natural,refit_per_N,tuned_per_N,NSL-KDD-K80n8,200,5,2,full_test,XGBoost,0.7664902996522728,0.7673438608942512,0.8058889726861789,0.7908841808159175,2952,0.14159891598915988,1.0,0.24807121661721068,0.26348406674487107,0.3879220691764305,0.4594134262758337,0.09405683887968026,-0.3436745272439508,0.2764747666327334,0.42070912548560435,0.13249267524703207
natural,refit_per_N,tuned_per_N,NSL-KDD-K80n8,200,6,2,fixed_300,QSVM_ZZ,0.6930152342627192,0.7033333333333334,0.7995495495495495,0.7335329341317365,30,0.0,0.0,0.0,0.4859534072903828,0.5505745820684043,0.6304050299368583,0.3766597704922035,-0.20470704071452042,0.031172062774814234,0.20470704071452042,0.031172062774814234
natural,refit_per_N,tuned_per_N,NSL-KDD-K80n8,200,6,2,fixed_300,QSVM_Z,0.8330662393162394,0.8333333333333334,0.8576573248995798,0.8487686281572193,30,0.36666666666666664,1.0,0.5365853658536586,0.6790715850208503,0.6174114619197854,0.8581088968554574,0.3255522262712486,-0.19074923478286235,0.4456793193167107,0.3791902057334334,0.3020432321915036
natural,refit_per_N,tuned_per_N,NSL-KDD-K80n8,200,6,2,fixed_300,SVM_Linear,0.8125,0.8133333333333334,0.8485163977095262,0.8315699428211246,30,0.06666666666666667,1.0,0.125,1.079948936054897,1.1929663924352238,1.4899539677055194,0.6078615731271361,-1.0952613974038554,0.5109956055896832,1.1037385511001188,0.4924177579966252
natural,refit_per_N,tuned_per_N,NSL-KDD-K80n8,200,6,2,fixed_300,SVM_Poly2,0.7925866452562559,0.7933333333333333,0.8242068155111634,0.8105443248840665,30,0.1,1.0,0.18181818181818182,0.6367867552179473,0.7796403528771239,0.9578600428279869,0.3095813137269999,-0.6474031359828091,0.39368573018776964,0.696129376919666,0.29920421992894825
natural,refit_per_N,tuned_per_N,NSL-KDD-K80n8,200,6,2,fixed_300,SVM_RBF,0.8163217597488618,0.8166666666666667,0.8416666666666667,0.8322677952365944,30,0.1,1.0,0.18181818181818182,0.5994224808880356,0.6663698623134444,0.855264298495871,0.2681027484230104,-0.674610901749184,0.4381330578067032,0.7341083490725644,0.3288546440661179
natural,refit_per_N,tuned_per_N,NSL-KDD-K80n8,200,6,2,fixed_300,RandomForest,0.8123240538004379,0.8133333333333334,0.8518518518518519,0.8323353293413174,30,0.1,1.0,0.18181818181818182,0.29941914461414254,0.30006996951567494,0.40607998743288515,0.1216258795368434,-0.25551900996599014,0.18681203870722393,0.2824789422375172,0.1428087863274615
natural,refit_per_N,tuned_per_N,NSL-KDD-K80n8,200,6,2,fixed_300,XGBoost,0.8095238095238095,0.81,0.8374464518532315,0.8262797712844987,30,0.13333333333333333,1.0,0.23529411764705882,0.3108180573582649,0.33649707067563145,0.4493913275996844,0.08880077720065131,-0.27890143593152367,0.28588430394990444,0.3616755664348602,0.16943031267636297
natural,refit_per_N,tuned_per_N,NSL-KDD-K80n8,200,6,2,full_test,QSVM_ZZ,0.632995048210311,0.649041873669269,0.7718288806531768,0.6912562665971376,2952,0.0006775067750677507,1.0,0.0013540961408259986,0.425424933868424,0.5471107530444159,0.578239043591762,0.38204209050818616,-0.2099496652696313,0.07954827457470029,0.210900807369053,0.07699116433542061
natural,refit_per_N,tuned_per_N,NSL-KDD-K80n8,200,6,2,full_test,QSVM_Z,0.7803670299277398,0.7808729595457772,0.8143934081178514,0.8029179177874325,2952,0.2706639566395664,1.0,0.426019728072514,0.5907608948868182,0.6340038982652332,0.7869048090518307,0.3629603276311175,-0.26582903365640387,0.4127360337964266,0.3882672000965195,0.3004408262169304
natural,refit_per_N,tuned_per_N,NSL-KDD-K80n8,200,6,2,full_test,SVM_Linear,0.76427161081892,0.7655251951738822,0.8102992757887959,0.7907898510064049,2952,0.024051490514905148,1.0,0.04697320542507443,0.9322178198269259,1.2786909265670345,1.4473802399505566,0.6396647483552597,-1.2827174124742498,0.4602907145780003,1.2908725851813845,0.4368975520857152
natural,refit_per_N,tuned_per_N,NSL-KDD-K80n8,200,6,2,full_test,SVM_Poly2,0.7371322153195629,0.7375354861603974,0.7650069148205894,0.7574867340254768,2952,0.20968834688346882,1.0,0.3466816017922151,0.5174174641886392,0.8318446709734763,0.9293258153942929,0.30990307793906297,-0.40656555726881344,0.6938468072406024,0.7521568642181099,0.2845680865537426
natural,refit_per_N,tuned_per_N,NSL-KDD-K80n8,200,6,2,full_test,SVM_RBF,0.752684905204146,0.7531493967352733,0.783091862857283,0.7739946633344584,2952,0.04437669376693767,1.0,0.08498216023353876,0.5063222278971434,0.6903463689204324,0.7966142145275804,0.3136018188036524,-0.6669166548920292,0.41936302699220207,0.6985327544535341,0.36427347410427097
natural,refit_per_N,tuned_per_N,NSL-KDD-K80n8,200,6,2,full_test,RandomForest,0.757407538968524,0.7594925479063165,0.8149633147660506,0.7874325346871183,2952,0.037940379403794036,1.0,0.0731070496083551,0.24825228695280777,0.32324435831266174,0.3858404044040574,0.1313137292425171,-0.29621608811754996,0.15704980207049576,0.30896234107821224,0.13019555670419955
natural,refit_per_N,tuned_per_N,NSL-KDD-K80n8,200,6,2,full_test,XGBoost,0.7488251264037511,0.7497338537970192,0.786863417219676,0.7728860042126198,2952,0.032859078590785906,1.0,0.06362741882584454,0.2535383557442065,0.37057600075297353,0.43823820075735376,0.09775249134677311,-0.3764462648994393,0.2014656237778799,0.40247497987254527,0.1425274657655266
natural,refit_per_N,tuned_per_N,NSL-KDD-K80n8,200,7,2,fixed_300,QSVM_ZZ,0.7501238125253253,0.7533333333333333,0.8082315694255993,0.776146954211877,30,0.16666666666666666,1.0,0.2857142857142857,0.5486653350871182,0.5391377317882144,0.6303011430964051,0.4409349303189366,-0.056621507821861435,0.11387551684396154,0.11141931984174182,0.06131364978945648
natural,refit_per_N,tuned_per_N,NSL-KDD-K80n8,200,7,2,fixed_300,QSVM_Z,0.8766543320998766,0.8766666666666667,0.8853120516499282,0.8869253973256495,30,0.4666666666666667,1.0,0.6363636363636364,0.7098539471787914,0.5706617752453591,0.8507303202917601,0.32527743571876383,0.008241487801427727,0.5312935923823655,0.416197555125165,0.330333768385213
natural,refit_per_N,tuned_per_N,NSL-KDD-K80n8,200,7,2,fixed_300,SVM_Linear,0.8231741901044274,0.8233333333333334,0.843475073313783,0.8374904326684975,30,0.16666666666666666,1.0,0.2857142857142857,1.7956182412117736,2.074351985775011,2.2225888712098816,1.6085023278302024,-1.0731990125117776,0.7135145165224658,1.1342025804364195,0.6119179620471278
natural,refit_per_N,tuned_per_N,NSL-KDD-K80n8,200,7,2,fixed_300,SVM_Poly2,0.7822664388838643,0.7833333333333333,0.8181041033434651,0.8015622889559227,30,0.1,1.0,0.18181818181818182,0.7074975288771153,0.8584486676247199,1.0361680380889007,0.40477483266240716,-0.7609072992338396,0.6863123796018602,0.9081855350917583,0.47455624985053196
natural,refit_per_N,tuned_per_N,NSL-KDD-K80n8,200,7,2,fixed_300,SVM_RBF,0.8163217597488618,0.8166666666666667,0.8416666666666667,0.8322677952365944,30,0.1,1.0,0.18181818181818182,0.5519341351373326,0.6234678641510906,0.7915646373782649,0.2583967724472074,-0.6328778760981539,0.3663280844251386,0.7062103210225453,0.1897304771889198
natural,refit_per_N,tuned_per_N,NSL-KDD-K80n8,200,7,2,fixed_300,RandomForest,0.8164198533584041,0.8166666666666667,0.8390587585190643,0.8315024087164018,30,0.16666666666666666,1.0,0.2857142857142857,0.3211333333333333,0.28984717045750547,0.41297333333333336,0.12880615651262775,-0.1814666666666667,0.24927999429467973,0.27426666666666666,0.1408845705612301
natural,refit_per_N,tuned_per_N,NSL-KDD-K80n8,200,7,2,fixed_300,XGBoost,0.8266358463726885,0.8266666666666667,0.8412892696858425,0.8389536716041601,30,0.26666666666666666,1.0,0.42105263157894735,0.33311715712149936,0.3258598178581664,0.45755595475435257,0.08828482050783108,-0.17183537284533182,0.35500660165559916,0.37052372097969055,0.13516380717971746
natural,refit_per_N,tuned_per_N,NSL-KDD-K80n8,200,7,2,full_test,QSVM_ZZ,0.6766987800807617,0.6837739531582683,0.7635757342756764,0.7180308187054725,2952,0.1443089430894309,1.0,0.2522202486678508,0.48969978653710056,0.5352382824295179,0.5735473675265411,0.44421764611050385,-0.06067921814896022,0.20331335502677153,0.14547858058481747,0.1544482775508938
natural,refit_per_N,tuned_per_N,NSL-KDD-K80n8,200,7,2,full_test,QSVM_Z,0.8531713085954238,0.8533534421575586,0.8597306018647393,0.8650662688276558,2952,0.45799457994579945,1.0,0.6282527881040892,0.6520854716944436,0.57954705008842,0.7927890379291953,0.3641095810335893,-0.013147074270957659,0.5068486403863997,0.4092110126648835,0.29935720625568474
natural,refit_per_N,tuned_per_N,NSL-KDD-K80n8,200,7,2,full_test,SVM_Linear,0.7768074030518306,0.7768364088005678,0.7956959944198461,0.7936354849814032,2952,0.053184281842818426,1.0,0.10099710517851399,1.6098264888451232,2.1634040782201422,2.1465934169779852,1.632175000431553,-1.0305938169787068,0.6300988219358628,1.0556151086519967,0.5872179181405617
natural,refit_per_N,tuned_per_N,NSL-KDD-K80n8,200,7,2,full_test,SVM_Poly2,0.7338937331664268,0.7343417317246274,0.7623750113627161,0.7544935770711938,2952,0.21104336043360433,1.0,0.34853146853146855,0.5872384637755085,0.8787528568845009,0.9785239020906473,0.3994328101913818,-0.5153325409746216,0.6810193401507993,0.7765117362641616,0.3555059674475339
natural,refit_per_N,tuned_per_N,NSL-KDD-K80n8,200,7,2,full_test,SVM_RBF,0.7579287034375848,0.7582505322924059,0.78565599676617,0.7782247801484727,2952,0.056910569105691054,1.0,0.1076923076923077,0.4720834092345724,0.6389557341448783,0.7322539743404928,0.30810922176025507,-0.5988959061724848,0.35400607755252284,0.6303878562704825,0.29429196394225543
natural,refit_per_N,tuned_per_N,NSL-KDD-K80n8,200,7,2,full_test,RandomForest,0.7777340268748769,0.7778122782114976,0.7992711408338908,0.7956700896218649,2952,0.125,1.0,0.2222222222222222,0.28660335344215754,0.29984039499838183,0.3888379169623846,0.14439812675180236,-0.1979891598915989,0.19929004041269927,0.2523468834688347,0.12343936991836432
natural,refit_per_N,tuned_per_N,NSL-KDD-K80n8,200,7,2,full_test,XGBoost,0.7840977627954702,0.784111071682044,0.7970915850445341,0.7983342577742933,2952,0.19004065040650406,1.0,0.3193851409052092,0.29355423303679257,0.34804411621933523,0.444750032700318,0.09749975888064398,-0.21716512816385203,0.30866060196780215,0.35401604920221863,0.13078492651984255
natural,refit_per_N,tuned_per_N,NSL-KDD-K80n8,200,8,2,fixed_300,QSVM_ZZ,0.6868942895482332,0.6966666666666667,0.7852272727272727,0.7260141371392553,30,0.0,0.0,0.0,0.5025521756558106,0.573032497943715,0.6527661566093373,0.39347335073861917,-0.2148074852891849,0.058853930929835235,0.2148074852891849,0.058853930929835235
natural,refit_per_N,tuned_per_N,NSL-KDD-K80n8,200,8,2,fixed_300,QSVM_Z,0.7850521696296628,0.7866666666666666,0.8300324439494455,0.8068524604925487,30,0.06666666666666667,1.0,0.125,0.6188307315596245,0.6254937391883515,0.8285906910722122,0.2960259427059042,-0.4381628771494146,0.32278385313558855,0.4900388547949246,0.23672355934335929
natural,refit_per_N,tuned_per_N,NSL-KDD-K80n8,200,8,2,fixed_300,SVM_Linear,0.8193496587715776,0.82,0.8524089306698003,0.8375579667732205,30,0.1,1.0,0.18181818181818182,1.0345888490017512,1.145003054711382,1.4415476751341312,0.5507689008037275,-1.041964157452088,0.5615220228506534,1.0832415955280785,0.4770575785782168
natural,refit_per_N,tuned_per_N,NSL-KDD-K80n8,200,8,2,fixed_300,SVM_Poly2,0.7824607592677295,0.7833333333333333,0.8150820599886813,0.80079690243573,30,0.1,1.0,0.18181818181818182,0.5021257949139791,0.6318085923179074,0.7598566888973288,0.27190112832189434,-0.4913192946735649,0.35399406044013376,0.5653478918782167,0.2169981688731006
natural,refit_per_N,tuned_per_N,NSL-KDD-K80n8,200,8,2,fixed_300,SVM_RBF,0.8125,0.8133333333333334,0.8485163977095262,0.8315699428211246,30,0.1,1.0,0.18181818181818182,0.5604438002422855,0.6515550809831893,0.8179865009090044,0.26366524442115635,-0.667673797290595,0.4404704407695266,0.7668696333828938,0.22740596776542552
natural,refit_per_N,tuned_per_N,NSL-KDD-K80n8,200,8,2,fixed_300,RandomForest,0.7994294883223391,0.8,0.8283592545887628,0.8165323488361622,30,0.1,1.0,0.18181818181818182,0.2901333333333333,0.32329991579886863,0.4204400000000001,0.10922633870393471,-0.3112666666666666,0.22388299523535848,0.3759333333333333,0.07539669901409625
natural,refit_per_N,tuned_per_N,NSL-KDD-K80n8,200,8,2,fixed_300,XGBoost,0.8029633422760517,0.8033333333333333,0.8277777777777777,0.8187609742920174,30,0.1,1.0,0.18181818181818182,0.2949611606200536,0.3676810081631263,0.46574585676193236,0.07260996451779594,-0.3757694482803345,0.26520696607650657,0.4567618767420451,0.05390733782609845
natural,refit_per_N,tuned_per_N,NSL-KDD-K80n8,200,8,2,full_test,QSVM_ZZ,0.6253210980116832,0.6424769339957417,0.7675441995382094,0.6852518899603834,2952,0.00033875338753387534,1.0,0.0006772773450728074,0.43537809038464476,0.5730307284229219,0.6004987388164368,0.39663530098032523,-0.2252499126846581,0.13311365124367022,0.22580964347019117,0.13216191670724484
natural,refit_per_N,tuned_per_N,NSL-KDD-K80n8,200,8,2,full_test,QSVM_Z,0.7484187564060236,0.7496451383960255,0.7914471188156242,0.774160882962645,2952,0.20392953929539295,1.0,0.33877321328081034,0.5348453707264017,0.6508607215684554,0.775368027177754,0.3293685957989167,-0.42047978760379523,0.4012326013419297,0.5131334232243632,0.27291929600706377
natural,refit_per_N,tuned_per_N,NSL-KDD-K80n8,200,8,2,full_test,SVM_Linear,0.7669729232564986,0.7681422995031938,0.8120334181093363,0.7931637677271814,2952,0.041327913279132794,1.0,0.07937540663630449,0.8874523428088297,1.222849441089766,1.3920379300763146,0.5875055893855674,-1.1759632215448301,0.47629590855114307,1.1954189378484914,0.4251127544097433
natural,refit_per_N,tuned_per_N,NSL-KDD-K80n8,200,8,2,full_test,SVM_Poly2,0.7307121277089347,0.7311923349893541,0.7595287222680704,0.7514517005015429,2952,0.21104336043360433,1.0,0.34853146853146855,0.4221175092255818,0.664278823566493,0.7388402913891094,0.2712278946822188,-0.27064969394225286,0.5822947795201036,0.6036493165760836,0.2189200075018919
natural,refit_per_N,tuned_per_N,NSL-KDD-K80n8,200,8,2,full_test,SVM_RBF,0.763888573787093,0.7653921220723917,0.8139256742151639,0.791624937230816,2952,0.04539295392953929,1.0,0.08684381075826313,0.47721249634718743,0.6694366646601586,0.762252883582703,0.3079736289539837,-0.6468152751496135,0.3957147070710334,0.6895687009743768,0.3153650839831422
natural,refit_per_N,tuned_per_N,NSL-KDD-K80n8,200,8,2,full_test,RandomForest,0.7601759559492667,0.7602466288147622,0.7805931012058093,0.7775355117368695,2952,0.19410569105691056,1.0,0.3251063829787234,0.24916474449964515,0.33620790069567635,0.39618674591909153,0.1347400636403605,-0.2850453929539295,0.21055663252544513,0.3212283197831979,0.14965740246970424
natural,refit_per_N,tuned_per_N,NSL-KDD-K80n8,200,8,2,full_test,XGBoost,0.7550936927363847,0.7552342086586231,0.7777912884503897,0.7733833190247799,2952,0.08062330623306233,1.0,0.14921630094043886,0.2443561039156445,0.3909744456433631,0.451877812808016,0.09152794632685675,-0.38094480777901363,0.21278038594039012,0.423860426739787,0.10361842432066143
natural,refit_per_N,tuned_per_N,NSL-KDD-K80n8,200,9,2,fixed_300,QSVM_ZZ,0.681425735260169,0.6933333333333334,0.7955555555555556,0.7245508982035929,30,0.0,0.0,0.0,0.4167772045422399,0.5392623987753975,0.5647225097319006,0.38156999352824283,-0.21013047296374238,0.07771370040216981,0.21013047296374238,0.07771370040216981
natural,refit_per_N,tuned_per_N,NSL-KDD-K80n8,200,9,2,fixed_300,QSVM_Z,0.7581836908333707,0.76,0.8009781608638806,0.7798388186033947,30,0.0,0.0,0.0,0.6158457432178956,0.6753064382669697,0.8534748192970635,0.32693347615419815,-0.5309964226786245,0.28434078739079804,0.5309964226786245,0.28434078739079804
natural,refit_per_N,tuned_per_N,NSL-KDD-K80n8,200,9,2,fixed_300,SVM_Linear,0.7857142857142858,0.7866666666666666,0.8201220954995031,0.8045563009319706,30,0.0,0.0,0.0,0.7734418901776511,0.9361072428253856,1.1312697309848416,0.44129120012663675,-0.7666009206859786,0.406433238432001,0.7666009206859786,0.406433238432001
natural,refit_per_N,tuned_per_N,NSL-KDD-K80n8,200,9,2,fixed_300,SVM_Poly2,0.7822664388838643,0.7833333333333333,0.8181041033434651,0.8015622889559227,30,0.1,1.0,0.18181818181818182,0.5745874503890067,0.7741922996951257,0.9007065123191322,0.34387822512871,-0.6603406506454205,0.45151059545351213,0.7542192506842504,0.26658003413401027
natural,refit_per_N,tuned_per_N,NSL-KDD-K80n8,200,9,2,fixed_300,SVM_RBF,0.7992773986350863,0.8,0.8312573443008225,0.817297735356355,30,0.1,1.0,0.18181818181818182,0.6000569697240971,0.6869831204308958,0.8684719597854879,0.2788738599040618,-0.7099396617790675,0.3910226085463395,0.7622581544382361,0.275455095712123
natural,refit_per_N,tuned_per_N,NSL-KDD-K80n8,200,9,2,fixed_300,RandomForest,0.8227642095172276,0.8233333333333334,0.8543853073463268,0.8405519787492683,30,0.13333333333333333,1.0,0.23529411764705882,0.3140166666666666,0.29587038218712525,0.4107833333333334,0.13191968410952004,-0.18100000000000002,0.1894219276289487,0.23600000000000002,0.11377902560079634
natural,refit_per_N,tuned_per_N,NSL-KDD-K80n8,200,9,2,fixed_300,XGBoost,0.802541304566093,0.8033333333333333,0.8363044708545557,0.8210571338525956,30,0.06666666666666667,1.0,0.125,0.30518712470928827,0.34893569019407933,0.45311798046032586,0.097874372350973,-0.34055613180001576,0.19862948417959625,0.37113742729028065,0.13300060509784842
natural,refit_per_N,tuned_per_N,NSL-KDD-K80n8,200,9,2,full_test,QSVM_ZZ,0.6174664906972013,0.6361781405251952,0.7661976767560694,0.6798445382470566,2952,0.0006775067750677507,1.0,0.0013540961408259986,0.3726864885238258,0.5475039889478688,0.5400905475699411,0.3833510624318771,-0.24043112079344017,0.11478187911948132,0.24092489843994416,0.11374179940501922
natural,refit_per_N,tuned_per_N,NSL-KDD-K80n8,200,9,2,full_test,QSVM_Z,0.7269479452286538,0.7276437189496097,0.75907693948997,0.7489986118981959,2952,0.1663279132791328,1.0,0.28521638106302644,0.5269876838720464,0.693203761289304,0.7902978007083905,0.36561846208027204,-0.48830879936243926,0.3934924689772398,0.5245020383558587,0.3437723351829526
natural,refit_per_N,tuned_per_N,NSL-KDD-K80n8,200,9,2,full_test,SVM_Linear,0.7285546000427587,0.7295954577714692,0.7660702755423094,0.7526043609428031,2952,0.016937669376693765,1.0,0.033311125916055964,0.664676353587905,0.9908855746315147,1.0897551346993226,0.4858833434356461,-0.7278957156329049,0.3895146547794178,0.7366053137312301,0.37278204209374677
natural,refit_per_N,tuned_per_N,NSL-KDD-K80n8,200,9,2,full_test,SVM_Poly2,0.7268516256505917,0.727555003548616,0.7590920663997689,0.7489457397009369,2952,0.2127371273712737,1.0,0.35083798882681566,0.47979182616663263,0.8376469324165556,0.8951218108975993,0.36139939609603733,-0.30613169082144115,0.895467333905188,0.8636092028478012,0.3869851456749281
natural,refit_per_N,tuned_per_N,NSL-KDD-K80n8,200,9,2,full_test,SVM_RBF,0.7350691764175159,0.7359829666430092,0.7714896865205243,0.7586658305653666,2952,0.0494579945799458,1.0,0.09425435765009683,0.4997172014792203,0.7058958440663936,0.8001439731036691,0.32829231856731694,-0.6805709629380262,0.39213451137729094,0.7067634369783066,0.3426831696452429
natural,refit_per_N,tuned_per_N,NSL-KDD-K80n8,200,9,2,full_test,RandomForest,0.7685650560762051,0.7696061036195884,0.811645555564483,0.7941238406482849,2952,0.06673441734417344,1.0,0.12511908542394412,0.26914944109297373,0.31589817154845606,0.39035109119943223,0.14092232622168321,-0.22933434959349594,0.16649011685324544,0.25892445799457997,0.11520124984344632
natural,refit_per_N,tuned_per_N,NSL-KDD-K80n8,200,9,2,full_test,XGBoost,0.767597052275899,0.7684971611071683,0.8080010323262459,0.7923105505679235,2952,0.058265582655826556,1.0,0.11011523687580026,0.2641331343280351,0.376864479580216,0.44927118353101486,0.09974242962681447,-0.3862047457214455,0.1864884322311109,0.41376877809321977,0.11281595298993781
natural,refit_per_N,tuned_per_N,NSL-KDD-K80n8,200,10,2,fixed_300,QSVM_ZZ,0.7051428571428572,0.7133333333333334,0.7981233690522458,0.7417495835396875,30,0.1,1.0,0.18181818181818182,0.51053834392232,0.5419080802611789,0.6353337417444576,0.3881556449007129,-0.06935591112242025,0.27739976682464396,0.21920509037843292,0.1836028360188669
natural,refit_per_N,tuned_per_N,NSL-KDD-K80n8,200,10,2,fixed_300,QSVM_Z,0.8261722232126939,0.8266666666666667,0.8563822334314137,0.8435459907253162,30,0.26666666666666666,1.0,0.42105263157894735,0.6700695411471728,0.6398662173854038,0.8732869711892177,0.3095025558463934,-0.24908853454164817,0.6013285145094771,0.568562344519823,0.31682477932826253
natural,refit_per_N,tuned_per_N,NSL-KDD-K80n8,200,10,2,fixed_300,SVM_Linear,0.8231741901044274,0.8233333333333334,0.843475073313783,0.8374904326684975,30,0.1,1.0,0.18181818181818182,0.8482325077518672,0.8704895094185324,1.152069851966072,0.3872795236074484,-0.7857459853094306,0.4631214423787626,0.8525949907171955,0.3239753163820033
natural,refit_per_N,tuned_per_N,NSL-KDD-K80n8,200,10,2,fixed_300,SVM_Poly2,0.7960116373688846,0.7966666666666666,0.8262743628185907,0.8135383368601143,30,0.1,1.0,0.18181818181818182,0.6338687242647947,0.7253579944800289,0.919252617638882,0.2879381960095455,-0.6054701249032223,0.40728753192741324,0.6905654394560411,0.23578926956656046
natural,refit_per_N,tuned_per_N,NSL-KDD-K80n8,200,10,2,fixed_300,SVM_RBF,0.8164198533584041,0.8166666666666667,0.8390587585190643,0.8315024087164018,30,0.1,1.0,0.18181818181818182,0.6075162616433226,0.6695293699529108,0.8640420323377721,0.2660393800628621,-0.642208016537894,0.5095453029246911,0.7518766822628516,0.3267246652880039
natural,refit_per_N,tuned_per_N,NSL-KDD-K80n8,200,10,2,fixed_300,RandomForest,0.8332666399893291,0.8333333333333334,0.8502571571617131,0.8464724685966413,30,0.3,1.0,0.46153846153846156,0.3154666666666666,0.2987344677505798,0.4183333333333333,0.11729757977990092,-0.1726666666666667,0.30096437589116015,0.327,0.11603591398068673
natural,refit_per_N,tuned_per_N,NSL-KDD-K80n8,200,10,2,fixed_300,XGBoost,0.8299527646568491,0.83,0.8457485465116279,0.8427130701004006,30,0.26666666666666666,1.0,0.42105263157894735,0.31374985486268997,0.3374503942825463,0.45484588394562403,0.07366791625618911,-0.24470678567886353,0.34720372828831136,0.4058353622754415,0.12541729793511722
natural,refit_per_N,tuned_per_N,NSL-KDD-K80n8,200,10,2,full_test,QSVM_ZZ,0.6539417891981414,0.6666962384669979,0.7790333903554152,0.7068383185941551,2952,0.11212737127371274,1.0,0.20164483703929334,0.44483143977828665,0.5364370616242135,0.5756213638259979,0.3928101022203244,-0.11398874225023066,0.2813968171132923,0.24768120914077454,0.17558935241023316
natural,refit_per_N,tuned_per_N,NSL-KDD-K80n8,200,10,2,full_test,QSVM_Z,0.7721895516380288,0.7725780695528743,0.8026798144312289,0.7935151283132157,2952,0.24762872628726287,1.0,0.3969590008145534,0.5824117989985588,0.6549685590278661,0.8021294763027338,0.35323592707152396,-0.2719866260703785,0.554979167495216,0.5141885198647287,0.34291218577669486
natural,refit_per_N,tuned_per_N,NSL-KDD-K80n8,200,10,2,full_test,SVM_Linear,0.7652609087641236,0.7653921220723917,0.7882012533011706,0.7836960094041094,2952,0.0521680216802168,1.0,0.09916291049581455,0.741424022476495,0.907439917665389,1.0880599670247526,0.43506584953991534,-0.7405405017465694,0.4313952268927762,0.7781852084898274,0.3590680406281997
natural,refit_per_N,tuned_per_N,NSL-KDD-K80n8,200,10,2,full_test,SVM_Poly2,0.7461026720530388,0.7463183108587651,0.7704132424790684,0.7650258567833645,2952,0.2140921409214092,1.0,0.35267857142857145,0.5259463041505265,0.7650395216922723,0.8797200438900282,0.2966439431016009,-0.41144521125462413,0.5543079186394382,0.6510603461280484,0.22948824856705444
natural,refit_per_N,tuned_per_N,NSL-KDD-K80n8,200,10,2,full_test,SVM_RBF,0.7695151660526773,0.7695173882185947,0.7855140921557767,0.7850021789620283,2952,0.21578590785907859,1.0,0.3549735302312622,0.5129249631193035,0.6918301015454048,0.8029371311595401,0.31146889186650967,-0.6042723761228311,0.5094447941160443,0.6954432180022653,0.3755500410487588
natural,refit_per_N,tuned_per_N,NSL-KDD-K80n8,200,10,2,full_test,RandomForest,0.7774856344927328,0.7775017743080199,0.7954150896106564,0.7939067669375169,2952,0.17411924119241193,1.0,0.29659549913444894,0.2719481902058197,0.31707628533030974,0.3942326117814052,0.1381080616151734,-0.2145003387533875,0.25528846667916166,0.30386348238482386,0.13729377486864908
natural,refit_per_N,tuned_per_N,NSL-KDD-K80n8,200,10,2,full_test,XGBoost,0.7916376596124728,0.7916962384669979,0.8022928732355102,0.8048088792038642,2952,0.3075880758807588,1.0,0.47046632124352333,0.27382327019480884,0.3561896016959878,0.4383372873982654,0.09854257015552308,-0.24387020671230344,0.3252448922439919,0.3803646801024433,0.14345601340924502
natural,refit_per_N,tuned_per_N,NSL-KDD-K80n8,500,1,4,fixed_300,QSVM_ZZ,0.7342841569767442,0.74,0.8151658767772512,0.7664670658682635,30,0.0,0.0,0.0,0.5420418500722068,0.5664800269955966,0.6733435500928588,0.4016434385907211,-0.22677616034975084,0.16297738643738857,0.22677616034975084,0.16297738643738857
natural,refit_per_N,tuned_per_N,NSL-KDD-K80n8,500,1,4,fixed_300,QSVM_Z,0.8465575520370041,0.8466666666666667,0.8662857142857143,0.860744676061411,30,0.13333333333333333,1.0,0.23529411764705882,0.7318140314416619,0.6297166524519159,0.9150346662697738,0.30790647689632716,-0.36401991974121,0.5191762143657133,0.5378796180411528,0.3357677173693348
natural,refit_per_N,tuned_per_N,NSL-KDD-K80n8,500,1,4,fixed_300,SVM_Linear,0.7960116373688846,0.7966666666666666,0.8262743628185907,0.8135383368601143,30,0.06666666666666667,1.0,0.125,1.3881388350024784,1.5173703417218996,1.8411953578885436,0.9161560092413024,-1.0914515504717281,0.5863098946911428,1.1082543405257097,0.5538935785381547
natural,refit_per_N,tuned_per_N,NSL-KDD-K80n8,500,1,4,fixed_300,SVM_Poly2,0.7960116373688846,0.7966666666666666,0.8262743628185907,0.8135383368601143,30,0.1,1.0,0.18181818181818182,0.6879263069545304,0.7928961002602207,0.9981161754843842,0.32510141470684273,-0.6580510751126226,0.5070118126971151,0.7908749856593279,0.2541829119544639
natural,refit_per_N,tuned_per_N,NSL-KDD-K80n8,500,1,4,fixed_300,SVM_RBF,0.8499182888461496,0.85,0.8685002736726875,0.8637386880374589,30,0.3,1.0,0.46153846153846156,0.8216755101300807,0.8712203701828464,1.1505380435084913,0.33232181362155094,-0.6891384419540216,1.03614857613487,1.1489036419265726,0.47805447971229553
natural,refit_per_N,tuned_per_N,NSL-KDD-K80n8,500,1,4,fixed_300,RandomForest,0.8128008557675166,0.8133333333333334,0.8423707440100883,0.8300391697807392,30,0.13333333333333333,1.0,0.23529411764705882,0.3213833333333333,0.3058322029951864,0.42725,0.11949067257879725,-0.23099999999999998,0.2229925260331984,0.296,0.12438113468957689
natural,refit_per_N,tuned_per_N,NSL-KDD-K80n8,500,1,4,fixed_300,XGBoost,0.8298468621759583,0.83,0.8503482404692082,0.8442438431407862,30,0.16666666666666666,1.0,0.2857142857142857,0.3419554536541303,0.3234589858895051,0.46307501167058945,0.08438472256725489,-0.25733391642570497,0.29494880412348623,0.37977333664894103,0.09480376768565921
natural,refit_per_N,tuned_per_N,NSL-KDD-K80n8,500,1,4,full_test,QSVM_ZZ,0.672327438191678,0.6814229950319376,0.7753502201872817,0.7182706052337152,2952,0.0010162601626016261,1.0,0.0020304568527918783,0.4831048083530667,0.5624127343283281,0.6170916497820155,0.410969871593807,-0.20911736276176537,0.13436822280969465,0.21012418407697897,0.13278824486924815
natural,refit_per_N,tuned_per_N,NSL-KDD-K80n8,500,1,4,full_test,QSVM_Z,0.7983127349385,0.7983498935415189,0.8185578895334105,0.8158765089710253,2952,0.13279132791327913,1.0,0.23444976076555024,0.6242638733592376,0.6880204082628076,0.8614692114656674,0.34777616862620125,-0.49019136766919263,0.5186616469307054,0.5970258471736475,0.39097009954835904
natural,refit_per_N,tuned_per_N,NSL-KDD-K80n8,500,1,4,full_test,SVM_Linear,0.7413034512275418,0.7421930447125621,0.7780949207720544,0.7649848084110654,2952,0.027777777777777776,1.0,0.05405405405405406,1.2077040915768753,1.5821812197484089,1.7465554899074651,0.9546677461872183,-1.1147660902739485,0.4772269378317503,1.1280136047879619,0.4450104421586107
natural,refit_per_N,tuned_per_N,NSL-KDD-K80n8,500,1,4,full_test,SVM_Poly2,0.7323987207961999,0.7328779276082328,0.7613371694752706,0.7531827774847699,2952,0.2117208672086721,1.0,0.349454850433324,0.5668903849441073,0.8404600567378948,0.9622170716792381,0.3191803917582898,-0.46280486915438,0.685695486573954,0.7815527141708798,0.27118628688232993
natural,refit_per_N,tuned_per_N,NSL-KDD-K80n8,500,1,4,full_test,SVM_RBF,0.7915836400126184,0.7916962384669979,0.815291656699801,0.8104580837059885,2952,0.16429539295392953,1.0,0.28222286878091357,0.6816287077827845,0.9601005191210383,1.114588682169179,0.37960870863362506,-0.9493101928403985,0.7975269283042837,1.1671147829110196,0.41842816242660386
natural,refit_per_N,tuned_per_N,NSL-KDD-K80n8,500,1,4,full_test,RandomForest,0.749842347030498,0.7507540809084458,0.7880607307296075,0.7739574947174144,2952,0.03895663956639566,1.0,0.0749918487120965,0.26975869410929737,0.3333527546807244,0.407402413058907,0.13385471950798147,-0.30270663956639565,0.15533257653373914,0.3206673441734417,0.1137188346358736
natural,refit_per_N,tuned_per_N,NSL-KDD-K80n8,500,1,4,full_test,XGBoost,0.7800928336817725,0.7802075940383251,0.8032462192849283,0.798688434894132,2952,0.06571815718157181,1.0,0.12333121424030515,0.2940326129397638,0.35112970058152543,0.44574022238229377,0.1051803130497335,-0.3280205271815058,0.19737855880377667,0.36895391820528645,0.10212133943919724
natural,refit_per_N,tuned_per_N,NSL-KDD-K80n8,500,2,4,fixed_300,QSVM_ZZ,0.7529081246967765,0.7566666666666667,0.8183210784313726,0.7806717392283102,30,0.06666666666666667,1.0,0.125,0.6006839335542672,0.5823170787589218,0.7476986726664774,0.37531461886974177,-0.2215012371063999,0.13873001839338492,0.2385857349565623,0.10670362279853259
natural,refit_per_N,tuned_per_N,NSL-KDD-K80n8,500,2,4,fixed_300,QSVM_Z,0.8262883613202086,0.8266666666666667,0.8534750916941363,0.8427806042051236,30,0.1,1.0,0.18181818181818182,0.6918358434920236,0.682728419290766,0.9379601068522166,0.25492306055232816,-0.5523872122881677,0.5737309112784301,0.7491395922279661,0.2703491487177051
natural,refit_per_N,tuned_per_N,NSL-KDD-K80n8,500,2,4,fixed_300,SVM_Linear,0.8160760664801417,0.8166666666666667,0.8473575712143928,0.83379856827698,30,0.1,1.0,0.18181818181818182,1.2553637800374873,1.3131308849819443,1.6781223115090194,0.6958135159215422,-1.1000802918002184,0.5204775750366584,1.141181846686839,0.4228209400156399
natural,refit_per_N,tuned_per_N,NSL-KDD-K80n8,500,2,4,fixed_300,SVM_Poly2,0.8090644156366193,0.81,0.8465995440729484,0.8285759308450767,30,0.1,1.0,0.18181818181818182,0.8603052019122882,0.9978110835297969,1.184368126207709,0.5770824381970834,-0.7824914319395895,0.5652652926728954,0.9006821424415211,0.34725980252023814
natural,refit_per_N,tuned_per_N,NSL-KDD-K80n8,500,2,4,fixed_300,SVM_RBF,0.8261722232126939,0.8266666666666667,0.8563822334314137,0.8435459907253162,30,0.1,1.0,0.18181818181818182,0.7953442173383579,0.8294299403928772,1.102179186412495,0.3251576404035237,-0.8261111644381197,0.6276281025901258,0.9787190660920605,0.3442174906045196
natural,refit_per_N,tuned_per_N,NSL-KDD-K80n8,500,2,4,fixed_300,RandomForest,0.8397435897435898,0.84,0.8645828523939241,0.8555220386295079,30,0.1,1.0,0.18181818181818182,0.3333333333333333,0.29750376281467245,0.43484,0.10263417754335054,-0.24433333333333332,0.2350382002048934,0.3254,0.09516603035397313
natural,refit_per_N,tuned_per_N,NSL-KDD-K80n8,500,2,4,fixed_300,XGBoost,0.8363593859580768,0.8366666666666667,0.8625,0.85252802665346,30,0.1,1.0,0.18181818181818182,0.3353719238440196,0.34208209480632695,0.4739492730299632,0.06976083058775294,-0.35696867406368255,0.2836563799192568,0.4538118690252304,0.044072255030897824
natural,refit_per_N,tuned_per_N,NSL-KDD-K80n8,500,2,4,full_test,QSVM_ZZ,0.6805971939431497,0.6889194464158978,0.7805727817909227,0.7251808666070091,2952,0.036246612466124664,1.0,0.06995750245178163,0.5039688545684825,0.6239986265026439,0.7054004642084838,0.3817971678086544,-0.3652862955577946,0.29315187592359615,0.3809637659810678,0.2724678129419735
natural,refit_per_N,tuned_per_N,NSL-KDD-K80n8,500,2,4,full_test,QSVM_Z,0.7785953996246183,0.7792760823278921,0.8162086536735379,0.8023419968067569,2952,0.04708672086720867,1.0,0.08993853121967,0.6015443118930446,0.734488120342999,0.9064998071974626,0.2821107187733769,-0.6849593828174344,0.4439994909796529,0.7717465142073846,0.26591769762199513
natural,refit_per_N,tuned_per_N,NSL-KDD-K80n8,500,2,4,full_test,SVM_Linear,0.7675764255381262,0.7686302342086586,0.8107286682650474,0.79316646790845,2952,0.03590785907859079,1.0,0.06932635709614127,1.0923020613835255,1.369842565461525,1.5862566043328468,0.7438967889857696,-1.1058726661738483,0.4193911677150914,1.1303929572933902,0.347929687507961
natural,refit_per_N,tuned_per_N,NSL-KDD-K80n8,500,2,4,full_test,SVM_Poly2,0.7465070384180239,0.7485361958836054,0.8008259267136314,0.7758047557261556,2952,0.04336043360433604,1.0,0.08311688311688312,0.7221937836906231,1.0737542099598878,1.150731993571547,0.5918849918513012,-0.8342925941986707,0.41600584337735946,0.8815245492034264,0.3033471008771174
natural,refit_per_N,tuned_per_N,NSL-KDD-K80n8,500,2,4,full_test,SVM_RBF,0.7820957379821107,0.782735982966643,0.8192948716901052,0.8056941855901428,2952,0.046409214092140924,1.0,0.08870184525736484,0.6605611416182643,0.9049518667420002,1.0644055456519208,0.34974238708125194,-0.9667829035341695,0.49290224583025855,1.0349244732189302,0.32642478650217616
natural,refit_per_N,tuned_per_N,NSL-KDD-K80n8,500,2,4,full_test,RandomForest,0.8023628434438043,0.8025638750887154,0.8300741285970581,0.8227594957049986,2952,0.054878048780487805,1.0,0.10404624277456648,0.28683046486870123,0.32431819842099097,0.414374290276792,0.12549086405566495,-0.30930826558265584,0.18596829241926885,0.342859756097561,0.11270757113792501
natural,refit_per_N,tuned_per_N,NSL-KDD-K80n8,500,2,4,full_test,XGBoost,0.7887463460057353,0.7891678495386799,0.8216364544372663,0.810905274648035,2952,0.05115176151761518,1.0,0.09732516919110538,0.28873522100855137,0.36918716255730616,0.4597611515191195,0.0910322602256201,-0.4059628987821137,0.20286950760947395,0.4494343709937602,0.06301316112313521
natural,refit_per_N,tuned_per_N,NSL-KDD-K80n8,500,3,4,fixed_300,QSVM_ZZ,0.7243366496125966,0.73,0.8007936507936508,0.7559542568997344,30,0.0,0.0,0.0,0.5339561949089519,0.5963385863751032,0.7259620204638634,0.3372062759284415,-0.33532948151207076,0.07246378498562779,0.33532948151207076,0.07246378498562779
natural,refit_per_N,tuned_per_N,NSL-KDD-K80n8,500,3,4,fixed_300,QSVM_Z,0.8062447107033095,0.8066666666666666,0.83258275685965,0.8225203727882581,30,0.1,1.0,0.18181818181818182,0.6887150247637362,0.7508639696707498,0.9896754069898391,0.24221411000296164,-0.6948857552082414,0.6063176971824267,0.8957725191909646,0.21926914185585186
natural,refit_per_N,tuned_per_N,NSL-KDD-K80n8,500,3,4,fixed_300,SVM_Linear,0.8059681520139168,0.8066666666666666,0.8383078730904818,0.8240511458286435,30,0.1,1.0,0.18181818181818182,1.4854105503733068,1.6169944892192436,1.9803626698989745,0.9483034203230206,-1.2476744428568116,0.6372501487301552,1.2755735316029417,0.5793888442908258
natural,refit_per_N,tuned_per_N,NSL-KDD-K80n8,500,3,4,fixed_300,SVM_Poly2,0.7824607592677295,0.7833333333333333,0.8150820599886813,0.80079690243573,30,0.1,1.0,0.18181818181818182,0.6086043168846796,0.7698141850012025,0.9378306076252341,0.28894090288676255,-0.6242518939800609,0.46991939495948754,0.739085341607734,0.25351039962369065
natural,refit_per_N,tuned_per_N,NSL-KDD-K80n8,500,3,4,fixed_300,SVM_RBF,0.8063568376068376,0.8066666666666666,0.8299552149222033,0.8217549862680653,30,0.1,1.0,0.18181818181818182,0.6466567176468812,0.752852609993934,0.9693430412355334,0.21289911052130664,-0.8001306480878954,0.5019441650206921,0.9283428455742396,0.17417393570508424
natural,refit_per_N,tuned_per_N,NSL-KDD-K80n8,500,3,4,fixed_300,RandomForest,0.8096425510124567,0.81,0.8347222222222223,0.8255143847643059,30,0.1,1.0,0.18181818181818182,0.3154168950996354,0.31417782306767544,0.4300741027302477,0.11502951092050395,-0.279139868165484,0.23798762300917736,0.3584732014988173,0.07780834474650156
natural,refit_per_N,tuned_per_N,NSL-KDD-K80n8,500,3,4,fixed_300,XGBoost,0.8096425510124567,0.81,0.8347222222222223,0.8255143847643059,30,0.1,1.0,0.18181818181818182,0.3156414887309074,0.3451981669581493,0.46236354440450667,0.07079037141611637,-0.32333016991615293,0.27957377215587775,0.4187999943892161,0.08550121376370962
natural,refit_per_N,tuned_per_N,NSL-KDD-K80n8,500,3,4,full_test,QSVM_ZZ,0.6659862267482588,0.6765436479772888,0.7788078622906867,0.714874122243489,2952,0.0006775067750677507,1.0,0.0013540961408259986,0.46635714716321086,0.6198929758588907,0.6946766706494973,0.345225453124085,-0.4018545642990318,0.16803207068228537,0.40250855831458326,0.16645938876872324
natural,refit_per_N,tuned_per_N,NSL-KDD-K80n8,500,3,4,full_test,QSVM_Z,0.7399457012980171,0.7407735982966643,0.7755841985306569,0.7632244587346222,2952,0.05555555555555555,1.0,0.10526315789473684,0.5656899249121466,0.8057740498610625,0.9413830777689657,0.28822701377011467,-0.7927093406264331,0.4537695727158638,0.8740312903664984,0.2652625629435972
natural,refit_per_N,tuned_per_N,NSL-KDD-K80n8,500,3,4,full_test,SVM_Linear,0.7476155756271561,0.7487136266855926,0.7885343075451601,0.7726662784664604,2952,0.029471544715447155,1.0,0.05725567620927937,1.2894094943631387,1.6814483892110308,1.8700663359376293,0.9963420240695381,-1.2746880480269394,0.5124508119662127,1.2876145161759422,0.47904520893184377
natural,refit_per_N,tuned_per_N,NSL-KDD-K80n8,500,3,4,full_test,SVM_Poly2,0.7335952446781888,0.7340312278211497,0.761825054444371,0.7540955831911285,2952,0.2117208672086721,1.0,0.349454850433324,0.5041132389893387,0.8587358313704364,0.9395148847466314,0.32995328024331094,-0.22591944912749945,0.9580479006569836,0.8704516091598793,0.4595752099039974
natural,refit_per_N,tuned_per_N,NSL-KDD-K80n8,500,3,4,full_test,SVM_RBF,0.7569499339114812,0.7570085166784953,0.7767005013359838,0.7740023546383092,2952,0.21104336043360433,1.0,0.34853146853146855,0.5395792311596949,0.7859878473716204,0.9163762216143431,0.2630157093684362,-0.6900129640740976,0.5585304938024437,0.8314722507749126,0.3110114134381964
natural,refit_per_N,tuned_per_N,NSL-KDD-K80n8,500,3,4,full_test,RandomForest,0.7548486861194951,0.7551898509581263,0.7827861086115586,0.775223249823748,2952,0.044715447154471545,1.0,0.08560311284046693,0.2664609933468433,0.3366625675674677,0.40935245480572063,0.1295133704334678,-0.31765557201294536,0.15998117378106969,0.34570227136087067,0.08360010748303663
natural,refit_per_N,tuned_per_N,NSL-KDD-K80n8,500,3,4,full_test,XGBoost,0.7588299539586507,0.7590933286018453,0.7851947572878633,0.7786018064991044,2952,0.044715447154471545,1.0,0.08560311284046693,0.266338158139762,0.37179276380917403,0.4492809766013839,0.08551302688042255,-0.3655347641971376,0.1875172310097039,0.40280338661457465,0.08079484818992592
natural,refit_per_N,tuned_per_N,NSL-KDD-K80n8,500,4,4,fixed_300,QSVM_ZZ,0.7274709302325582,0.7333333333333333,0.8071782310027158,0.7597136553959749,30,0.06666666666666667,1.0,0.125,0.5488711885097635,0.597218927110648,0.7213190933719027,0.37098354951729345,-0.22322597028854235,0.23784432047307857,0.3042972362650585,0.11748594211227513
natural,refit_per_N,tuned_per_N,NSL-KDD-K80n8,500,4,4,fixed_300,QSVM_Z,0.8699869986998701,0.87,0.8843891402714932,0.882468146413939,30,0.5333333333333333,1.0,0.6956521739130435,0.7931842774501987,0.719422638188318,1.00192987986217,0.37795071923653056,-0.2392994819867038,0.6739180030369054,0.5440759220286026,0.464124022180582
natural,refit_per_N,tuned_per_N,NSL-KDD-K80n8,500,4,4,fixed_300,SVM_Linear,0.8295739348370927,0.83,0.8584000745017695,0.8465400027013641,30,0.1,1.0,0.18181818181818182,0.8353076323462112,0.9134788082164157,1.179700975512459,0.3748172649322184,-0.9569358565226163,0.48036396561634637,0.9977377769779022,0.3885808813522987
natural,refit_per_N,tuned_per_N,NSL-KDD-K80n8,500,4,4,fixed_300,SVM_Poly2,0.8090644156366193,0.81,0.8465995440729484,0.8285759308450767,30,0.1,1.0,0.18181818181818182,1.076715263221118,1.1947844653899695,1.418156231621689,0.7587216745968762,-0.7550207414549011,0.49152748658354534,0.8450296073233868,0.3123788610663799
natural,refit_per_N,tuned_per_N,NSL-KDD-K80n8,500,4,4,fixed_300,SVM_RBF,0.8295739348370927,0.83,0.8584000745017695,0.8465400027013641,30,0.26666666666666666,1.0,0.42105263157894735,0.739589710849417,0.7542710094946894,1.025580686364296,0.2531836327944635,-0.5243992022260471,0.8059565771620107,0.9139364643714039,0.29879870591807484
natural,refit_per_N,tuned_per_N,NSL-KDD-K80n8,500,4,4,fixed_300,RandomForest,0.8261722232126939,0.8266666666666667,0.8563822334314137,0.8435459907253162,30,0.13333333333333333,1.0,0.23529411764705882,0.3104709804030833,0.30167784162733197,0.41570094642075894,0.12080758645988503,-0.21718853508670147,0.23257784272890572,0.29208107037372477,0.12630107296012255
natural,refit_per_N,tuned_per_N,NSL-KDD-K80n8,500,4,4,fixed_300,XGBoost,0.822890559732665,0.8233333333333334,0.8514155336189235,0.8397865922290757,30,0.2,1.0,0.3333333333333333,0.33238133976856865,0.3340757598178327,0.4645373194416364,0.07930351297508834,-0.2327711194753647,0.305997814575883,0.36524779895941417,0.1200462491806151
natural,refit_per_N,tuned_per_N,NSL-KDD-K80n8,500,4,4,full_test,QSVM_ZZ,0.6699050754097742,0.6793381831085876,0.7747383288730301,0.7164894926478156,2952,0.04742547425474255,1.0,0.09055627425614489,0.48430822064600304,0.6009048225479164,0.6750928099491319,0.3740197271557021,-0.25423217666220904,0.25448977458412325,0.3221489779301186,0.1600596171333123
natural,refit_per_N,tuned_per_N,NSL-KDD-K80n8,500,4,4,full_test,QSVM_Z,0.8161932105416352,0.8162704045422285,0.8396371078365058,0.8351244442130232,2952,0.39227642276422764,1.0,0.5635036496350365,0.684485289634259,0.753259049939342,0.9383507365116777,0.39422988639778156,-0.3120184746191509,0.5743869758527248,0.5262481306858989,0.38773551743746343
natural,refit_per_N,tuned_per_N,NSL-KDD-K80n8,500,4,4,full_test,SVM_Linear,0.7831274020318386,0.7838005677785663,0.82116349225224,0.8069925274308927,2952,0.04607046070460705,1.0,0.08808290155440414,0.7195759415641433,0.9551197059786526,1.1269376103063293,0.4000685077630212,-0.9980315347610406,0.3717875494347425,1.0240028755461583,0.29276447387852284
natural,refit_per_N,tuned_per_N,NSL-KDD-K80n8,500,4,4,full_test,SVM_Poly2,0.7442081219914007,0.7461852377572746,0.797323884208337,0.7731886251225042,2952,0.0508130081300813,1.0,0.09671179883945841,0.9000478509240774,1.2564123802391052,1.3585695135745106,0.7368494282803387,-0.7817688266678123,0.4153533964264386,0.8471314340433478,0.25700053643564125
natural,refit_per_N,tuned_per_N,NSL-KDD-K80n8,500,4,4,full_test,SVM_RBF,0.7758734726670424,0.776570262597587,0.8134729122308966,0.7996271109850652,2952,0.1852981029810298,1.0,0.3126607602172049,0.6097373921076713,0.8200851312052034,0.9821437563316479,0.28233482189924874,-0.6582976967794906,0.6447603068969502,0.8695485030313642,0.30488868757457227
natural,refit_per_N,tuned_per_N,NSL-KDD-K80n8,500,4,4,full_test,RandomForest,0.7711848708544438,0.7720901348474095,0.812195188631297,0.7960677224078526,2952,0.07621951219512195,1.0,0.141643059490085,0.2682718863096212,0.3196223688667353,0.39614372215465216,0.1311427278256916,-0.2507458061430082,0.17836900450910514,0.28181924133098957,0.12355920153311806
natural,refit_per_N,tuned_per_N,NSL-KDD-K80n8,500,4,4,full_test,XGBoost,0.7897324740072128,0.7901437189496097,0.8224637392542083,0.8118375954832042,2952,0.1758130081300813,1.0,0.2990492653414002,0.2918790470890706,0.3641532175536327,0.45905904397579944,0.08405794506358263,-0.2932822087168855,0.2690840862848753,0.3805539359548066,0.11661647083892542
natural,refit_per_N,tuned_per_N,NSL-KDD-K80n8,500,5,4,fixed_300,QSVM_ZZ,0.7082346479936841,0.7166666666666667,0.805045871559633,0.7455089820359282,30,0.0,0.0,0.0,0.5423428824239608,0.6163691361437146,0.7406388157057641,0.35426100374786157,-0.2975134464344905,0.12758103837786708,0.2975134464344905,0.12758103837786708
natural,refit_per_N,tuned_per_N,NSL-KDD-K80n8,500,5,4,fixed_300,QSVM_Z,0.8021705357043064,0.8033333333333333,0.8428229665071771,0.8225879068929809,30,0.3,1.0,0.46153846153846156,0.6754848894357415,0.6989011265399965,0.9221481850953175,0.3072219804315837,-0.40183347839889105,0.5549868809077584,0.6076385284353957,0.3166322805759723
natural,refit_per_N,tuned_per_N,NSL-KDD-K80n8,500,5,4,fixed_300,SVM_Linear,0.7917692893287358,0.7933333333333333,0.8372960147208368,0.8136058709648373,30,0.06666666666666667,1.0,0.125,2.3532532868030245,2.923277277298411,3.3568994811176527,1.6776700943542153,-2.037273261573963,1.435801845412841,2.053600726707135,1.412350288307777
natural,refit_per_N,tuned_per_N,NSL-KDD-K80n8,500,5,4,fixed_300,SVM_Poly2,0.8227642095172276,0.8233333333333334,0.8543853073463268,0.8405519787492683,30,0.1,1.0,0.18181818181818182,0.7995798095166484,0.8916472797597784,1.1203642275536216,0.42325729870596335,-0.7683416477912216,0.513755469543368,0.8764074630968174,0.2936043747025182
natural,refit_per_N,tuned_per_N,NSL-KDD-K80n8,500,5,4,fixed_300,SVM_RBF,0.8193496587715776,0.82,0.8524089306698003,0.8375579667732205,30,0.1,1.0,0.18181818181818182,0.6771141347341605,0.7880476155887186,1.0099321476778216,0.24400748549730614,-0.8507243939254744,0.518286338567456,0.9689056450558958,0.23146182005752802
natural,refit_per_N,tuned_per_N,NSL-KDD-K80n8,500,5,4,fixed_300,RandomForest,0.8159283347650018,0.8166666666666667,0.8504527447651387,0.8345639547971726,30,0.1,1.0,0.18181818181818182,0.30193039336113886,0.32940035555462027,0.4333522852716855,0.10896033004965658,-0.31175900777199655,0.17342718347045266,0.3329793371007017,0.12804463267724717
natural,refit_per_N,tuned_per_N,NSL-KDD-K80n8,500,5,4,fixed_300,XGBoost,0.7958477894666385,0.7966666666666666,0.8292303338992644,0.814303723380307,30,0.1,1.0,0.18181818181818182,0.2966496342420578,0.3655243784240017,0.46129258374373117,0.09390542530244048,-0.3559164792299271,0.2109644998870141,0.37837315698464713,0.16738074702150382
natural,refit_per_N,tuned_per_N,NSL-KDD-K80n8,500,5,4,full_test,QSVM_ZZ,0.6385339331153815,0.6534332860184529,0.7717032243513136,0.694875516548087,2952,0.011178861788617886,1.0,0.022110552763819097,0.44473215382603803,0.6452035722313396,0.6970785042068363,0.3579886831166427,-0.40964255369773556,0.26143463109087306,0.4150436168076162,0.2527723962003678
natural,refit_per_N,tuned_per_N,NSL-KDD-K80n8,500,5,4,full_test,QSVM_Z,0.7507381337588429,0.7527058197303051,0.8051001099305004,0.7799682266099326,2952,0.1907181571815718,1.0,0.3203413940256046,0.5616466500257901,0.7588174923261218,0.8825094832134152,0.3353027858275072,-0.6030658024942556,0.575989866772431,0.7311199371588246,0.40114377254475664
natural,refit_per_N,tuned_per_N,NSL-KDD-K80n8,500,5,4,full_test,SVM_Linear,0.7270055265507702,0.7299946770759403,0.7890300132192591,0.759042632235239,2952,0.041666666666666664,1.0,0.08,2.057645440123375,3.0251046200768488,3.2203586857734314,1.736217916804924,-2.04827425623829,1.1995323691572946,2.0746921682326156,1.1532379375041732
natural,refit_per_N,tuned_per_N,NSL-KDD-K80n8,500,5,4,full_test,SVM_Poly2,0.7556419710280691,0.7571859474804826,0.804748350553629,0.7832144663788233,2952,0.04708672086720867,1.0,0.08993853121967,0.6530456050052507,0.9762498355452504,1.0981063548266228,0.41676700578163556,-0.8718693142416672,0.4637317030097275,0.9178207847141288,0.36442859470584654
natural,refit_per_N,tuned_per_N,NSL-KDD-K80n8,500,5,4,full_test,SVM_RBF,0.766064854895936,0.767166430092264,0.8098121165618043,0.7918556683220263,2952,0.04607046070460705,1.0,0.08808290155440414,0.5624372555122853,0.8505698434340646,0.983587512279247,0.26899875582605015,-0.9786695038023867,0.38795671515862057,1.0287990619208995,0.22333136971808137
natural,refit_per_N,tuned_per_N,NSL-KDD-K80n8,500,5,4,full_test,RandomForest,0.7771336787901882,0.7778566359119943,0.8154268470503743,0.8011077371282941,2952,0.048102981029810296,1.0,0.09179056237879767,0.2535309271219952,0.35399433967631155,0.41834020583201675,0.12075345011481922,-0.36335495640854326,0.14820912186380536,0.37651637987840275,0.1105811187932055
natural,refit_per_N,tuned_per_N,NSL-KDD-K80n8,500,5,4,full_test,XGBoost,0.7486310580023454,0.7492015613910575,0.7807287445833364,0.7705771446081396,2952,0.043021680216802166,1.0,0.08249431633647288,0.24676640521711157,0.3965945409987378,0.4574926193126704,0.09424113734567975,-0.40715007436509704,0.17993282204519778,0.42609258861278454,0.1288103622924382
natural,refit_per_N,tuned_per_N,NSL-KDD-K80n8,500,6,4,fixed_300,QSVM_ZZ,0.7596777651160429,0.7633333333333333,0.8259803921568627,0.7874251497005988,30,0.16666666666666666,1.0,0.2857142857142857,0.5809704412412373,0.5639444673162417,0.7004412504723411,0.4061306076244202,-0.1451199227591117,0.1470725954941815,0.1511441296001337,0.14087438523175058
natural,refit_per_N,tuned_per_N,NSL-KDD-K80n8,500,6,4,fixed_300,QSVM_Z,0.8295739348370927,0.83,0.8584000745017695,0.8465400027013641,30,0.23333333333333334,1.0,0.3783783783783784,0.7126489533205935,0.6784099479118458,0.9246479366957174,0.33635514156772334,-0.3795012041418688,0.5584177161392723,0.5173415944847884,0.4338308244687853
natural,refit_per_N,tuned_per_N,NSL-KDD-K80n8,500,6,4,fixed_300,SVM_Linear,0.7960116373688846,0.7966666666666666,0.8262743628185907,0.8135383368601143,30,0.06666666666666667,1.0,0.125,1.4756198956042235,1.6469359044167153,1.9594116632826244,1.0249672596487864,-1.1174790803107697,0.6675085163700447,1.1409202175688546,0.6266004879517567
natural,refit_per_N,tuned_per_N,NSL-KDD-K80n8,500,6,4,fixed_300,SVM_Poly2,0.8095238095238095,0.81,0.8374464518532315,0.8262797712844987,30,0.23333333333333334,1.0,0.3783783783783784,0.8559279301296195,0.9845758245092867,1.1902207473779416,0.5342066531738547,-0.6610341055969964,0.678823417156305,0.7928594426462837,0.5187882271686665
natural,refit_per_N,tuned_per_N,NSL-KDD-K80n8,500,6,4,fixed_300,SVM_RBF,0.8163217597488618,0.8166666666666667,0.8416666666666667,0.8322677952365944,30,0.1,1.0,0.18181818181818182,0.6403831867999732,0.6989697718231919,0.9120871838260008,0.2583531245388939,-0.6871425765480058,0.5403985716431048,0.8161246418697234,0.3132668282342633
natural,refit_per_N,tuned_per_N,NSL-KDD-K80n8,500,6,4,fixed_300,RandomForest,0.8026997804059703,0.8033333333333333,0.8333020989505248,0.8202917473324028,30,0.1,1.0,0.18181818181818182,0.31575,0.3210117144799132,0.43805,0.10420547410445063,-0.2771666666666667,0.24750650945424085,0.3538333333333332,0.11350244735491632
natural,refit_per_N,tuned_per_N,NSL-KDD-K80n8,500,6,4,fixed_300,XGBoost,0.8061151720449278,0.8066666666666666,0.8353649992994255,0.8232857593084508,30,0.1,1.0,0.18181818181818182,0.311670402387778,0.35169602319995025,0.4655336100856463,0.06408580451117715,-0.3008699099222819,0.282851996548051,0.3990893602371216,0.106092587834333
natural,refit_per_N,tuned_per_N,NSL-KDD-K80n8,500,6,4,full_test,QSVM_ZZ,0.685358395369288,0.693222143364088,0.783260346153819,0.7290979710260199,2952,0.1070460704607046,1.0,0.193390452876377,0.4931685023342373,0.6060607123121182,0.6631224364001532,0.41327157299479406,-0.3138838743557131,0.3137936166695049,0.3201862801825827,0.30736015751219586
natural,refit_per_N,tuned_per_N,NSL-KDD-K80n8,500,6,4,full_test,QSVM_Z,0.777260391890996,0.7779009936124911,0.8138710778978051,0.8006832389429402,2952,0.1578590785907859,1.0,0.272674078408426,0.6022352735514782,0.7401063628370264,0.8836827052810118,0.3599300340464919,-0.5607187459531617,0.5525634086300503,0.6459314685881565,0.4500048560934579
natural,refit_per_N,tuned_per_N,NSL-KDD-K80n8,500,6,4,full_test,SVM_Linear,0.7377900629190162,0.7386000709723208,0.7728935538933606,0.7608894358581488,2952,0.04065040650406504,1.0,0.078125,1.2859904995044715,1.7170034238629261,1.8702905724776422,1.0506595532683392,-1.1723727729722133,0.5519004987942425,1.1904214333765328,0.5118094277498721
natural,refit_per_N,tuned_per_N,NSL-KDD-K80n8,500,6,4,full_test,SVM_Poly2,0.7422341171638117,0.7429914833215047,0.7769703936862817,0.7651725612827404,2952,0.1524390243902439,1.0,0.26455026455026454,0.6862922530112142,1.0971339068697015,1.1727359615137252,0.547165633715114,-0.839332267851502,0.5993267344419124,0.9080774944480751,0.48894422437580576
natural,refit_per_N,tuned_per_N,NSL-KDD-K80n8,500,6,4,full_test,SVM_RBF,0.7505224134048633,0.7508871540099361,0.7786466549583204,0.7709679446917497,2952,0.06910569105691057,1.0,0.12927756653992395,0.5378794963464796,0.732777270721793,0.8514746903467458,0.3182259146822203,-0.6799799242214066,0.49641562688754104,0.7361039891692546,0.4085977105802358
natural,refit_per_N,tuned_per_N,NSL-KDD-K80n8,500,6,4,full_test,RandomForest,0.7459414475527741,0.7467175301632364,0.78141174262338,0.7691217749895538,2952,0.039634146341463415,1.0,0.07624633431085044,0.25698766855926186,0.35764727957410414,0.42476756564939677,0.11630457235452053,-0.3661890243902438,0.17514954559253187,0.3928014905149052,0.10236578507693835
natural,refit_per_N,tuned_per_N,NSL-KDD-K80n8,500,6,4,full_test,XGBoost,0.7471327132644275,0.7478708303761533,0.7820877124184616,0.7701222623622423,2952,0.04573170731707317,1.0,0.08746355685131195,0.2507785668648182,0.39115530567885604,0.4586958471616906,0.07409779049411921,-0.3848230537824676,0.19692338475633608,0.4214387337669609,0.09621328321628245
natural,refit_per_N,tuned_per_N,NSL-KDD-K80n8,500,7,4,fixed_300,QSVM_ZZ,0.7348021215830274,0.74,0.810294968189705,0.7657016793480708,30,0.1,1.0,0.18181818181818182,0.5738319813561533,0.5792814626003038,0.7141455846851922,0.39350506936267143,-0.20245865999587823,0.18352573646828385,0.23193595812746995,0.14448846417982686
natural,refit_per_N,tuned_per_N,NSL-KDD-K80n8,500,7,4,fixed_300,QSVM_Z,0.8397435897435898,0.84,0.8645828523939241,0.8555220386295079,30,0.36666666666666664,1.0,0.5365853658536586,0.7202620993949371,0.6590650725483574,0.9189354251652063,0.3296997817021048,-0.23603710987589988,0.6439862228065202,0.5962443813158328,0.33900502968610424
natural,refit_per_N,tuned_per_N,NSL-KDD-K80n8,500,7,4,fixed_300,SVM_Linear,0.7891542743671839,0.79,0.8221561969439728,0.8075503129080186,30,0.06666666666666667,1.0,0.125,1.9585527377468521,2.2797955710470927,2.625911238406533,1.4621856381157268,-1.4843032258922109,1.0138339435970776,1.517717873386166,0.9630928243880749
natural,refit_per_N,tuned_per_N,NSL-KDD-K80n8,500,7,4,fixed_300,SVM_Poly2,0.7820522850979648,0.7833333333333333,0.8212918660287081,0.8023276754761155,30,0.1,1.0,0.18181818181818182,0.7164869199581553,0.8567312823330374,1.0492541878988328,0.38263252054144015,-0.6744440289264969,0.5114724378266963,0.7886203634458774,0.3075007726323326
natural,refit_per_N,tuned_per_N,NSL-KDD-K80n8,500,7,4,fixed_300,SVM_RBF,0.8095238095238095,0.81,0.8374464518532315,0.8262797712844987,30,0.1,1.0,0.18181818181818182,0.6480617341820192,0.7210781928206019,0.9405922684840949,0.2349977785860438,-0.7245357633674641,0.46659859866905656,0.8454679097726628,0.1668842060323437
natural,refit_per_N,tuned_per_N,NSL-KDD-K80n8,500,7,4,fixed_300,RandomForest,0.8092348196655473,0.81,0.8433786078098472,0.827810544324884,30,0.1,1.0,0.18181818181818182,0.3183166666666667,0.30612238792497504,0.42625,0.11553074987494309,-0.18866666666666668,0.20996004910987762,0.264,0.09991162761827742
natural,refit_per_N,tuned_per_N,NSL-KDD-K80n8,500,7,4,fixed_300,XGBoost,0.8332147304750044,0.8333333333333334,0.8525714285714285,0.847237855116834,30,0.4,1.0,0.5714285714285714,0.3251913549502691,0.3516164991074279,0.4734570614496867,0.07226334300586564,-0.13680980404218038,0.3736885731755583,0.3680506765842438,0.15132340093298455
natural,refit_per_N,tuned_per_N,NSL-KDD-K80n8,500,7,4,full_test,QSVM_ZZ,0.669254473321875,0.6792494677075941,0.7788095393573853,0.717075444019533,2952,0.08604336043360433,1.0,0.1584529008109794,0.5007458563165352,0.5807412793007317,0.6516839862082043,0.404122293646138,-0.16153006293998423,0.2286264714181171,0.23350450659259706,0.15439452732348438
natural,refit_per_N,tuned_per_N,NSL-KDD-K80n8,500,7,4,full_test,QSVM_Z,0.790377448061448,0.790764726756565,0.8225558227480452,0.8122953825303472,2952,0.2676151761517615,1.0,0.4222340994120791,0.6237967087577827,0.6932945711382928,0.8593572290938283,0.36233251169478137,-0.36690380498681535,0.5721944763428595,0.5795848707919175,0.3551144863564405
natural,refit_per_N,tuned_per_N,NSL-KDD-K80n8,500,7,4,full_test,SVM_Linear,0.7374624187101044,0.7382452093683464,0.7720893167621868,0.7603898501654569,2952,0.02981029810298103,1.0,0.05789473684210526,1.737143423911285,2.3626437660343114,2.520557858020303,1.498846531433796,-1.5461189703566822,0.8344413547314177,1.5610042821935193,0.8062517447772168
natural,refit_per_N,tuned_per_N,NSL-KDD-K80n8,500,7,4,full_test,SVM_Poly2,0.7114801119519368,0.7133605393896381,0.7572762074419359,0.7387075029082317,2952,0.05928184281842819,1.0,0.11192836584585865,0.5835067167616466,0.9103325759120205,0.9957997293074503,0.42138864054905395,-0.6159241536039795,0.40028113974690693,0.6777116839126011,0.28336271335200075
natural,refit_per_N,tuned_per_N,NSL-KDD-K80n8,500,7,4,full_test,SVM_RBF,0.744023071148041,0.7445440028388929,0.7747518891405252,0.7654715271181292,2952,0.06334688346883469,1.0,0.11914622491239248,0.5456070363557711,0.7535973960367521,0.8808795004410638,0.29941172177622416,-0.692959810919398,0.44207343936909926,0.7487920396478808,0.33901726608690397
natural,refit_per_N,tuned_per_N,NSL-KDD-K80n8,500,7,4,full_test,RandomForest,0.7613943960232663,0.7621540099361249,0.7984062113667747,0.7850229218107025,2952,0.06605691056910569,1.0,0.12392755004766444,0.2713440383250532,0.3305024909767221,0.40775904897090137,0.1288100992108627,-0.26480182926829265,0.16999607347422402,0.2943411246612466,0.11127432818777333
natural,refit_per_N,tuned_per_N,NSL-KDD-K80n8,500,7,4,full_test,XGBoost,0.7748683850554289,0.7749290276792051,0.7954617941604967,0.7923985251216721,2952,0.2513550135501355,1.0,0.40173253925284247,0.2676346887595756,0.3935915335691393,0.46949870267458593,0.07818945012994125,-0.26318229635960366,0.33383056554748075,0.4008296835349827,0.14157447654189187
natural,refit_per_N,tuned_per_N,NSL-KDD-K80n8,500,8,4,fixed_300,QSVM_ZZ,0.7572379068512858,0.76,0.8117816806806308,0.7821349781639728,30,0.1,1.0,0.18181818181818182,0.5981491709329616,0.5513849017485511,0.6967791219465895,0.41988878978056626,-0.03896706527405953,0.22657350916097754,0.1388752484595909,0.18321477177039866
natural,refit_per_N,tuned_per_N,NSL-KDD-K80n8,500,8,4,fixed_300,QSVM_Z,0.8365195342474894,0.8366666666666667,0.8572214076246334,0.8509972536130745,30,0.13333333333333333,1.0,0.23529411764705882,0.7815468981951248,0.6607211858455675,0.958096407654607,0.3597489585015237,-0.3392462887868623,0.45030023821464993,0.4254728509565561,0.3699070181690661
natural,refit_per_N,tuned_per_N,NSL-KDD-K80n8,500,8,4,fixed_300,SVM_Linear,0.7891542743671839,0.79,0.8221561969439728,0.8075503129080186,30,0.03333333333333333,1.0,0.06451612903225806,1.1348672247827283,1.2316488196955284,1.548345103483652,0.6383650001853466,-1.0449020752262153,0.4259315717175824,1.0470241267066802,0.4206881608649988
natural,refit_per_N,tuned_per_N,NSL-KDD-K80n8,500,8,4,fixed_300,SVM_Poly2,0.7891542743671839,0.79,0.8221561969439728,0.8075503129080186,30,0.1,1.0,0.18181818181818182,0.6396603210468486,0.7259549882450743,0.9244436213551207,0.2856220618500841,-0.5270018412165233,0.4509035284328986,0.6552507292598079,0.22735745952867606
natural,refit_per_N,tuned_per_N,NSL-KDD-K80n8,500,8,4,fixed_300,SVM_RBF,0.8029633422760517,0.8033333333333333,0.8277777777777777,0.8187609742920174,30,0.1,1.0,0.18181818181818182,0.62500084524506,0.6987042127584893,0.9055426921153598,0.24249962111303747,-0.7109680002298567,0.4881085623683669,0.8275936320579476,0.2425164864195627
natural,refit_per_N,tuned_per_N,NSL-KDD-K80n8,500,8,4,fixed_300,RandomForest,0.813034188034188,0.8133333333333334,0.8368807424165474,0.8285083967403539,30,0.1,1.0,0.18181818181818182,0.3185133333333333,0.3072111811477932,0.42582000000000003,0.12044409878999192,-0.2457333333333333,0.2313276079983153,0.3257333333333333,0.08829002712021834
natural,refit_per_N,tuned_per_N,NSL-KDD-K80n8,500,8,4,fixed_300,XGBoost,0.8333036984352773,0.8333333333333334,0.8480892152862778,0.8457070820764486,30,0.23333333333333334,1.0,0.3783783783783784,0.33044286966323855,0.3371319147346253,0.4634930255015691,0.0895803179013812,-0.2736234039068222,0.296384950596378,0.37289091845353445,0.15383812609510325
natural,refit_per_N,tuned_per_N,NSL-KDD-K80n8,500,8,4,full_test,QSVM_ZZ,0.7064019666999586,0.7114531582682754,0.7849915411466346,0.7438838306429296,2952,0.05555555555555555,1.0,0.10526315789473684,0.5267612157292683,0.5810721213792652,0.6581993896270948,0.4264923822711209,-0.1915035885218223,0.36744862010544305,0.2839634842826434,0.3017562798488054
natural,refit_per_N,tuned_per_N,NSL-KDD-K80n8,500,8,4,full_test,QSVM_Z,0.7977688564648612,0.7977732434350603,0.8148858742927036,0.8140297254088975,2952,0.19004065040650406,1.0,0.3193851409052092,0.6788577651230033,0.7224498472563258,0.9213233561088381,0.3659848638356978,-0.4744473512975914,0.5417779121970289,0.5901811744878804,0.4126860508643074
natural,refit_per_N,tuned_per_N,NSL-KDD-K80n8,500,8,4,full_test,SVM_Linear,0.7323979945351989,0.7334989354151881,0.7712758027125743,0.756897312138459,2952,0.011517615176151762,1.0,0.02277294038847957,0.9872768912939022,1.3014463143569213,1.479454584466162,0.692598225335744,-1.013976537548467,0.3541215868097113,1.0207043932812607,0.3342350347880059
natural,refit_per_N,tuned_per_N,NSL-KDD-K80n8,500,8,4,full_test,SVM_Poly2,0.7374815245055579,0.7378459900638751,0.7646002990951272,0.7575340012402217,2952,0.2117208672086721,1.0,0.349454850433324,0.5276915315320303,0.7711663737127015,0.8899510206204222,0.28485629586246924,-0.3295424435423064,0.6456413508489174,0.687175721305486,0.23073903889488254
natural,refit_per_N,tuned_per_N,NSL-KDD-K80n8,500,8,4,full_test,SVM_RBF,0.7597673051432396,0.7598030518097941,0.7784692449061457,0.7763818081349408,2952,0.21375338753387535,1.0,0.3522188110521909,0.5245789468755175,0.7296871235401713,0.8455182232849855,0.3045082985049139,-0.6838081016919352,0.47869077167066243,0.740827214636725,0.38459512851279615
natural,refit_per_N,tuned_per_N,NSL-KDD-K80n8,500,8,4,full_test,RandomForest,0.7708715931362463,0.7713360539389638,0.8029838150783617,0.7927749175515899,2952,0.04844173441734417,1.0,0.09240710823909531,0.27374733853797023,0.3358293189672582,0.4122700496806246,0.13323791866795973,-0.31961314363143634,0.17682758644679844,0.3516036585365854,0.09897183545967704
natural,refit_per_N,tuned_per_N,NSL-KDD-K80n8,500,8,4,full_test,XGBoost,0.7912940522091221,0.7912970191625266,0.8056038670522845,0.8062369059764705,2952,0.16429539295392953,1.0,0.28222286878091357,0.28694751887530023,0.3663709825726587,0.45509283337940387,0.09724756278001197,-0.3178159275109852,0.23822407313276317,0.3674191706952687,0.15086691421657997
natural,refit_per_N,tuned_per_N,NSL-KDD-K80n8,500,9,4,fixed_300,QSVM_ZZ,0.7232062512102607,0.73,0.8107476635514019,0.7574850299401197,30,0.0,0.0,0.0,0.5613430498616323,0.6018734050192059,0.7372441570166345,0.3658260081544288,-0.26404051903284886,0.05951131938552695,0.26404051903284886,0.05951131938552695
natural,refit_per_N,tuned_per_N,NSL-KDD-K80n8,500,9,4,fixed_300,QSVM_Z,0.8296801772216718,0.83,0.8555555555555555,0.8457746161811714,30,0.1,1.0,0.18181818181818182,0.6956097477138893,0.6732530832893001,0.9182095304801172,0.30664946340832366,-0.46470215085456185,0.515901825414087,0.6315795865083823,0.2884614504233517
natural,refit_per_N,tuned_per_N,NSL-KDD-K80n8,500,9,4,fixed_300,SVM_Linear,0.8028404344193818,0.8033333333333333,0.8304619109703856,0.8195263608122101,30,0.06666666666666667,1.0,0.125,1.2953847418798012,1.395129997004562,1.7214336673548087,0.8130654751828552,-1.0060560100020368,0.5532223402197436,1.0142389384930164,0.5380734416638561
natural,refit_per_N,tuned_per_N,NSL-KDD-K80n8,500,9,4,fixed_300,SVM_Poly2,0.8159283347650018,0.8166666666666667,0.8504527447651387,0.8345639547971726,30,0.1,1.0,0.18181818181818182,1.2114471038306924,1.3668978048743456,1.5267314681162687,1.0025491103250852,-0.6304734808525648,0.6322629823921027,0.8420059037071953,0.2971184058316399
natural,refit_per_N,tuned_per_N,NSL-KDD-K80n8,500,9,4,fixed_300,SVM_RBF,0.8160760664801417,0.8166666666666667,0.8473575712143928,0.83379856827698,30,0.1,1.0,0.18181818181818182,0.7444278500486113,0.8017412078897751,1.0567274258599293,0.283353023262503,-0.7371272148508218,0.6906218208501836,0.9517332219337858,0.3384064192294347
natural,refit_per_N,tuned_per_N,NSL-KDD-K80n8,500,9,4,fixed_300,RandomForest,0.8227642095172276,0.8233333333333334,0.8543853073463268,0.8405519787492683,30,0.1,1.0,0.18181818181818182,0.3168333333333333,0.30757298140260775,0.4256333333333333,0.11756175209461432,-0.2215,0.2323687801749624,0.29883333333333334,0.11728656738471328
natural,refit_per_N,tuned_per_N,NSL-KDD-K80n8,500,9,4,fixed_300,XGBoost,0.813034188034188,0.8133333333333334,0.8368807424165474,0.8285083967403539,30,0.13333333333333333,1.0,0.23529411764705882,0.3056223769982656,0.3693235888875841,0.4748310832182566,0.06588165936474494,-0.3361268033583959,0.2814087341643438,0.4306363731622696,0.08200254696994827
natural,refit_per_N,tuned_per_N,NSL-KDD-K80n8,500,9,4,full_test,QSVM_ZZ,0.6684989547183513,0.6791607523066004,0.7837096414830714,0.7177616030099133,2952,0.0010162601626016261,1.0,0.0020304568527918783,0.48364727277199854,0.6195546081912645,0.6921758528820536,0.3723643184810072,-0.36370982908328126,0.2295063930178957,0.3647228470015774,0.22789310889743553
natural,refit_per_N,tuned_per_N,NSL-KDD-K80n8,500,9,4,full_test,QSVM_Z,0.7724993336906995,0.7733321504613201,0.8123312886961178,0.7969958224544715,2952,0.07215447154471545,1.0,0.13459715639810427,0.5899860017067857,0.7251781283206908,0.8759866749479662,0.32651821590573765,-0.5734316469332584,0.4994779590812185,0.680818670552274,0.3388038121685804
natural,refit_per_N,tuned_per_N,NSL-KDD-K80n8,500,9,4,full_test,SVM_Linear,0.7445666422249024,0.7450762952448545,0.7751311602133628,0.7659515976820104,2952,0.04031165311653116,1.0,0.07749918593292088,1.1277448182453091,1.461867944066207,1.626313895969824,0.8740534152687447,-0.9468134059254875,0.5326932136354453,0.9682469575941286,0.4926616634194237
natural,refit_per_N,tuned_per_N,NSL-KDD-K80n8,500,9,4,full_test,SVM_Poly2,0.7521970002108784,0.7536816891412349,0.7997770794087246,0.779347329355826,2952,0.058265582655826556,1.0,0.11011523687580026,0.968988139220894,1.3943066370552226,1.4109187439974569,0.9446360727410602,-0.7551071197271387,0.525265400157308,0.8743317415064142,0.28571753299262787
natural,refit_per_N,tuned_per_N,NSL-KDD-K80n8,500,9,4,full_test,SVM_RBF,0.7626945268828835,0.7635734563520227,0.8020401755106422,0.7870964202954676,2952,0.06368563685636856,1.0,0.1197452229299363,0.6095361120211419,0.8581952304365227,1.0041517485816303,0.3157730058480308,-0.8435873421628559,0.5519382082544138,0.9497266748052221,0.33807489222345377
natural,refit_per_N,tuned_per_N,NSL-KDD-K80n8,500,9,4,full_test,RandomForest,0.7804856575390233,0.781139105748758,0.8177654292607819,0.8041161884228376,2952,0.0687669376693767,1.0,0.12868462757527735,0.26922884137686304,0.33633773721427773,0.41081374201561394,0.12976637420640694,-0.2798949864498645,0.1936357123767608,0.31691395663956645,0.12410292758223113
natural,refit_per_N,tuned_per_N,NSL-KDD-K80n8,500,9,4,full_test,XGBoost,0.7625481555201798,0.7627306600425834,0.7869510681554932,0.7815587015836936,2952,0.1182249322493225,1.0,0.21145107543168737,0.2586843904102521,0.39774178441898606,0.4680465296971049,0.07777266199134501,-0.33878305874421666,0.2533362103045491,0.40815913585345276,0.11117246135136533
natural,refit_per_N,tuned_per_N,NSL-KDD-K80n8,500,10,4,fixed_300,QSVM_ZZ,0.7243366496125966,0.73,0.8007936507936508,0.7559542568997344,30,0.13333333333333333,1.0,0.23529411764705882,0.5748068404705781,0.5890910204151407,0.7306713715180772,0.37888056301348116,-0.14972601020500634,0.3040187869221514,0.3072713310767041,0.14293225679277813
natural,refit_per_N,tuned_per_N,NSL-KDD-K80n8,500,10,4,fixed_300,QSVM_Z,0.8533333333333334,0.8533333333333334,0.8644365404529287,0.8644365404529287,30,0.5,1.0,0.6666666666666666,0.7218245880348786,0.6437220660743663,0.9162475483373564,0.30967606366743455,-0.21413860770950616,0.5824674669771854,0.5132995387811433,0.3487796967795718
natural,refit_per_N,tuned_per_N,NSL-KDD-K80n8,500,10,4,fixed_300,SVM_Linear,0.7927438045997504,0.7933333333333333,0.8213535098781,0.8097789383638738,30,0.0,0.0,0.0,1.3798285883328942,1.5872933287010758,1.8671202178204294,0.9681369411017643,-1.411554820340342,0.5504108485009362,1.411554820340342,0.5504108485009362
natural,refit_per_N,tuned_per_N,NSL-KDD-K80n8,500,10,4,fixed_300,SVM_Poly2,0.7753462015625174,0.7766666666666666,0.8141148325358851,0.7955742650038269,30,0.1,1.0,0.18181818181818182,0.617298543404911,0.7500385353015072,0.9288940872066361,0.28420251737028235,-0.6271508078674389,0.4308337615716741,0.7116588605267409,0.2692165153785335
natural,refit_per_N,tuned_per_N,NSL-KDD-K80n8,500,10,4,fixed_300,SVM_RBF,0.8028404344193818,0.8033333333333333,0.8304619109703856,0.8195263608122101,30,0.1,1.0,0.18181818181818182,0.6551951582084562,0.7548767433225634,0.9728673293899948,0.22945315939132868,-0.7699210373387556,0.5133320223780168,0.8810928575628318,0.282778261695013
natural,refit_per_N,tuned_per_N,NSL-KDD-K80n8,500,10,4,fixed_300,RandomForest,0.8165015180328963,0.8166666666666667,0.8366019061583578,0.8307370221962092,30,0.23333333333333334,1.0,0.3783783783783784,0.32585165241955577,0.2953990171278951,0.4218917996859296,0.1242867171601572,-0.16350140784798003,0.2768496564053366,0.29910320466482343,0.11796489129930636
natural,refit_per_N,tuned_per_N,NSL-KDD-K80n8,500,10,4,fixed_300,XGBoost,0.8165015180328963,0.8166666666666667,0.8366019061583578,0.8307370221962092,30,0.2,1.0,0.3333333333333333,0.31778655856847765,0.32407444736507157,0.4410854998230934,0.10703329429474216,-0.25573983987172444,0.29998538802916563,0.35716798702875774,0.16680865616163176
natural,refit_per_N,tuned_per_N,NSL-KDD-K80n8,500,10,4,full_test,QSVM_ZZ,0.6772092401211398,0.6860361958836054,0.7802200028071,0.7227986447224499,2952,0.09993224932249323,1.0,0.18170619032953494,0.5000440315864411,0.5910627400131053,0.6723166337352157,0.3839134539970818,-0.18752855997226162,0.28529909827685457,0.2975712078107387,0.16737357188312205
natural,refit_per_N,tuned_per_N,NSL-KDD-K80n8,500,10,4,full_test,QSVM_Z,0.8043203759860929,0.8044712562100781,0.8123640618441237,0.8162804689276821,2952,0.5298102981029811,1.0,0.6926483613817538,0.6210796238110519,0.6730705600156652,0.8390462156474525,0.36710397148596374,-0.23940625654675,0.5183036786877077,0.4227725477348726,0.38368923870328137
natural,refit_per_N,tuned_per_N,NSL-KDD-K80n8,500,10,4,full_test,SVM_Linear,0.7682245568841035,0.7682310149041873,0.784879185660688,0.7839975390074485,2952,0.16666666666666666,1.0,0.2857142857142857,1.2225221938409747,1.6473140784635705,1.7721279345537624,1.0333280075137075,-1.174921622341319,0.7803581227467433,1.2541116505240442,0.6454483607554022
natural,refit_per_N,tuned_per_N,NSL-KDD-K80n8,500,10,4,full_test,SVM_Poly2,0.7234769942224732,0.7242281760113556,0.7561247970767273,0.7457480149274366,2952,0.21002710027100271,1.0,0.3471444568868981,0.5126070552171005,0.8003497125569108,0.9043203204461767,0.29245583166762396,-0.3477961985820427,0.702384512960754,0.7334509057648596,0.2763258377856518
natural,refit_per_N,tuned_per_N,NSL-KDD-K80n8,500,10,4,full_test,SVM_RBF,0.7486602611367726,0.7488466997870831,0.7723474762501821,0.7673343753545492,2952,0.2046070460704607,1.0,0.33970753655793023,0.5475703450502929,0.7923784242958768,0.9234777812944267,0.27365240273682295,-0.6553122687910284,0.6254396682504343,0.8543884325537205,0.30104709692613685
natural,refit_per_N,tuned_per_N,NSL-KDD-K80n8,500,10,4,full_test,RandomForest,0.7824091993105364,0.7824254790631654,0.8005052299164099,0.7989455338773127,2952,0.28929539295392953,1.0,0.4487651077246453,0.2825850860760807,0.3147525420853573,0.39808361487379035,0.14301373776961523,-0.18772405811357748,0.25244708332893306,0.28033620178225854,0.14276367131105833
natural,refit_per_N,tuned_per_N,NSL-KDD-K80n8,500,10,4,full_test,XGBoost,0.7729765741492456,0.7729772888573456,0.7886347815875947,0.7883418417930815,2952,0.26490514905149054,1.0,0.41885377611140867,0.2792412143589293,0.34514785525130526,0.42946246997145915,0.11253748116622739,-0.23049624487353856,0.30977185593331524,0.3570520042827943,0.1469727453197098
natural,refit_per_N,tuned_per_N,NSL-KDD-K80n8,1000,1,8,fixed_300,QSVM_ZZ,0.7493111703328967,0.7533333333333333,0.8166880616174583,0.7776777272522624,30,0.2,1.0,0.3333333333333333,0.5908947369655144,0.6027813647300762,0.7666126870852493,0.353280273776121,-0.18033419011539342,0.34322388215405164,0.34069570309427605,0.18506618086125334
natural,refit_per_N,tuned_per_N,NSL-KDD-K80n8,1000,1,8,fixed_300,QSVM_Z,0.8599751066856329,0.86,0.8752889976880185,0.8727207239656026,30,0.43333333333333335,1.0,0.6046511627906976,0.7589756237674856,0.6791222666033354,0.9735720649847944,0.2990125160439589,-0.27772487829810366,0.7180350472619336,0.7121184489010831,0.2925623896827121
natural,refit_per_N,tuned_per_N,NSL-KDD-K80n8,1000,1,8,fixed_300,SVM_Linear,0.7927438045997504,0.7933333333333333,0.8213535098781,0.8097789383638738,30,0.0,0.0,0.0,1.2423696625725753,1.3538785030130758,1.641979400777977,0.8248472748469354,-0.9793643731076234,0.40069128151453837,0.9793643731076234,0.40069128151453837
natural,refit_per_N,tuned_per_N,NSL-KDD-K80n8,1000,1,8,fixed_300,SVM_Poly2,0.7753462015625174,0.7766666666666666,0.8141148325358851,0.7955742650038269,30,0.1,1.0,0.18181818181818182,0.6896631400703261,0.8231395789558237,1.0239200348398514,0.3237001320184936,-0.6630949180580887,0.5190799463355992,0.8069458873411918,0.24078454257981058
natural,refit_per_N,tuned_per_N,NSL-KDD-K80n8,1000,1,8,fixed_300,SVM_RBF,0.8062447107033095,0.8066666666666666,0.83258275685965,0.8225203727882581,30,0.1,1.0,0.18181818181818182,0.6428989218748901,0.7107666060737948,0.9271906498438731,0.24254008101683572,-0.7196796324865132,0.4564855554768438,0.8192193082842313,0.23494161127656935
natural,refit_per_N,tuned_per_N,NSL-KDD-K80n8,1000,1,8,fixed_300,RandomForest,0.8163217597488618,0.8166666666666667,0.8416666666666667,0.8322677952365944,30,0.23333333333333334,1.0,0.3783783783783784,0.3319787092008151,0.2810811327253958,0.4128648232180558,0.13696387949366248,-0.11982529301226315,0.2043510876867771,0.19917518549454194,0.12824474011614825
natural,refit_per_N,tuned_per_N,NSL-KDD-K80n8,1000,1,8,fixed_300,XGBoost,0.86,0.86,0.8711899509252172,0.8711899509252172,30,0.5333333333333333,1.0,0.6956521739130435,0.36097684800624846,0.3028931616495303,0.4630869925022125,0.08717218332604997,0.0006409784158070883,0.35460225017998104,0.3345143417517344,0.11765764679118496
natural,refit_per_N,tuned_per_N,NSL-KDD-K80n8,1000,1,8,full_test,QSVM_ZZ,0.6808498248630223,0.6888307310149042,0.7777605624204645,0.7246269563164354,2952,0.14735772357723578,1.0,0.25686448184233834,0.5115050841237805,0.6130488862391495,0.7067129153600904,0.37151479548838856,-0.22735128728089427,0.33446666189630164,0.360251437230608,0.18378100478998372
natural,refit_per_N,tuned_per_N,NSL-KDD-K80n8,1000,1,8,full_test,QSVM_Z,0.811076297677862,0.8110805535841022,0.8285205578304249,0.8276097594998696,2952,0.36449864498644985,1.0,0.5342601787487586,0.6569059516003661,0.7283444387652418,0.9209929853620827,0.3373173159535043,-0.3769142129791745,0.7290695761171588,0.7477700561171098,0.3382997397870396
natural,refit_per_N,tuned_per_N,NSL-KDD-K80n8,1000,1,8,full_test,SVM_Linear,0.7578744551737193,0.7579400283889283,0.7779741814660017,0.775083602707509,2952,0.1632791327913279,1.0,0.2807221898660454,1.0797349072783933,1.402782969078452,1.5330058085691298,0.8851670572413692,-0.8019622208225479,0.5350106533464839,0.8476100817090725,0.45927873040889244
natural,refit_per_N,tuned_per_N,NSL-KDD-K80n8,1000,1,8,full_test,SVM_Poly2,0.731603114999728,0.732123846699787,0.7612234391405495,0.7526582080940714,2952,0.21104336043360433,1.0,0.34853146853146855,0.5623827129065271,0.8764578768722036,0.9907046522676026,0.32086915975637853,-0.36635196953534,0.8363459246227174,0.8603878553042099,0.30564850672050214
natural,refit_per_N,tuned_per_N,NSL-KDD-K80n8,1000,1,8,full_test,SVM_RBF,0.7570215013680343,0.757097232079489,0.7775131586878179,0.7743934275485557,2952,0.20528455284552846,1.0,0.3406408094435076,0.543272601669636,0.7421037622130735,0.8729348142076817,0.2895650596323614,-0.6347702009085865,0.5111879657221932,0.7514176684062662,0.31562292671416003
natural,refit_per_N,tuned_per_N,NSL-KDD-K80n8,1000,1,8,full_test,RandomForest,0.7590336354515537,0.7593594748048261,0.7869408162208451,0.7793992466598577,2952,0.13956639566395665,1.0,0.24494649227110582,0.28668310461158464,0.30221460401704625,0.38755008586449297,0.15272786352640746,-0.16638563282394114,0.17701455124307955,0.20507582339626568,0.13023915240954168
natural,refit_per_N,tuned_per_N,NSL-KDD-K80n8,1000,1,8,full_test,XGBoost,0.8095455130231006,0.8096167494677076,0.8197121257579723,0.8227165375462453,2952,0.40582655826558267,1.0,0.5773493975903614,0.3067078604947873,0.34234760126067587,0.44804071285084385,0.10262120349292497,-0.09664723133733925,0.32919681569168385,0.3219600413751796,0.11854519199195838
natural,refit_per_N,tuned_per_N,NSL-KDD-K80n8,1000,2,8,fixed_300,QSVM_ZZ,0.7707246898039921,0.7733333333333333,0.8267077964077815,0.7956417991085498,30,0.1,1.0,0.18181818181818182,0.641669433610133,0.603608046386301,0.8012067807274343,0.36626497267445113,-0.22802624406527736,0.27351788333747207,0.3083588644344533,0.17810898689460583
natural,refit_per_N,tuned_per_N,NSL-KDD-K80n8,1000,2,8,fixed_300,QSVM_Z,0.8295739348370927,0.83,0.8584000745017695,0.8465400027013641,30,0.1,1.0,0.18181818181818182,0.7076368664093957,0.6838256196756688,0.9472706644521309,0.2665439946705601,-0.5485525228352487,0.5512801768261599,0.6976318258324352,0.34369978070417945
natural,refit_per_N,tuned_per_N,NSL-KDD-K80n8,1000,2,8,fixed_300,SVM_Linear,0.8162071846282373,0.8166666666666667,0.8444309927360775,0.8330331817567871,30,0.1,1.0,0.18181818181818182,1.1931708457997108,1.2503185387623212,1.6008293279520256,0.6513820525680833,-1.0601805252767769,0.5384310992919645,1.1095249352703107,0.4276040374859769
natural,refit_per_N,tuned_per_N,NSL-KDD-K80n8,1000,2,8,fixed_300,SVM_Poly2,0.7958477894666385,0.7966666666666666,0.8292303338992644,0.814303723380307,30,0.1,1.0,0.18181818181818182,0.790216898570521,0.9241371745652786,1.1176720914821687,0.4788333323002733,-0.7601808558093315,0.5135621151107381,0.8829489783009794,0.24904232839675883
natural,refit_per_N,tuned_per_N,NSL-KDD-K80n8,1000,2,8,fixed_300,SVM_RBF,0.8159283347650018,0.8166666666666667,0.8504527447651387,0.8345639547971726,30,0.1,1.0,0.18181818181818182,0.6890368450577239,0.7610366935546743,0.9991565168895598,0.23587046771661754,-0.7990847964888281,0.5798480032671305,0.9724252880932859,0.17073159622389775
natural,refit_per_N,tuned_per_N,NSL-KDD-K80n8,1000,2,8,fixed_300,RandomForest,0.8265433196940046,0.8266666666666667,0.8457142857142856,0.8404844446445454,30,0.1,1.0,0.18181818181818182,0.33353868398308434,0.2909841361852435,0.4256303475213272,0.12148509576698842,-0.20155364075584567,0.23403859033960014,0.28429170379806895,0.12073176475838777
natural,refit_per_N,tuned_per_N,NSL-KDD-K80n8,1000,2,8,fixed_300,XGBoost,0.8566650740563784,0.8566666666666667,0.8668854522567884,0.8674305524289766,30,0.3333333333333333,1.0,0.5,0.3501173888643583,0.3111506982670362,0.4550322555502256,0.11109720710321501,-0.14696757197380067,0.29269192542430306,0.26764711340268454,0.18876719287967011
natural,refit_per_N,tuned_per_N,NSL-KDD-K80n8,1000,2,8,full_test,QSVM_ZZ,0.6979610702465375,0.7042228530872959,0.7857123376761117,0.7383221513330354,2952,0.09247967479674797,1.0,0.16930232558139535,0.5337302670426098,0.6612232691398597,0.7627939951831259,0.37447233612370434,-0.39552315644672886,0.38002979921332586,0.4564394282209486,0.30417801357270685
natural,refit_per_N,tuned_per_N,NSL-KDD-K80n8,1000,2,8,full_test,QSVM_Z,0.7795736452606122,0.7802075940383251,0.8163259239320048,0.8030349403536378,2952,0.046747967479674794,1.0,0.08932038834951456,0.6006701617566815,0.7384463319988575,0.9065478509909214,0.2903078061835525,-0.6624888008597719,0.42343025479912594,0.7284492654244814,0.2958821718968629
natural,refit_per_N,tuned_per_N,NSL-KDD-K80n8,1000,2,8,full_test,SVM_Linear,0.7691436643062453,0.7697391767210788,0.803874242927422,0.7919610034765897,2952,0.041666666666666664,1.0,0.08,1.0381569509118231,1.3095091592146644,1.5179434982554774,0.6988788370651625,-1.0899602256150451,0.4220582337518628,1.1135608850650895,0.355145887423178
natural,refit_per_N,tuned_per_N,NSL-KDD-K80n8,1000,2,8,full_test,SVM_Poly2,0.7273432582298867,0.7286639460610362,0.7686018577143632,0.7527381302498917,2952,0.04911924119241192,1.0,0.09363900548918308,0.651029715027368,0.9930489981818312,1.0756044873644666,0.5030516766694828,-0.764157241985345,0.3949258758633276,0.8164803401211257,0.27067063398299523
natural,refit_per_N,tuned_per_N,NSL-KDD-K80n8,1000,2,8,full_test,SVM_RBF,0.761401974479651,0.7626863023420866,0.8074465276007363,0.7879580790318261,2952,0.04607046070460705,1.0,0.08808290155440414,0.5643613630519676,0.8247855481489016,0.961522983452167,0.27248578097655346,-0.910315088345515,0.4138509717481303,0.9844123300221025,0.17572293927324825
natural,refit_per_N,tuned_per_N,NSL-KDD-K80n8,1000,2,8,full_test,RandomForest,0.773012651122088,0.7731547196593329,0.7967549408772194,0.7918045414128085,2952,0.0521680216802168,1.0,0.09916291049581455,0.2818048917878495,0.32661189644248245,0.4092773628525375,0.13631349232482018,-0.2886363458178037,0.19519823706422093,0.32168138195721907,0.13391930548702935
natural,refit_per_N,tuned_per_N,NSL-KDD-K80n8,1000,2,8,full_test,XGBoost,0.7932926455182427,0.7932931156848829,0.8092836322070525,0.809017326361072,2952,0.16565040650406504,1.0,0.2842197035745423,0.298832991807553,0.35074974378547075,0.44703255775414347,0.11175165352698264,-0.2648822914576789,0.2617791877800514,0.3325111155870161,0.1677120433771295
natural,refit_per_N,tuned_per_N,NSL-KDD-K80n8,1000,3,8,fixed_300,QSVM_ZZ,0.7253585596582239,0.73,0.7918302003718241,0.754423483859349,30,0.0,0.0,0.0,0.5762083297143992,0.6288233135235164,0.779915714792613,0.3452046880945853,-0.32880849640395865,0.09942211753218218,0.32880849640395865,0.09942211753218218
natural,refit_per_N,tuned_per_N,NSL-KDD-K80n8,1000,3,8,fixed_300,QSVM_Z,0.8061151720449278,0.8066666666666666,0.8353649992994255,0.8232857593084508,30,0.13333333333333333,1.0,0.23529411764705882,0.7288984204608426,0.717808474662058,0.972885006893994,0.31628575214172205,-0.4860565393424917,0.5394816312835852,0.6212797468831848,0.3759027348168183
natural,refit_per_N,tuned_per_N,NSL-KDD-K80n8,1000,3,8,fixed_300,SVM_Linear,0.8059681520139168,0.8066666666666666,0.8383078730904818,0.8240511458286435,30,0.1,1.0,0.18181818181818182,1.3084716860471652,1.3896795075484485,1.732001058728826,0.8021718141704031,-1.0770185441862163,0.5857904645670685,1.119276373345751,0.5003396975742401
natural,refit_per_N,tuned_per_N,NSL-KDD-K80n8,1000,3,8,fixed_300,SVM_Poly2,0.7893234943317988,0.79,0.8192466266866567,0.8067849263878258,30,0.1,1.0,0.18181818181818182,0.6568364887639859,0.7662725164917117,0.9662566387387358,0.2914718693041624,-0.6568014752585891,0.4462204469972496,0.7498726272901662,0.2611358038669298
natural,refit_per_N,tuned_per_N,NSL-KDD-K80n8,1000,3,8,fixed_300,SVM_RBF,0.8029633422760517,0.8033333333333333,0.8277777777777777,0.8187609742920174,30,0.1,1.0,0.18181818181818182,0.6433376343963644,0.7292053103871364,0.9446987549406863,0.2305817836279067,-0.7725750880377221,0.49983497068842786,0.8973021049547483,0.20385337138093484
natural,refit_per_N,tuned_per_N,NSL-KDD-K80n8,1000,3,8,fixed_300,RandomForest,0.8162071846282373,0.8166666666666667,0.8444309927360775,0.8330331817567871,30,0.1,1.0,0.18181818181818182,0.32234666666666667,0.3137976202728263,0.43889333333333336,0.09873683180837613,-0.24953333333333336,0.2199567735311241,0.32166666666666655,0.08472557006135881
natural,refit_per_N,tuned_per_N,NSL-KDD-K80n8,1000,3,8,fixed_300,XGBoost,0.8063568376068376,0.8066666666666666,0.8299552149222033,0.8217549862680653,30,0.1,1.0,0.18181818181818182,0.31987009118000664,0.35965134068242727,0.476201249063015,0.06998808810788817,-0.3030956983566284,0.29870149209159774,0.40241734981536864,0.1383830203009543
natural,refit_per_N,tuned_per_N,NSL-KDD-K80n8,1000,3,8,full_test,QSVM_ZZ,0.6679171511123907,0.6778300212916962,0.7760110879994632,0.715477931723417,2952,0.0013550135501355014,1.0,0.0027063599458728013,0.49418376185451307,0.6592822357866156,0.7454014564753016,0.3510659846652414,-0.4528638442758744,0.24571258579084657,0.45411265365023357,0.24339686535181707
natural,refit_per_N,tuned_per_N,NSL-KDD-K80n8,1000,3,8,full_test,QSVM_Z,0.7397836105490483,0.7409510290986515,0.7806471600643401,0.7648959471707488,2952,0.04607046070460705,1.0,0.08808290155440414,0.6070692793840619,0.7850679931336232,0.9353175565983718,0.3317317171052392,-0.661010000583801,0.45882275022203567,0.7117736888634077,0.37527423683872313
natural,refit_per_N,tuned_per_N,NSL-KDD-K80n8,1000,3,8,full_test,SVM_Linear,0.7605729438398103,0.761444286728176,0.7994997002465531,0.7848504632792881,2952,0.03590785907859079,1.0,0.06932635709614127,1.1389345314142045,1.4534593960810898,1.6418201005694122,0.8450697250939381,-1.1334461599954742,0.4625122910307294,1.1519504094396043,0.41428018436187397
natural,refit_per_N,tuned_per_N,NSL-KDD-K80n8,1000,3,8,full_test,SVM_Poly2,0.7331393531010479,0.7335876508161817,0.7615651624893837,0.7537184886338377,2952,0.21002710027100271,1.0,0.3471444568868981,0.5441291995258929,0.8187851501419423,0.9388815715686712,0.2915254747674622,-0.3828776033396972,0.7323033428727225,0.777289608068794,0.28050723753581697
natural,refit_per_N,tuned_per_N,NSL-KDD-K80n8,1000,3,8,full_test,SVM_RBF,0.7605222716262836,0.7605571327182399,0.7792001000500453,0.7771318446676311,2952,0.21070460704607047,1.0,0.3480693900391718,0.544051881749726,0.7578516044729906,0.8857054702220182,0.293014205212815,-0.6905624450553689,0.5261693903892887,0.7968510143578325,0.3446145365772875
natural,refit_per_N,tuned_per_N,NSL-KDD-K80n8,1000,3,8,full_test,RandomForest,0.7698886528434501,0.7707150461320085,0.8092415944105764,0.7942461271637089,2952,0.039634146341463415,1.0,0.07624633431085044,0.27424609652235626,0.34196425118532103,0.4225246628814763,0.11671923493315803,-0.3255582655826558,0.16402117482847678,0.3502710027100271,0.10100175613232178
natural,refit_per_N,tuned_per_N,NSL-KDD-K80n8,1000,3,8,full_test,XGBoost,0.7604991400582963,0.7609563520227112,0.7914657931386404,0.7820043719184582,2952,0.04505420054200542,1.0,0.08622366288492707,0.26848498244179614,0.39384872326700293,0.4709703866286617,0.07340229924647326,-0.3989798381500612,0.20192829139168078,0.43652983491377134,0.0969621026214271
natural,refit_per_N,tuned_per_N,NSL-KDD-K80n8,1000,4,8,fixed_300,QSVM_ZZ,0.7457023700539112,0.75,0.8150692005783929,0.7746837152762145,30,0.06666666666666667,1.0,0.125,0.6017627754299737,0.5959327970208705,0.7581000938322399,0.3775428243124903,-0.24869161158031974,0.13158190031397812,0.257087759243247,0.11431184631498423
natural,refit_per_N,tuned_per_N,NSL-KDD-K80n8,1000,4,8,fixed_300,QSVM_Z,0.866642958748222,0.8666666666666667,0.8820889432884537,0.8794741344378911,30,0.5,1.0,0.6666666666666666,0.7719277263375002,0.6666232243718915,0.9714538865851184,0.3107028873364838,-0.17542889040836318,0.7039872001760951,0.6135591810730008,0.387192981499814
natural,refit_per_N,tuned_per_N,NSL-KDD-K80n8,1000,4,8,fixed_300,SVM_Linear,0.8062447107033095,0.8066666666666666,0.83258275685965,0.8225203727882581,30,0.1,1.0,0.18181818181818182,1.327352748645581,1.4293909770167628,1.7606681430479678,0.8396854021417397,-1.104714436442767,0.501654669916772,1.121134163082643,0.4637990753584449
natural,refit_per_N,tuned_per_N,NSL-KDD-K80n8,1000,4,8,fixed_300,SVM_Poly2,0.7755669446956754,0.7766666666666666,0.8109802431610942,0.7948088784836342,30,0.1,1.0,0.18181818181818182,0.6491026850290876,0.7709639249420417,0.9624229860799335,0.29910142951679963,-0.5906222253067936,0.4939024895429574,0.7250118409631495,0.25909865431203066
natural,refit_per_N,tuned_per_N,NSL-KDD-K80n8,1000,4,8,fixed_300,SVM_RBF,0.8029633422760517,0.8033333333333333,0.8277777777777777,0.8187609742920174,30,0.1,1.0,0.18181818181818182,0.6368420301963822,0.7196815962854348,0.9338790699036836,0.22666992357265292,-0.7419137193083246,0.49432938302657853,0.8724379280616591,0.18343818441324858
natural,refit_per_N,tuned_per_N,NSL-KDD-K80n8,1000,4,8,fixed_300,RandomForest,0.8194865394901052,0.82,0.849376488720751,0.8367925802530278,30,0.1,1.0,0.18181818181818182,0.32562590904419636,0.30380074901995674,0.4297304223720501,0.11687126179641139,-0.1887166854764099,0.23697902184054923,0.27941464355503753,0.11704913983757895
natural,refit_per_N,tuned_per_N,NSL-KDD-K80n8,1000,4,8,fixed_300,XGBoost,0.8093879234430561,0.81,0.8403298350824588,0.8270451578046913,30,0.1,1.0,0.18181818181818182,0.31637896825869877,0.35184905244280656,0.46654761662085853,0.07890962353690438,-0.29616222977638246,0.2833157816967652,0.39551040132840476,0.10747753693498975
natural,refit_per_N,tuned_per_N,NSL-KDD-K80n8,1000,4,8,full_test,QSVM_ZZ,0.6872690054260784,0.694597232079489,0.7809260820123323,0.7297922305602055,2952,0.037601626016260166,1.0,0.07247796278158668,0.5300380203215308,0.6108486212558736,0.7122307524288457,0.38314970490815936,-0.3006927359676019,0.1869311524242754,0.312643737238513,0.1661724128003359
natural,refit_per_N,tuned_per_N,NSL-KDD-K80n8,1000,4,8,full_test,QSVM_Z,0.8143085857587453,0.8144073811213627,0.8387359359774058,0.833588245691267,2952,0.37737127371273715,1.0,0.5479586817511067,0.6600488507379583,0.7225788449186593,0.9201944622711614,0.3332068788155065,-0.36121180492387456,0.6436958394353869,0.6354696380661701,0.3754951941354792
natural,refit_per_N,tuned_per_N,NSL-KDD-K80n8,1000,4,8,full_test,SVM_Linear,0.7528715662770331,0.7531937544357701,0.7802233204561795,0.7730190232464584,2952,0.03556910569105691,1.0,0.06869479882237488,1.1707274268172618,1.4733028333143658,1.6511675300916142,0.9027013537851062,-0.9649366956130941,0.5470513167220474,0.9798199452437754,0.519923883439228
natural,refit_per_N,tuned_per_N,NSL-KDD-K80n8,1000,4,8,full_test,SVM_Poly2,0.7309867923100213,0.731458481192335,0.7596707413005175,0.7516729468549841,2952,0.2117208672086721,1.0,0.349454850433324,0.533932900456073,0.8232502370652801,0.9334782187458913,0.30239661066961776,-0.3167079614902471,0.743927612963343,0.7599535500736792,0.27604859704598644
natural,refit_per_N,tuned_per_N,NSL-KDD-K80n8,1000,4,8,full_test,SVM_RBF,0.7562799620178042,0.7563431511710433,0.7762092524763731,0.773405397921541,2952,0.2130758807588076,1.0,0.3512985199664898,0.5358024476567189,0.750769070749209,0.8788263816896756,0.2800047345221044,-0.6600679693674139,0.5219520663242857,0.7796035984035117,0.3167679167486961
natural,refit_per_N,tuned_per_N,NSL-KDD-K80n8,1000,4,8,full_test,RandomForest,0.7748212300734849,0.7755943931866572,0.8138124003912017,0.7990329908628835,2952,0.07249322493224933,1.0,0.1351863550221099,0.2865716697800808,0.3190835677286922,0.4080563480586136,0.1320138701958324,-0.21426526469655532,0.18186656722319602,0.2530264211766323,0.12232204263982713
natural,refit_per_N,tuned_per_N,NSL-KDD-K80n8,1000,4,8,full_test,XGBoost,0.7755555043743938,0.7763484740951029,0.8150355932004387,0.7999208128712353,2952,0.06707317073170732,1.0,0.12571428571428572,0.27999674014990383,0.3683976051403173,0.45220740986465774,0.09809907456847576,-0.3183930933798555,0.2240983210231503,0.3664835903056592,0.13146861767761178
natural,refit_per_N,tuned_per_N,NSL-KDD-K80n8,1000,5,8,fixed_300,QSVM_ZZ,0.7274709302325582,0.7333333333333333,0.8071782310027158,0.7597136553959749,30,0.0,0.0,0.0,0.5871001914700792,0.6312677196035191,0.7870641160229029,0.35173234981547713,-0.36692927302594086,0.1354155486886829,0.36692927302594086,0.1354155486886829
natural,refit_per_N,tuned_per_N,NSL-KDD-K80n8,1000,5,8,fixed_300,QSVM_Z,0.8090644156366193,0.81,0.8465995440729484,0.8285759308450767,30,0.1,1.0,0.18181818181818182,0.6910257816248688,0.7070248262098988,0.9377654535445314,0.3130442299193803,-0.5433553367279892,0.4912495963865891,0.6317104980500122,0.3708140161242274
natural,refit_per_N,tuned_per_N,NSL-KDD-K80n8,1000,5,8,fixed_300,SVM_Linear,0.7991071428571428,0.8,0.8343192466045146,0.8180631218765476,30,0.06666666666666667,1.0,0.125,1.67165093221421,1.8967499221282005,2.250471887892665,1.1521516341483864,-1.340788497236602,0.8104984114703878,1.360868430527014,0.7763108810991569
natural,refit_per_N,tuned_per_N,NSL-KDD-K80n8,1000,5,8,fixed_300,SVM_Poly2,0.8194865394901052,0.82,0.849376488720751,0.8367925802530278,30,0.1,1.0,0.18181818181818182,0.7698486520488961,0.9016466995707801,1.105509153474098,0.42834942452788033,-0.7952070749537634,0.5027256538624959,0.9067585135938471,0.25075161641168187
natural,refit_per_N,tuned_per_N,NSL-KDD-K80n8,1000,5,8,fixed_300,SVM_RBF,0.8125,0.8133333333333334,0.8485163977095262,0.8315699428211246,30,0.1,1.0,0.18181818181818182,0.6585863530125684,0.7797317397680383,0.9937491151408419,0.23276654942856542,-0.875565043032774,0.5259606357044666,1.0045645170568573,0.18465878252049914
natural,refit_per_N,tuned_per_N,NSL-KDD-K80n8,1000,5,8,fixed_300,RandomForest,0.802541304566093,0.8033333333333333,0.8363044708545557,0.8210571338525956,30,0.03333333333333333,1.0,0.06451612903225806,0.30419313052849706,0.3309643908258009,0.4347073768325806,0.11445691408891596,-0.3150547880357166,0.14478851628993003,0.32553649913592625,0.11937010364406461
natural,refit_per_N,tuned_per_N,NSL-KDD-K80n8,1000,5,8,fixed_300,XGBoost,0.8093879234430561,0.81,0.8403298350824588,0.8270451578046913,30,0.1,1.0,0.18181818181818182,0.31209528148174287,0.3696874746198835,0.4807096060117086,0.05468608874351196,-0.3531653642654419,0.25159841613720196,0.4223671833674113,0.09815039446568959
natural,refit_per_N,tuned_per_N,NSL-KDD-K80n8,1000,5,8,full_test,QSVM_ZZ,0.6741872970614953,0.6835078069552875,0.7802105231035823,0.7207531711502555,2952,0.017276422764227643,1.0,0.03396603396603397,0.4959780292591164,0.6705896354503031,0.7575131524847285,0.3490823520228084,-0.48013237289656735,0.27516803111807836,0.4847259056682319,0.2669931407860517
natural,refit_per_N,tuned_per_N,NSL-KDD-K80n8,1000,5,8,full_test,QSVM_Z,0.7557080954389663,0.757097232079489,0.8024420045227326,0.7825478225172537,2952,0.09112466124661246,1.0,0.167028873020801,0.580906451970239,0.7697901756306419,0.9027771210389178,0.3391499523319877,-0.6912561080934528,0.49130321527983833,0.7537661247585399,0.38865213943487825
natural,refit_per_N,tuned_per_N,NSL-KDD-K80n8,1000,5,8,full_test,SVM_Linear,0.7456597900547355,0.7469393186657204,0.7890689575433947,0.7715587307119491,2952,0.02710027100271003,1.0,0.052770448548812667,1.4457216670295603,1.972940181831259,2.126553857293465,1.2084588497890105,-1.385698137003864,0.6744808288850046,1.4001006515632768,0.6440511477526217
natural,refit_per_N,tuned_per_N,NSL-KDD-K80n8,1000,5,8,full_test,SVM_Poly2,0.7490701405545968,0.7503105039034776,0.7924138414779267,0.7749081511074077,2952,0.04369918699186992,1.0,0.08373904576436222,0.6156461221876227,0.9626421372547885,1.056804795259421,0.43458446463238604,-0.8324591444121567,0.39261076156784064,0.8774381179398922,0.27790967309613235
natural,refit_per_N,tuned_per_N,NSL-KDD-K80n8,1000,5,8,full_test,SVM_RBF,0.7634968497541953,0.7646380411639461,0.8075123131760352,0.789396838322847,2952,0.05250677506775068,1.0,0.09977470228516254,0.5393854052310447,0.8382758104713238,0.9636626337086344,0.2549456377178306,-0.9730390383346145,0.38486341088859866,1.0258522335187554,0.20628138585082892
natural,refit_per_N,tuned_per_N,NSL-KDD-K80n8,1000,5,8,full_test,RandomForest,0.7573038456423318,0.7582505322924059,0.7971007980741494,0.7818948841820035,2952,0.028455284552845527,1.0,0.05533596837944664,0.25778755451940544,0.3571882122967991,0.42288970762467826,0.12329694827526284,-0.37117509445270974,0.13150653502642393,0.3779197611828047,0.1106416449812906
natural,refit_per_N,tuned_per_N,NSL-KDD-K80n8,1000,5,8,full_test,XGBoost,0.7641259227845272,0.7646823988644429,0.7975161221765525,0.7864922015755851,2952,0.056571815718157184,1.0,0.10708560436037191,0.26353480111122807,0.40179722240648613,0.4753183783438504,0.07045593331206493,-0.4160357435059741,0.19596293895871983,0.44943062109029713,0.09746450711052415
natural,refit_per_N,tuned_per_N,NSL-KDD-K80n8,1000,6,8,fixed_300,QSVM_ZZ,0.7596777651160429,0.7633333333333333,0.8259803921568627,0.7874251497005988,30,0.0,0.0,0.0,0.5900448645726741,0.6059776997670656,0.7624335570406056,0.36613793291870067,-0.31544838668752323,0.1796440373600195,0.31544838668752323,0.1796440373600195
natural,refit_per_N,tuned_per_N,NSL-KDD-K80n8,1000,6,8,fixed_300,QSVM_Z,0.846496106785317,0.8466666666666667,0.8688163152817969,0.8615100625816037,30,0.36666666666666664,1.0,0.5365853658536586,0.7477347898468135,0.6817127477454461,0.9648508675575799,0.3047989333303027,-0.3632551077758723,0.5642154629611736,0.5268866120465139,0.4155524756464559
natural,refit_per_N,tuned_per_N,NSL-KDD-K80n8,1000,6,8,fixed_300,SVM_Linear,0.7924107142857143,0.7933333333333333,0.8272206710520089,0.8113097114042591,30,0.03333333333333333,1.0,0.06451612903225806,1.5127755461394634,1.7190338463417612,2.0165042593681917,1.0850243268314503,-1.1888499457176056,0.6850311511349378,1.196053157971533,0.6723754269486171
natural,refit_per_N,tuned_per_N,NSL-KDD-K80n8,1000,6,8,fixed_300,SVM_Poly2,0.781564001747488,0.7833333333333333,0.8281949037152305,0.8038584485165008,30,0.1,1.0,0.18181818181818182,0.9383914334394747,1.1239547145863598,1.2951985252592955,0.6828714834869325,-0.744194732517329,0.5670598951564262,0.8155486517288492,0.458544568460485
natural,refit_per_N,tuned_per_N,NSL-KDD-K80n8,1000,6,8,fixed_300,SVM_RBF,0.8026997804059703,0.8033333333333333,0.8333020989505248,0.8202917473324028,30,0.26666666666666666,1.0,0.42105263157894735,0.7325041360629991,0.914752323987516,1.1291637839143924,0.31356542010574673,-0.8217960992567899,0.9112492677617656,1.127707402638129,0.4837355380630971
natural,refit_per_N,tuned_per_N,NSL-KDD-K80n8,1000,6,8,fixed_300,RandomForest,0.8061151720449278,0.8066666666666666,0.8353649992994255,0.8232857593084508,30,0.1,1.0,0.18181818181818182,0.31242638819454044,0.3214697244304483,0.43298887576341677,0.1160761182621408,-0.2986974758142018,0.22751082236151313,0.3544631821738523,0.12384348522459314
natural,refit_per_N,tuned_per_N,NSL-KDD-K80n8,1000,6,8,fixed_300,XGBoost,0.8026997804059703,0.8033333333333333,0.8333020989505248,0.8202917473324028,30,0.13333333333333333,1.0,0.23529411764705882,0.31069484700759253,0.3462365582784482,0.45525298287471133,0.09568575562357398,-0.3030399292707443,0.28579931689726046,0.4051166663567225,0.09692747242848342
natural,refit_per_N,tuned_per_N,NSL-KDD-K80n8,1000,6,8,full_test,QSVM_ZZ,0.6860340085505688,0.6937100780695529,0.7824574455481966,0.7293511902539457,2952,0.007791327913279133,1.0,0.01546218487394958,0.499901965996138,0.6450703484541451,0.7244261620148441,0.375798437796113,-0.4393218306659898,0.3094056659334415,0.4408376879355771,0.3072420379880457
natural,refit_per_N,tuned_per_N,NSL-KDD-K80n8,1000,6,8,full_test,QSVM_Z,0.8128171675143365,0.8128992193044713,0.8363281335322679,0.831749971912899,2952,0.30826558265582654,1.0,0.47125841532884516,0.642354119866238,0.7400219428911166,0.9216184675944397,0.3329725085624174,-0.48532596294136765,0.607043163242123,0.6331787162317312,0.45069657825981485
natural,refit_per_N,tuned_per_N,NSL-KDD-K80n8,1000,6,8,full_test,SVM_Linear,0.738663618153504,0.7396202980837473,0.7761855103660849,0.7626248018365854,2952,0.025745257452574527,1.0,0.05019815059445178,1.3186993209010482,1.798012824311361,1.9307857840184415,1.1152955982901105,-1.2454505785406236,0.5701056855209611,1.2594288972846384,0.5385225055045505
natural,refit_per_N,tuned_per_N,NSL-KDD-K80n8,1000,6,8,full_test,SVM_Poly2,0.7129228155302882,0.7158002129169624,0.7702601046969235,0.7439317999850474,2952,0.037601626016260166,1.0,0.07247796278158668,0.7473847143134712,1.2357709798478802,1.270910196383556,0.6859308263607419,-0.9546753631807914,0.5352645480747482,0.9820711776477621,0.48316600410581306
natural,refit_per_N,tuned_per_N,NSL-KDD-K80n8,1000,6,8,full_test,SVM_RBF,0.735357648741437,0.7363378282469837,0.7728266383927567,0.759328253638386,2952,0.15921409214092141,1.0,0.27469316189362947,0.5709046767468712,1.0163043734024166,1.1123342610309972,0.348596071499599,-1.0510409801775253,0.7831579219089366,1.2529682061832195,0.38483002345875056
natural,refit_per_N,tuned_per_N,NSL-KDD-K80n8,1000,6,8,full_test,RandomForest,0.7503163513771334,0.7509315117104329,0.7834154451335145,0.7726227545936524,2952,0.042682926829268296,1.0,0.08187134502923976,0.25699880949129317,0.3552580927635105,0.4193186650661396,0.12817393526399845,-0.37399766854226124,0.16387938573966304,0.3955740289898995,0.10125165052558166
natural,refit_per_N,tuned_per_N,NSL-KDD-K80n8,1000,6,8,full_test,XGBoost,0.7438022915464928,0.7445440028388929,0.7784481004769086,0.7666990704467503,2952,0.04234417344173442,1.0,0.08124796880077997,0.24953115009025237,0.3878971247526423,0.4517651579816706,0.0929420049844375,-0.39934811173738827,0.1798791757098243,0.43209814015765824,0.0716004851558712
natural,refit_per_N,tuned_per_N,NSL-KDD-K80n8,1000,7,8,fixed_300,QSVM_ZZ,0.7568772229976137,0.76,0.815769636665159,0.7829003646841655,30,0.03333333333333333,1.0,0.06451612903225806,0.6212846122240054,0.5955719026178343,0.7663382314593831,0.39169653505981517,-0.26608652803425253,0.23244275953925064,0.26693845983981757,0.23146389680010795
natural,refit_per_N,tuned_per_N,NSL-KDD-K80n8,1000,7,8,fixed_300,QSVM_Z,0.8498648783905515,0.85,0.8709677419354839,0.8645040745576515,30,0.3333333333333333,1.0,0.5,0.7315191047866919,0.6983754652489608,0.9677937493354951,0.29363880853315366,-0.4722974192519693,0.6072165724745007,0.6757703013863616,0.3675749146554168
natural,refit_per_N,tuned_per_N,NSL-KDD-K80n8,1000,7,8,fixed_300,SVM_Linear,0.7891542743671839,0.79,0.8221561969439728,0.8075503129080186,30,0.03333333333333333,1.0,0.06451612903225806,1.7180529223276009,1.9416614298151456,2.2619741906138957,1.2669758138760256,-1.245220537854131,0.7122720961674311,1.2473313860195645,0.7085690794290913
natural,refit_per_N,tuned_per_N,NSL-KDD-K80n8,1000,7,8,fixed_300,SVM_Poly2,0.7785829307568438,0.78,0.819347711225323,0.7993336635000675,30,0.1,1.0,0.18181818181818182,0.8435280755044315,0.9612435100078798,1.169376082769182,0.5177724179056679,-0.6732921701287214,0.5466163198619883,0.8304084215832,0.25006719268989525
natural,refit_per_N,tuned_per_N,NSL-KDD-K80n8,1000,7,8,fixed_300,SVM_RBF,0.8159283347650018,0.8166666666666667,0.8504527447651387,0.8345639547971726,30,0.1,1.0,0.18181818181818182,0.6795560743394968,0.7761763413530747,1.0008746557950459,0.24999218874817092,-0.8281501699129529,0.5957884950035642,1.0004219862684747,0.19988117494177704
natural,refit_per_N,tuned_per_N,NSL-KDD-K80n8,1000,7,8,fixed_300,RandomForest,0.8295739348370927,0.83,0.8584000745017695,0.8465400027013641,30,0.1,1.0,0.18181818181818182,0.32054492554373853,0.3117263996565916,0.43420776310299,0.10670527632596144,-0.24537464129520073,0.2288416795841009,0.3273653739749977,0.07354686144106128
natural,refit_per_N,tuned_per_N,NSL-KDD-K80n8,1000,7,8,fixed_300,XGBoost,0.8296801772216718,0.83,0.8555555555555555,0.8457746161811714,30,0.13333333333333333,1.0,0.23529411764705882,0.3276527810096741,0.32634850512798697,0.4546139832337697,0.0847692040246391,-0.2627349227666855,0.27768054637564216,0.3759899785121282,0.06904825512017444
natural,refit_per_N,tuned_per_N,NSL-KDD-K80n8,1000,7,8,full_test,QSVM_ZZ,0.688274072843835,0.6951738821859474,0.7782735305188565,0.7297726472247357,2952,0.030826558265582657,1.0,0.059809398619783107,0.522458005034828,0.642108101164027,0.7261227438970375,0.3975059010893824,-0.3988534367592311,0.3359256004826378,0.40743109990979204,0.32546884935515374
natural,refit_per_N,tuned_per_N,NSL-KDD-K80n8,1000,7,8,full_test,QSVM_Z,0.7822631472320234,0.7829134137686302,0.81969864528441,0.8059377154603224,2952,0.17547425474254744,1.0,0.2985590778097983,0.6209399427560571,0.7552499919093564,0.9187990283774178,0.33433113561511363,-0.6351173775188578,0.5267924647542511,0.7333521023319446,0.37825795187095174
natural,refit_per_N,tuned_per_N,NSL-KDD-K80n8,1000,7,8,full_test,SVM_Linear,0.7291047636441125,0.730083392476934,0.7657828782958731,0.7528450542183961,2952,0.018631436314363144,1.0,0.03658131027602261,1.5071267037362386,1.9988888794483517,2.129335477139899,1.316403463718682,-1.1552825572416598,0.6755948189449292,1.1622189481648892,0.6635911866341802
natural,refit_per_N,tuned_per_N,NSL-KDD-K80n8,1000,7,8,full_test,SVM_Poly2,0.7202199477420861,0.7217885024840313,0.7636508298747156,0.7464735452087338,2952,0.056910569105691054,1.0,0.1076923076923077,0.6851430274450417,1.0465690354555774,1.1277955974448346,0.5411144097277609,-0.7632515907981594,0.42026010593048385,0.8474377556461653,0.20253591730360462
natural,refit_per_N,tuned_per_N,NSL-KDD-K80n8,1000,7,8,full_test,SVM_RBF,0.7640808548170339,0.7651703335699077,0.8073085730109373,0.7897265974587339,2952,0.0535230352303523,1.0,0.10160771704180065,0.5602249580864342,0.8392222285463231,0.9634781184121655,0.29975968356361304,-0.9427393520338218,0.4445988970991457,1.0163021126922311,0.23142100361080953
natural,refit_per_N,tuned_per_N,NSL-KDD-K80n8,1000,7,8,full_test,RandomForest,0.7822926550261653,0.7827803406671399,0.8161061026236853,0.8047686493114743,2952,0.04878048780487805,1.0,0.09302325581395349,0.27580401440493174,0.33711200586092965,0.41803058950533967,0.12232246357588385,-0.3155436797252307,0.17106612458193274,0.34950669719611144,0.08170986114959429
natural,refit_per_N,tuned_per_N,NSL-KDD-K80n8,1000,7,8,full_test,XGBoost,0.778309077714971,0.7785663591199432,0.8059337284391552,0.7985996418604745,2952,0.06029810298102981,1.0,0.11373801916932907,0.2818950532365133,0.35345190376012686,0.4403956017018718,0.10219972266362039,-0.34033041063766817,0.20097104433996119,0.38866378251856903,0.07179563514766724
natural,refit_per_N,tuned_per_N,NSL-KDD-K80n8,1000,8,8,fixed_300,QSVM_ZZ,0.7533089270627992,0.7566666666666667,0.8140533441099211,0.7799063527081176,30,0.1,1.0,0.18181818181818182,0.6062344749746842,0.5824948055278089,0.7546857083487853,0.370499552940085,-0.25389876222823354,0.2585971759481325,0.27783464067871416,0.23269076756138873
natural,refit_per_N,tuned_per_N,NSL-KDD-K80n8,1000,8,8,fixed_300,QSVM_Z,0.866642958748222,0.8666666666666667,0.8820889432884537,0.8794741344378911,30,0.43333333333333335,1.0,0.6046511627906976,0.7634767346942856,0.6622816349599011,0.9684290849837063,0.28923830275782925,-0.33726335663202833,0.6916286787712767,0.6725253241282816,0.37390705988487855
natural,refit_per_N,tuned_per_N,NSL-KDD-K80n8,1000,8,8,fixed_300,SVM_Linear,0.7960116373688846,0.7966666666666666,0.8262743628185907,0.8135383368601143,30,0.1,1.0,0.18181818181818182,1.5089061685644902,1.714386370259956,2.0082861859457855,1.0875224353568105,-1.26392130381764,0.5952391012212632,1.2755097301979403,0.5699838401544003
natural,refit_per_N,tuned_per_N,NSL-KDD-K80n8,1000,8,8,fixed_300,SVM_Poly2,0.8062447107033095,0.8066666666666666,0.83258275685965,0.8225203727882581,30,0.1,1.0,0.18181818181818182,0.955057528645383,1.0084966124766384,1.2743865362045421,0.5523941135997651,-0.6652301838232154,0.6063504441130624,0.8621120067317029,0.25875653884416766
natural,refit_per_N,tuned_per_N,NSL-KDD-K80n8,1000,8,8,fixed_300,SVM_RBF,0.8397435897435898,0.84,0.8645828523939241,0.8555220386295079,30,0.1,1.0,0.18181818181818182,0.8610398647164171,0.7920824542173084,1.1280424109324947,0.3103297956165107,-0.6570473633507817,0.6305508616475479,0.8604370634193634,0.29825104644400074
natural,refit_per_N,tuned_per_N,NSL-KDD-K80n8,1000,8,8,fixed_300,RandomForest,0.8329695781925082,0.8333333333333334,0.8604392033056316,0.8495340146774121,30,0.1,1.0,0.18181818181818182,0.33525133450754185,0.292516092929571,0.42906941429865547,0.11772238370538528,-0.21880449391695297,0.24543399478290998,0.3044710369093681,0.12413959898713067
natural,refit_per_N,tuned_per_N,NSL-KDD-K80n8,1000,8,8,fixed_300,XGBoost,0.866642958748222,0.8666666666666667,0.8820889432884537,0.8794741344378911,30,0.2,1.0,0.3333333333333333,0.3549222520987193,0.31786900828066744,0.46846373200416563,0.0869036435190788,-0.280991867184639,0.3600770376785992,0.4508842339118322,0.07290617324373445
natural,refit_per_N,tuned_per_N,NSL-KDD-K80n8,1000,8,8,full_test,QSVM_ZZ,0.689508637698486,0.6965046132008517,0.7809518446374507,0.7313172873235926,2952,0.061991869918699184,1.0,0.11674641148325358,0.5209778447326624,0.6307127556054561,0.7255153905709406,0.3779469709237174,-0.3982499166673712,0.3492445783240278,0.4322986721000688,0.306092518227436
natural,refit_per_N,tuned_per_N,NSL-KDD-K80n8,1000,8,8,full_test,QSVM_Z,0.815240214694255,0.8153388928317956,0.8397182001195209,0.8345442342371382,2952,0.32994579945799457,1.0,0.49617931737137033,0.6631507152840966,0.7261457556001717,0.9296437897222758,0.32065394709680134,-0.4703816728302851,0.68598821676634,0.7386791644802734,0.3823504199547918
natural,refit_per_N,tuned_per_N,NSL-KDD-K80n8,1000,8,8,full_test,SVM_Linear,0.73602994597874,0.7369144783534421,0.7721111825661109,0.7594965595879091,2952,0.024390243902439025,1.0,0.047619047619047616,1.3327002138273676,1.7725957802093197,1.9097419804432794,1.1274179473841897,-1.223535131051626,0.5261065593193026,1.233880974605554,0.5013622135569878
natural,refit_per_N,tuned_per_N,NSL-KDD-K80n8,1000,8,8,full_test,SVM_Poly2,0.7372914951525285,0.7381121362668559,0.772509269798727,0.7604358013928971,2952,0.046409214092140924,1.0,0.08870184525736484,0.7658111618833525,1.0967232532087237,1.2191238869739365,0.5504594244841456,-0.8057373617950998,0.46882050818198057,0.8929941456877487,0.2675197578720982
natural,refit_per_N,tuned_per_N,NSL-KDD-K80n8,1000,8,8,full_test,SVM_RBF,0.7921270686480848,0.7924503193754435,0.822747650160153,0.8135128954679267,2952,0.051490514905149054,1.0,0.0979381443298969,0.7374719048327555,0.8974582054818788,1.1123020798839625,0.33478369746780984,-0.8563089412744599,0.5415896770873586,0.96704727804571,0.3023308506562946
natural,refit_per_N,tuned_per_N,NSL-KDD-K80n8,1000,8,8,full_test,RandomForest,0.7793041756169787,0.7800301632363378,0.817944384192944,0.8033801302431031,2952,0.048102981029810296,1.0,0.09179056237879767,0.28448410844082933,0.32617481855251157,0.41295328243694196,0.1295793453359473,-0.2941964488088724,0.18565723143757507,0.32712592706693067,0.1183587171163068
natural,refit_per_N,tuned_per_N,NSL-KDD-K80n8,1000,8,8,full_test,XGBoost,0.7950538703312364,0.7952004968062456,0.8202987032785627,0.8145256359663118,2952,0.13008130081300814,1.0,0.2302158273381295,0.3027183978023196,0.35772525710784886,0.45792262059569655,0.09956234974954019,-0.3274488640106144,0.29293378470630926,0.42774620749116915,0.1003301686489458
natural,refit_per_N,tuned_per_N,NSL-KDD-K80n8,1000,9,8,fixed_300,QSVM_ZZ,0.7237851662404092,0.73,0.8056389365351629,0.756719643419927,30,0.0,0.0,0.0,0.5936154580539174,0.6157146934395372,0.7805045170977871,0.34970930005914275,-0.3275352381285854,0.1010799102694748,0.3275352381285854,0.1010799102694748
natural,refit_per_N,tuned_per_N,NSL-KDD-K80n8,1000,9,8,fixed_300,QSVM_Z,0.846496106785317,0.8466666666666667,0.8688163152817969,0.8615100625816037,30,0.3,1.0,0.46153846153846156,0.7419783075271323,0.6759176075939981,0.9523249463432827,0.31697573671920887,-0.39646869799597145,0.5193806113179031,0.5311936233533526,0.38049570616804096
natural,refit_per_N,tuned_per_N,NSL-KDD-K80n8,1000,9,8,fixed_300,SVM_Linear,0.8028404344193818,0.8033333333333333,0.8304619109703856,0.8195263608122101,30,0.06666666666666667,1.0,0.125,1.296903262039797,1.3959690314898106,1.726789610700289,0.8055341385351776,-1.0596636090638316,0.534199060309638,1.0757662412633722,0.5009816309686037
natural,refit_per_N,tuned_per_N,NSL-KDD-K80n8,1000,9,8,fixed_300,SVM_Poly2,0.8056213414361678,0.8066666666666666,0.8447018447018446,0.8255819188690288,30,0.1,1.0,0.18181818181818182,1.0163552362468258,1.0944292960218904,1.3258339583752574,0.6876901664676532,-0.6744673180571897,0.5307330361548676,0.8259874319839241,0.23308470777385787
natural,refit_per_N,tuned_per_N,NSL-KDD-K80n8,1000,9,8,fixed_300,SVM_RBF,0.8090644156366193,0.81,0.8465995440729484,0.8285759308450767,30,0.1,1.0,0.18181818181818182,0.7372103330370235,0.7884516196683521,1.0503695299518943,0.24871445925567617,-0.734128579098242,0.5611721170735987,0.9045077232052513,0.18900977300584473
natural,refit_per_N,tuned_per_N,NSL-KDD-K80n8,1000,9,8,fixed_300,RandomForest,0.8159283347650018,0.8166666666666667,0.8504527447651387,0.8345639547971726,30,0.1,1.0,0.18181818181818182,0.328107683254969,0.3009813762346208,0.42894308961890404,0.11938285689000021,-0.2197398578621182,0.22991069438827755,0.2920731911954515,0.1258482558968105
natural,refit_per_N,tuned_per_N,NSL-KDD-K80n8,1000,9,8,fixed_300,XGBoost,0.8026997804059703,0.8033333333333333,0.8333020989505248,0.8202917473324028,30,0.1,1.0,0.18181818181818182,0.3111990482608477,0.3607965979745523,0.4702142760157585,0.07692572638229833,-0.36071887115637463,0.2831721198036234,0.45688436925411224,0.03951235975842057
natural,refit_per_N,tuned_per_N,NSL-KDD-K80n8,1000,9,8,full_test,QSVM_ZZ,0.6714533535151979,0.6812455642299503,0.7803533140110318,0.7189414698838351,2952,0.0006775067750677507,1.0,0.0013540961408259986,0.5022183105178327,0.65221133271033,0.7421421605259061,0.356129004021171,-0.43716753075603304,0.21716714263471265,0.4380710566053222,0.21533872654993877
natural,refit_per_N,tuned_per_N,NSL-KDD-K80n8,1000,9,8,full_test,QSVM_Z,0.7921275660658411,0.7925390347764372,0.8251108729160533,0.8143173248051578,2952,0.19715447154471544,1.0,0.3293718166383701,0.6339568108386793,0.7307213804421421,0.9082511402515416,0.3330688218308544,-0.5426762780274882,0.5057565518651366,0.6239211423331822,0.4012600660892348
natural,refit_per_N,tuned_per_N,NSL-KDD-K80n8,1000,9,8,full_test,SVM_Linear,0.7475584536057563,0.7480039034776437,0.7771296384006614,0.7685606709025248,2952,0.03861788617886179,1.0,0.07436399217221135,1.1282882594560721,1.4536687345841237,1.6208712693637166,0.8711851206747474,-0.9807654581584972,0.5323775406609265,0.9993785922138037,0.4965573070067332
natural,refit_per_N,tuned_per_N,NSL-KDD-K80n8,1000,9,8,full_test,SVM_Poly2,0.742535658390555,0.7446770759403832,0.7975315352331398,0.7721144344364412,2952,0.04403794037940379,1.0,0.08436080467229072,0.8159330808983389,1.1437704220738079,1.239298675853018,0.6618884822567233,-0.774374442129783,0.3862283381437761,0.8314839058966241,0.23971362089795772
natural,refit_per_N,tuned_per_N,NSL-KDD-K80n8,1000,9,8,full_test,SVM_RBF,0.7609009953531283,0.7621540099361249,0.8063499797433288,0.7872775932306191,2952,0.0494579945799458,1.0,0.09425435765009683,0.6046050332448943,0.855793305762481,1.0095873595983598,0.28046887840212753,-0.8744062911044055,0.4040946835841616,0.9405409788460383,0.20799409206821687
natural,refit_per_N,tuned_per_N,NSL-KDD-K80n8,1000,9,8,full_test,RandomForest,0.7750398135384764,0.7759048970901349,0.8158469324134797,0.7998318152176005,2952,0.061653116531165314,1.0,0.11614550095724314,0.2786981242830138,0.3286066716841085,0.40955434945063496,0.13386644090377883,-0.3021696863906076,0.18318661211339057,0.33056715762832684,0.12485675203411657
natural,refit_per_N,tuned_per_N,NSL-KDD-K80n8,1000,9,8,full_test,XGBoost,0.7442777924536406,0.7449432221433641,0.7776572906127781,0.7667115281924242,2952,0.046747967479674794,1.0,0.08932038834951456,0.25738648248398827,0.39187190114534165,0.4607421724367662,0.08676427151191946,-0.40228929413043385,0.20075333050467956,0.4451538091348762,0.06306078094500624
natural,refit_per_N,tuned_per_N,NSL-KDD-K80n8,1000,10,8,fixed_300,QSVM_ZZ,0.7420814479638009,0.7466666666666667,0.8134642356241234,0.7716897033001666,30,0.13333333333333333,1.0,0.23529411764705882,0.6125233051832496,0.6037631256561161,0.7790679951677214,0.36437311948057144,-0.19894532912612112,0.28800925188551,0.3345665957622518,0.10292602271928045
natural,refit_per_N,tuned_per_N,NSL-KDD-K80n8,1000,10,8,fixed_300,QSVM_Z,0.8227642095172276,0.8233333333333334,0.8543853073463268,0.8405519787492683,30,0.26666666666666666,1.0,0.42105263157894735,0.689166123181685,0.6801959690911576,0.9206080890916649,0.3001620362539635,-0.4117896972918464,0.5512819021811579,0.5584064785101602,0.40207548448776176
natural,refit_per_N,tuned_per_N,NSL-KDD-K80n8,1000,10,8,fixed_300,SVM_Linear,0.7927438045997504,0.7933333333333333,0.8213535098781,0.8097789383638738,30,0.0,0.0,0.0,1.171583606936386,1.3192372049670713,1.5698058476184353,0.8054219712637406,-1.0639977499392803,0.4193949841448934,1.0639977499392803,0.4193949841448934
natural,refit_per_N,tuned_per_N,NSL-KDD-K80n8,1000,10,8,fixed_300,SVM_Poly2,0.7858958918774255,0.7866666666666666,0.8171562867215041,0.803790914411778,30,0.1,1.0,0.18181818181818182,0.6807883970655274,0.7998264670036263,1.0024848220757123,0.31339974538340026,-0.6277660402297544,0.4527447511510766,0.7342864989931495,0.2447270895446181
natural,refit_per_N,tuned_per_N,NSL-KDD-K80n8,1000,10,8,fixed_300,SVM_RBF,0.8028404344193818,0.8033333333333333,0.8304619109703856,0.8195263608122101,30,0.1,1.0,0.18181818181818182,0.6372548899093627,0.7748901335859009,0.9769178540737498,0.2284294644613721,-0.8227333491644895,0.5204711979803063,0.9344964796150347,0.27294094845145606
natural,refit_per_N,tuned_per_N,NSL-KDD-K80n8,1000,10,8,fixed_300,RandomForest,0.82977113675052,0.83,0.8528734573586296,0.8450092296609788,30,0.23333333333333334,1.0,0.3783783783783784,0.32478333333333337,0.30899628323906353,0.43245000000000006,0.11810975474814375,-0.224,0.25476263462289755,0.3166666666666666,0.12166438354022191
natural,refit_per_N,tuned_per_N,NSL-KDD-K80n8,1000,10,8,fixed_300,XGBoost,0.8199279711884754,0.82,0.8366027945928725,0.8329656476520643,30,0.2,1.0,0.3333333333333333,0.32455759048461913,0.3512487072778134,0.4699619386593501,0.08859492150830112,-0.29223709205786386,0.32760633105167736,0.43093256254990897,0.08381856986221138
natural,refit_per_N,tuned_per_N,NSL-KDD-K80n8,1000,10,8,full_test,QSVM_ZZ,0.6936813700710003,0.7007185947480482,0.7873381633301557,0.7358203431143207,2952,0.09993224932249323,1.0,0.18170619032953494,0.5248653143264337,0.628176302985403,0.7302708707072291,0.3698560817559991,-0.29043500899114494,0.30227028661679184,0.3792580815187687,0.17855847283673457
natural,refit_per_N,tuned_per_N,NSL-KDD-K80n8,1000,10,8,full_test,QSVM_Z,0.7621142902687918,0.7632185947480482,0.8052888236504725,0.7877617481697325,2952,0.17649051490514905,1.0,0.30002879355024475,0.5736590839919298,0.7378784869398199,0.8780328783607344,0.3203243210445027,-0.5547935644239239,0.4934383561373157,0.6324673216132839,0.38892466818783533
natural,refit_per_N,tuned_per_N,NSL-KDD-K80n8,1000,10,8,full_test,SVM_Linear,0.7583283120847752,0.7583836053938964,0.7779820590312505,0.775347963693804,2952,0.1717479674796748,1.0,0.29314830875975717,1.0281449473059188,1.3573445196999427,1.472607950592507,0.8549222196679035,-0.8433960648744051,0.5917190829602829,0.9307697152594008,0.44171951795333164
natural,refit_per_N,tuned_per_N,NSL-KDD-K80n8,1000,10,8,full_test,SVM_Poly2,0.7363578328630823,0.736737047551455,0.7636922561754353,0.7564973202044983,2952,0.21104336043360433,1.0,0.34853146853146855,0.5661377186346536,0.8671056193432528,0.9849849621480569,0.3196696668432699,-0.2999426301373316,0.87516209249798,0.8521661953418214,0.3601208755901103
natural,refit_per_N,tuned_per_N,NSL-KDD-K80n8,1000,10,8,full_test,SVM_RBF,0.7461316938872048,0.7463626685592619,0.7708337766796383,0.7652151302623212,2952,0.20392953929539295,1.0,0.33877321328081034,0.5268384758612737,0.8149541726246636,0.9323485739962665,0.26913791946381055,-0.7224345862444341,0.6376087109106284,0.9090884655977768,0.31939749740465995
natural,refit_per_N,tuned_per_N,NSL-KDD-K80n8,1000,10,8,full_test,RandomForest,0.7650836213589773,0.7656582682753726,0.7989450912736705,0.7876124116957472,2952,0.10738482384823848,1.0,0.19394310186601407,0.273374733853797,0.33398397547918507,0.4097644606103619,0.13554382246053998,-0.27164464769647695,0.20595314329775471,0.3123424796747967,0.13656385776246857
natural,refit_per_N,tuned_per_N,NSL-KDD-K80n8,1000,10,8,full_test,XGBoost,0.7653540930794496,0.7653921220723917,0.7843880051969025,0.7821553172671665,2952,0.21951219512195122,1.0,0.36,0.27370370219998996,0.3802110532981835,0.45652075145047255,0.10518063102677591,-0.30388923127678674,0.29367843591141624,0.39958304458557753,0.13758298981012354
natural,refit_per_N,tuned_per_N,NSL-KDD-K80n8,2000,1,17,fixed_300,QSVM_ZZ,0.7777777777777778,0.78,0.8301710117786211,0.8016298230606456,30,0.23333333333333334,1.0,0.3783783783783784,0.655673051889416,0.6122295800789342,0.8212679138740937,0.3609033434847939,-0.1387641708115602,0.4532121908584158,0.3789542248188641,0.2846936608631087
natural,refit_per_N,tuned_per_N,NSL-KDD-K80n8,2000,1,17,fixed_300,QSVM_Z,0.8565885871196541,0.8566666666666667,0.8753420908593322,0.8704920985097474,30,0.5,1.0,0.6666666666666666,0.8190494469296937,0.7287248116222605,1.0460075753556255,0.32825295107337815,-0.24339179743634123,0.7178996850844186,0.6029824649159283,0.4593818367192067
natural,refit_per_N,tuned_per_N,NSL-KDD-K80n8,2000,1,17,fixed_300,SVM_Linear,0.8096425510124567,0.81,0.8347222222222223,0.8255143847643059,30,0.1,1.0,0.18181818181818182,1.4467502590285737,1.5603400291265734,1.8864087815250155,0.9844842444037731,-1.0869231271806206,0.5350169503051587,1.1161253389021697,0.4710724459936591
natural,refit_per_N,tuned_per_N,NSL-KDD-K80n8,2000,1,17,fixed_300,SVM_Poly2,0.7755669446956754,0.7766666666666666,0.8109802431610942,0.7948088784836342,30,0.1,1.0,0.18181818181818182,0.7326729620333149,0.8556927270097037,1.0707063176852791,0.3501538142314102,-0.7133266853116361,0.46713114459548793,0.8137682510065807,0.25461284312160537
natural,refit_per_N,tuned_per_N,NSL-KDD-K80n8,2000,1,17,fixed_300,SVM_RBF,0.8230954950544621,0.8233333333333334,0.845966107938847,0.8382558191886903,30,0.26666666666666666,1.0,0.42105263157894735,0.7920318967731951,0.8273462671398683,1.1022715466610256,0.3111491743166453,-0.5762130060581122,0.8532693678984848,0.9543571465052226,0.3863838498938784
natural,refit_per_N,tuned_per_N,NSL-KDD-K80n8,2000,1,17,fixed_300,RandomForest,0.8263888888888888,0.8266666666666667,0.8507317974052357,0.8420152176849309,30,0.26666666666666666,1.0,0.42105263157894735,0.3407358183636269,0.28457522000460933,0.425751833419608,0.12577491839172325,-0.12748523524726257,0.24359749011320678,0.2532138511407035,0.10712127699947104
natural,refit_per_N,tuned_per_N,NSL-KDD-K80n8,2000,1,17,fixed_300,XGBoost,0.8330662393162394,0.8333333333333334,0.8576573248995798,0.8487686281572193,30,0.23333333333333334,1.0,0.3783783783783784,0.34815232882897057,0.2992541786088176,0.44342534949382145,0.11889939827499571,-0.1500858783721924,0.2944052364240793,0.29893657366434734,0.14084437882461204
natural,refit_per_N,tuned_per_N,NSL-KDD-K80n8,2000,1,17,full_test,QSVM_ZZ,0.7155149051279416,0.7197480482611781,0.7884165059181449,0.7510444746495628,2952,0.16903794037940378,1.0,0.2891915386844393,0.5712830151015743,0.6354192699080554,0.7687819373560916,0.3729561163314608,-0.19832147276317447,0.46205649564397466,0.4219962832106545,0.27339851623982536
natural,refit_per_N,tuned_per_N,NSL-KDD-K80n8,2000,1,17,full_test,QSVM_Z,0.8177467210163927,0.8177785663591199,0.8384024420684817,0.835634967044107,2952,0.4464769647696477,1.0,0.6173302107728337,0.6990850512860853,0.8071560640341341,1.0078265773896562,0.3528546592377592,-0.3951480266008983,0.7715233551143356,0.7259410974073538,0.4737085322310251
natural,refit_per_N,tuned_per_N,NSL-KDD-K80n8,2000,1,17,full_test,SVM_Linear,0.7499977852479989,0.7503548616039745,0.7779132689899235,0.7703626146045399,2952,0.04505420054200542,1.0,0.08622366288492707,1.2673376056915582,1.6198567741154686,1.769235130183958,1.0487552763017387,-0.9734017745161376,0.5771894812820798,0.9926563487667612,0.5434078442448952
natural,refit_per_N,tuned_per_N,NSL-KDD-K80n8,2000,1,17,full_test,SVM_Poly2,0.720724496106371,0.7214779985805536,0.7531300357810113,0.7429190113407853,2952,0.2090108401084011,1.0,0.3457551134771645,0.6019850023641932,0.8998619520354139,1.0263374843925908,0.34462855935498393,-0.44009294601716,0.7295563272161837,0.8199911955519772,0.23140586624471954
natural,refit_per_N,tuned_per_N,NSL-KDD-K80n8,2000,1,17,full_test,SVM_RBF,0.7603530539779958,0.7606458481192335,0.7875635829839092,0.7804539904237691,2952,0.1568428184281843,1.0,0.2711566617862372,0.6413405211272637,0.9047864532317123,1.0601877904580408,0.3255119643808952,-0.7844240839055431,0.7038689027995977,0.9992003156161848,0.335188461931309
natural,refit_per_N,tuned_per_N,NSL-KDD-K80n8,2000,1,17,full_test,RandomForest,0.7727058910768563,0.7731103619588361,0.8036200730381595,0.7941830881620899,2952,0.14159891598915988,1.0,0.24807121661721068,0.2882753623545879,0.3192603266766796,0.40767413228461136,0.13722843217190198,-0.21282137308643928,0.23188915245090655,0.2929875773969084,0.11499476230632333
natural,refit_per_N,tuned_per_N,NSL-KDD-K80n8,2000,1,17,full_test,XGBoost,0.7798168172974478,0.7801188786373314,0.8087890907575422,0.8006021372131336,2952,0.16903794037940378,1.0,0.2891915386844393,0.2942002215670558,0.3408202088037776,0.4309456028345631,0.13037665625682485,-0.24106498483598718,0.26468414065513446,0.33056133150610173,0.13747446068719396
natural,refit_per_N,tuned_per_N,NSL-KDD-K80n8,2000,2,17,fixed_300,QSVM_ZZ,0.7707246898039921,0.7733333333333333,0.8267077964077815,0.7956417991085498,30,0.06666666666666667,1.0,0.125,0.6737824252079753,0.6374694975701869,0.8541394993656377,0.36165706473805387,-0.3214180947484499,0.3228014555952345,0.4025279602486262,0.21326418495426294
natural,refit_per_N,tuned_per_N,NSL-KDD-K80n8,2000,2,17,fixed_300,QSVM_Z,0.8329695781925082,0.8333333333333334,0.8604392033056316,0.8495340146774121,30,0.1,1.0,0.18181818181818182,0.7656723551083057,0.7271941098978615,1.009901486596822,0.30848730316946776,-0.5847749754271769,0.6752322803059292,0.7706063047204188,0.4517370112998728
natural,refit_per_N,tuned_per_N,NSL-KDD-K80n8,2000,2,17,fixed_300,SVM_Linear,0.7960116373688846,0.7966666666666666,0.8262743628185907,0.8135383368601143,30,0.1,1.0,0.18181818181818182,1.5881705873337042,1.8114325213681757,2.125958287273346,1.1330820600097469,-1.322565009256943,0.7258703843199483,1.3475517784401077,0.6783584767411033
natural,refit_per_N,tuned_per_N,NSL-KDD-K80n8,2000,2,17,fixed_300,SVM_Poly2,0.8023649214484306,0.8033333333333333,0.8394756838905775,0.8218225203727882,30,0.1,1.0,0.18181818181818182,0.8302914804540278,0.9717066536695043,1.1731587737055933,0.5072437825914828,-0.7859991874310537,0.5159183812781167,0.9082058490254102,0.2431638019503371
natural,refit_per_N,tuned_per_N,NSL-KDD-K80n8,2000,2,17,fixed_300,SVM_RBF,0.8026997804059703,0.8033333333333333,0.8333020989505248,0.8202917473324028,30,0.1,1.0,0.18181818181818182,0.874484311970372,0.994006078356566,1.27041397698212,0.37258451763401035,-0.9447610361629054,0.9572354449614556,1.2409570195905075,0.5185545179353929
natural,refit_per_N,tuned_per_N,NSL-KDD-K80n8,2000,2,17,fixed_300,RandomForest,0.8364467784465781,0.8366666666666667,0.8597808067784123,0.8517626401332673,30,0.1,1.0,0.18181818181818182,0.3405333333333333,0.2993713672941278,0.43833333333333335,0.11597437456419223,-0.20783333333333334,0.2523908454934308,0.29816666666666675,0.1341360213448357
natural,refit_per_N,tuned_per_N,NSL-KDD-K80n8,2000,2,17,fixed_300,XGBoost,0.8799519807923168,0.88,0.8862326288037892,0.8891540227815047,30,0.5,1.0,0.6666666666666666,0.37051649888356525,0.30015097205958163,0.4697263141473134,0.0820382335915773,-0.07092100381851196,0.35730166789072487,0.3352961460749308,0.14237543709298278
natural,refit_per_N,tuned_per_N,NSL-KDD-K80n8,2000,2,17,full_test,QSVM_ZZ,0.6963210682586505,0.7021823988644429,0.7794509259334632,0.7355278208021371,2952,0.049796747967479675,1.0,0.09486931268151017,0.5567880351615576,0.7088017039169925,0.813615264071281,0.3878697895491725,-0.4978134979380575,0.4245886505794831,0.5591368317518353,0.3397937673188704
natural,refit_per_N,tuned_per_N,NSL-KDD-K80n8,2000,2,17,full_test,QSVM_Z,0.7862556296057417,0.7867281760113556,0.8201374903720904,0.8087498358927722,2952,0.06842818428184282,1.0,0.12809131261889664,0.6565147118530987,0.7890898237046252,0.9693359219335389,0.33773093906689966,-0.6963706089302969,0.5095727925709495,0.7702644136173273,0.38895910970854397
natural,refit_per_N,tuned_per_N,NSL-KDD-K80n8,2000,2,17,full_test,SVM_Linear,0.7391262718126763,0.7399751596877218,0.7750074430923416,0.7624980899126339,2952,0.03353658536585366,1.0,0.06489675516224189,1.3862596290095675,1.8867861127541867,2.023765902346502,1.1773058934718057,-1.3368154194191546,0.6031948482558717,1.35480509150013,0.5616250124456346
natural,refit_per_N,tuned_per_N,NSL-KDD-K80n8,2000,2,17,full_test,SVM_Poly2,0.7387422093801441,0.7406848828956707,0.7902825612433675,0.7673427286642087,2952,0.0494579945799458,1.0,0.09425435765009683,0.6743239745412611,1.054485204570332,1.1372515063215747,0.5227914313262674,-0.8457481819571733,0.40686419327821227,0.8983458822331496,0.2716673240022409
natural,refit_per_N,tuned_per_N,NSL-KDD-K80n8,2000,2,17,full_test,SVM_RBF,0.7399731392457223,0.7408179559971612,0.7758879021338811,0.7633511024519146,2952,0.0508130081300813,1.0,0.09671179883945841,0.686160015249356,1.0724386885844248,1.2064927941614756,0.40659002070404104,-1.102748771394388,0.6660570112196358,1.2152527057431537,0.4276068944610345
natural,refit_per_N,tuned_per_N,NSL-KDD-K80n8,2000,2,17,full_test,RandomForest,0.7783339956574062,0.7786550745209369,0.8076848617172705,0.7992537597697112,2952,0.061991869918699184,1.0,0.11674641148325358,0.2848820085166785,0.3361680097931911,0.41990951029098655,0.13357654267121832,-0.30538109756097565,0.20402649598878578,0.34257621951219513,0.13238564740084338
natural,refit_per_N,tuned_per_N,NSL-KDD-K80n8,2000,2,17,full_test,XGBoost,0.8115755902035325,0.8116128459900639,0.8231909585726281,0.8254969579308469,2952,0.2632113821138211,1.0,0.416733708769107,0.31158302904280516,0.3472491762363718,0.45452930371761535,0.10520972600624014,-0.22287169337111115,0.3218017693349855,0.3622033136889217,0.14844840856674196
natural,refit_per_N,tuned_per_N,NSL-KDD-K80n8,2000,3,17,fixed_300,QSVM_ZZ,0.7469379491851402,0.75,0.8025,0.7723875557156363,30,0.03333333333333333,1.0,0.06451612903225806,0.6312404494154342,0.6365467833520515,0.8169671578378999,0.36908125851674844,-0.30985460966625195,0.1799325793834393,0.31537354820902147,0.17007391729790614
natural,refit_per_N,tuned_per_N,NSL-KDD-K80n8,2000,3,17,fixed_300,QSVM_Z,0.869998555539506,0.87,0.8823051948051948,0.8817027598937464,30,0.5333333333333333,1.0,0.6956521739130435,0.7783837686788045,0.6728483503238519,0.9812466793364348,0.30945298215943473,-0.23314867098052325,0.6861878604712133,0.5603991330142489,0.45952681570820636
natural,refit_per_N,tuned_per_N,NSL-KDD-K80n8,2000,3,17,fixed_300,SVM_Linear,0.802541304566093,0.8033333333333333,0.8363044708545557,0.8210571338525956,30,0.06666666666666667,1.0,0.125,1.4450991723548179,1.6266256912787138,1.9145841047727807,1.0337264934304164,-1.1692196442997436,0.6272160701956055,1.1929504514142488,0.5808130472007123
natural,refit_per_N,tuned_per_N,NSL-KDD-K80n8,2000,3,17,fixed_300,SVM_Poly2,0.8090644156366193,0.81,0.8465995440729484,0.8285759308450767,30,0.1,1.0,0.18181818181818182,0.883948454261019,0.9679632190185001,1.1989090103081252,0.5300328746078804,-0.71460420101377,0.4644983563795394,0.8111490761473467,0.2616391856185307
natural,refit_per_N,tuned_per_N,NSL-KDD-K80n8,2000,3,17,fixed_300,SVM_RBF,0.8061151720449278,0.8066666666666666,0.8353649992994255,0.8232857593084508,30,0.1,1.0,0.18181818181818182,0.7014699900368196,0.7559608562844832,0.9988631123870607,0.25653351802261426,-0.7094537160727717,0.5210406210188135,0.836374406960682,0.274382498316316
natural,refit_per_N,tuned_per_N,NSL-KDD-K80n8,2000,3,17,fixed_300,RandomForest,0.8197115384615384,0.82,0.8438062699108915,0.8352618072126423,30,0.16666666666666666,1.0,0.2857142857142857,0.3324464787203008,0.2894304274740146,0.420497788835816,0.1321826128713898,-0.1625788139365004,0.21276875923361893,0.2284235604154546,0.1397322178094231
natural,refit_per_N,tuned_per_N,NSL-KDD-K80n8,2000,3,17,fixed_300,XGBoost,0.8466053087901828,0.8466666666666667,0.8639115197305539,0.8599792895412183,30,0.3,1.0,0.46153846153846156,0.34897842913866045,0.3134855800642239,0.45607018838326135,0.10981409827679907,-0.13969116707642873,0.3177336593042462,0.29574823478857676,0.18166254989260272
natural,refit_per_N,tuned_per_N,NSL-KDD-K80n8,2000,3,17,full_test,QSVM_ZZ,0.6925228010024792,0.6988112136266856,0.7783674620932621,0.7326669125476606,2952,0.041666666666666664,1.0,0.08,0.5428155653287587,0.6784851982573443,0.7836814195575069,0.37527900934880243,-0.4465345221735092,0.3109081014073803,0.4621784255597935,0.287137649848529
natural,refit_per_N,tuned_per_N,NSL-KDD-K80n8,2000,3,17,full_test,QSVM_Z,0.8133233658225917,0.8133427963094393,0.832745084200561,0.8306865819519098,2952,0.3736449864498645,1.0,0.544019728729963,0.67228767103325,0.7347882272610655,0.9337116611947024,0.3465068329684133,-0.4365594643616948,0.639695084011775,0.6277398686865305,0.45358199225059503
natural,refit_per_N,tuned_per_N,NSL-KDD-K80n8,2000,3,17,full_test,SVM_Linear,0.747234505850179,0.7484918381831086,0.7905529316293447,0.7730852398759591,2952,0.032859078590785906,1.0,0.06362741882584454,1.2609515313431692,1.6984421000769958,1.82397083988282,1.0713704807244786,-1.220728127828739,0.5087225674397727,1.2374423178845195,0.4665965308522558
natural,refit_per_N,tuned_per_N,NSL-KDD-K80n8,2000,3,17,full_test,SVM_Poly2,0.7441358713134933,0.7460521646557843,0.796398795577275,0.7728587977799584,2952,0.04505420054200542,1.0,0.08622366288492707,0.7177318442151508,1.04735163629998,1.1536747113996464,0.5302066677604776,-0.7923787734640085,0.35133548129682923,0.831662355739969,0.2442098832959999
natural,refit_per_N,tuned_per_N,NSL-KDD-K80n8,2000,3,17,full_test,SVM_RBF,0.7380918913572598,0.7390436479772888,0.7754663600884639,0.762005561603079,2952,0.04098915989159892,1.0,0.07875040676863,0.5730796938398308,0.8271469898809847,0.9640515498761424,0.28843905342747184,-0.8452829130767349,0.39332086980659675,0.893128381379968,0.2674438336146627
natural,refit_per_N,tuned_per_N,NSL-KDD-K80n8,2000,3,17,full_test,RandomForest,0.7686555123142913,0.7692512420156139,0.8033362418619012,0.7914572652020064,2952,0.08163956639566396,1.0,0.15095521453178828,0.283513057921318,0.3244890906265172,0.40552384577675116,0.14568196337898018,-0.2582056401892532,0.1953758406248135,0.28204896549755953,0.15902909415308591
natural,refit_per_N,tuned_per_N,NSL-KDD-K80n8,2000,3,17,full_test,XGBoost,0.7839583177489546,0.7842441447835344,0.8128282947434131,0.8047141200936152,2952,0.17411924119241193,1.0,0.29659549913444894,0.28882007276265226,0.36174459169225204,0.4486931667413967,0.11380081796188922,-0.2792402545449533,0.27746561787880925,0.3551513196087788,0.1697934894021051
natural,refit_per_N,tuned_per_N,NSL-KDD-K80n8,2000,4,17,fixed_300,QSVM_ZZ,0.7604345918952661,0.7633333333333333,0.8175,0.7858943766602133,30,0.06666666666666667,1.0,0.125,0.636059224440464,0.6333086238764009,0.8269140591771061,0.3490906598682732,-0.31715919621115163,0.3707609985016011,0.443764900727892,0.20279641671679566
natural,refit_per_N,tuned_per_N,NSL-KDD-K80n8,2000,4,17,fixed_300,QSVM_Z,0.8666607404773545,0.8666666666666667,0.8799403767107818,0.8787087479176985,30,0.4,1.0,0.5714285714285714,0.9186187155418224,0.7973498213852147,1.1294653018406355,0.45159186678325286,-0.41227742340031526,0.6832844201170374,0.6328737126387725,0.48612872417817016
natural,refit_per_N,tuned_per_N,NSL-KDD-K80n8,2000,4,17,fixed_300,SVM_Linear,0.7994294883223391,0.8,0.8283592545887628,0.8165323488361622,30,0.1,1.0,0.18181818181818182,1.446055955977998,1.578741758881297,1.9244627250049158,0.9380546834389272,-1.1529377809228758,0.6868500110555785,1.1901939122001781,0.620053961948513
natural,refit_per_N,tuned_per_N,NSL-KDD-K80n8,2000,4,17,fixed_300,SVM_Poly2,0.8090644156366193,0.81,0.8465995440729484,0.8285759308450767,30,0.1,1.0,0.18181818181818182,1.0968349310151801,1.1440572320162143,1.3994349735559866,0.7439728293506638,-0.6656447089756331,0.4783057049289982,0.7860638431847817,0.23229907531553368
natural,refit_per_N,tuned_per_N,NSL-KDD-K80n8,2000,4,17,fixed_300,SVM_RBF,0.8227642095172276,0.8233333333333334,0.8543853073463268,0.8405519787492683,30,0.13333333333333333,1.0,0.23529411764705882,0.833529492475854,0.869123881113051,1.1384244849715914,0.3926033972920179,-0.7883219867246952,0.6475302095616845,0.9467523406116438,0.3800091217259706
natural,refit_per_N,tuned_per_N,NSL-KDD-K80n8,2000,4,17,fixed_300,RandomForest,0.8230009684852668,0.8233333333333334,0.8486111111111111,0.8390212057088829,30,0.16666666666666666,1.0,0.2857142857142857,0.32813270405785533,0.3001137205341588,0.4271497950143138,0.12362188052446435,-0.22766666666666666,0.2083529590755926,0.2920666666666667,0.09970019502934228
natural,refit_per_N,tuned_per_N,NSL-KDD-K80n8,2000,4,17,fixed_300,XGBoost,0.82977113675052,0.83,0.8528734573586296,0.8450092296609788,30,0.16666666666666666,1.0,0.2857142857142857,0.33495957215627037,0.3393684843810767,0.46758612513542175,0.09344569947869454,-0.27563107907772066,0.30755363035666705,0.3996638387441635,0.10406989622072914
natural,refit_per_N,tuned_per_N,NSL-KDD-K80n8,2000,4,17,full_test,QSVM_ZZ,0.693643244830856,0.6997427253371186,0.7780878274388929,0.7333473301422085,2952,0.0508130081300813,1.0,0.09671179883945841,0.5486022754287078,0.664482612930455,0.7827477034976723,0.3602882625919983,-0.4203532171680716,0.3456568865540315,0.48870512776048375,0.23946358492761238
natural,refit_per_N,tuned_per_N,NSL-KDD-K80n8,2000,4,17,full_test,QSVM_Z,0.8242730001241685,0.8242991483321505,0.8447230805530809,0.8421389975802123,2952,0.3018292682926829,1.0,0.4637002341920375,0.7935346094070016,0.8825841215319731,1.0944774003338775,0.45909816822275,-0.6066185716758105,0.7551161907511332,0.8126052663856439,0.5271235472627065
natural,refit_per_N,tuned_per_N,NSL-KDD-K80n8,2000,4,17,full_test,SVM_Linear,0.7437442146547376,0.7443665720369056,0.776306388344074,0.7658793467692588,2952,0.03997289972899729,1.0,0.07687296416938111,1.2613804668685553,1.650485764161291,1.8285067671268294,0.9857722568971022,-1.1840864918669698,0.558406245281173,1.2037379055595667,0.5146779669948117
natural,refit_per_N,tuned_per_N,NSL-KDD-K80n8,2000,4,17,full_test,SVM_Poly2,0.7454837467608573,0.7474272533711852,0.7983990456132468,0.7743797701681133,2952,0.048102981029810296,1.0,0.09179056237879767,0.900353874582028,1.198609775257147,1.3225650717907607,0.7057790898687484,-0.7706307827553787,0.3898536066788383,0.8341816877265272,0.223603555053109
natural,refit_per_N,tuned_per_N,NSL-KDD-K80n8,2000,4,17,full_test,SVM_RBF,0.7677606741050644,0.7689407381121363,0.8131357108284818,0.7940404479771642,2952,0.0508130081300813,1.0,0.09671179883945841,0.6831068111841222,0.9539430547267708,1.10148963320496,0.40418171048376905,-0.9819160191737539,0.5557169049235003,1.0528901809979856,0.40546592197842707
natural,refit_per_N,tuned_per_N,NSL-KDD-K80n8,2000,4,17,full_test,RandomForest,0.7758762154345755,0.7766146202980837,0.8143165363433439,0.799904066130352,2952,0.07926829268292683,1.0,0.14689265536723164,0.28719107387969794,0.32977202358865415,0.4176541752807285,0.12958892826358465,-0.2948073563284576,0.181163925574923,0.32278974115230585,0.12465363324796355
natural,refit_per_N,tuned_per_N,NSL-KDD-K80n8,2000,4,17,full_test,XGBoost,0.7925828600084577,0.7928938963804116,0.8229016223306711,0.8138649381205517,2952,0.1402439024390244,1.0,0.24598930481283424,0.2954291901541272,0.370455976067874,0.4640234801719974,0.09590748901202985,-0.34071486068733015,0.26783559682396313,0.4161926622131491,0.12085607613672926
natural,refit_per_N,tuned_per_N,NSL-KDD-K80n8,2000,5,17,fixed_300,QSVM_ZZ,0.7461384842775101,0.75,0.8106617647058824,0.7739183287560218,30,0.03333333333333333,1.0,0.06451612903225806,0.6445652566172242,0.6344120251518933,0.8335398049682045,0.3509335852108234,-0.3278224231332864,0.17706724151425784,0.3434400694002289,0.14446199450656202
natural,refit_per_N,tuned_per_N,NSL-KDD-K80n8,2000,5,17,fixed_300,QSVM_Z,0.8056213414361678,0.8066666666666666,0.8447018447018446,0.8255819188690288,30,0.1,1.0,0.18181818181818182,0.7792959569880512,0.7726200536240322,1.0463177049184076,0.3308522271561751,-0.5761773314031708,0.3779024378520453,0.6177189577989434,0.30530944782824154
natural,refit_per_N,tuned_per_N,NSL-KDD-K80n8,2000,5,17,fixed_300,SVM_Linear,0.7956654272602419,0.7966666666666666,0.8323518237082067,0.8150691099004997,30,0.03333333333333333,1.0,0.06451612903225806,1.631141259168684,1.8795409664265132,2.200110747501419,1.1631030696230917,-1.370257268428541,0.7644612332357021,1.3755675372402105,0.7548641661202361
natural,refit_per_N,tuned_per_N,NSL-KDD-K80n8,2000,5,17,fixed_300,SVM_Poly2,0.8159283347650018,0.8166666666666667,0.8504527447651387,0.8345639547971726,30,0.1,1.0,0.18181818181818182,0.9808767049690995,1.1052540723175392,1.3287521917398208,0.6466245337691454,-0.8364031883951099,0.5103253961821522,0.9236388825240546,0.3269457420363381
natural,refit_per_N,tuned_per_N,NSL-KDD-K80n8,2000,5,17,fixed_300,SVM_RBF,0.8126589053927473,0.8133333333333334,0.845358401880141,0.830804556300932,30,0.1,1.0,0.18181818181818182,0.7208812121824704,0.8156959391875859,1.0598197475240787,0.2486195689055545,-0.8167274258125773,0.5393131517781354,0.9633104855376112,0.17301812682085316
natural,refit_per_N,tuned_per_N,NSL-KDD-K80n8,2000,5,17,fixed_300,RandomForest,0.8227642095172276,0.8233333333333334,0.8543853073463268,0.8405519787492683,30,0.1,1.0,0.18181818181818182,0.31356666666666666,0.32871290242736473,0.44109999999999994,0.10866009693841923,-0.2998,0.1530937403466691,0.32326666666666654,0.09389566313496889
natural,refit_per_N,tuned_per_N,NSL-KDD-K80n8,2000,5,17,fixed_300,XGBoost,0.8090644156366193,0.81,0.8465995440729484,0.8285759308450767,30,0.06666666666666667,1.0,0.125,0.31112733791271846,0.35673208239965726,0.4650079823533694,0.08846228211785662,-0.3452643712361654,0.18887414980705947,0.3722720543543498,0.12764970841030626
natural,refit_per_N,tuned_per_N,NSL-KDD-K80n8,2000,5,17,full_test,QSVM_ZZ,0.6949523140416685,0.7012065294535131,0.7814227423457862,0.7351341159172813,2952,0.047764227642276426,1.0,0.09117361784675072,0.5471288884016706,0.6801800404778068,0.7942406046273125,0.3621833374815576,-0.45859007270222013,0.3766006729201638,0.512565935083732,0.2990135177825361
natural,refit_per_N,tuned_per_N,NSL-KDD-K80n8,2000,5,17,full_test,QSVM_Z,0.7602013112787804,0.7615330021291696,0.8068061693309404,0.7869450657068048,2952,0.09349593495934959,1.0,0.17100371747211895,0.6722638982153466,0.8403172508428731,1.0168957971112202,0.35212890924397805,-0.684756882236068,0.43831345055385057,0.7213134300127252,0.3751234521985537
natural,refit_per_N,tuned_per_N,NSL-KDD-K80n8,2000,5,17,full_test,SVM_Linear,0.7548732334876926,0.756165720369056,0.7999546780394686,0.7812035294490636,2952,0.020663956639566397,1.0,0.04049120477928975,1.4220497233457445,1.9673338507106053,2.101706395372998,1.2146843719533746,-1.4158894916870302,0.6373840981901424,1.4287295158595597,0.6080571616280214
natural,refit_per_N,tuned_per_N,NSL-KDD-K80n8,2000,5,17,full_test,SVM_Poly2,0.7521848839249421,0.7538591199432222,0.8025881447303418,0.780204630890316,2952,0.04065040650406504,1.0,0.078125,0.8007433813305879,1.208320193011654,1.2968425096877934,0.6476319608011403,-0.9616925262177337,0.4663660377117956,0.9970933468852574,0.3849086303412822
natural,refit_per_N,tuned_per_N,NSL-KDD-K80n8,2000,5,17,full_test,SVM_RBF,0.7606066328510952,0.7616217175301633,0.8020386256582928,0.7857077648137782,2952,0.04607046070460705,1.0,0.08808290155440414,0.5882727758735866,0.8942622566536523,1.0360342935798839,0.26907765614359186,-0.9567932066649416,0.3928523190849054,1.0164235937292825,0.19149220099267916
natural,refit_per_N,tuned_per_N,NSL-KDD-K80n8,2000,5,17,full_test,RandomForest,0.7674571847354417,0.768319730305181,0.8071529359298621,0.7919417611744153,2952,0.0535230352303523,1.0,0.10160771704180065,0.26580713271823986,0.35959393014595137,0.4316469127040454,0.11679969672379088,-0.35902235772357716,0.14566392079,0.3749220867208672,0.09771622206257354
natural,refit_per_N,tuned_per_N,NSL-KDD-K80n8,2000,5,17,full_test,XGBoost,0.7648075872588215,0.7656139105748758,0.8031125663191048,0.7888510967827376,2952,0.04369918699186992,1.0,0.08373904576436222,0.26266014412960276,0.3905872615655296,0.4622904451919562,0.08852290379142566,-0.4107945386855421,0.15709806093642842,0.42783430859769583,0.10193016310486656
natural,refit_per_N,tuned_per_N,NSL-KDD-K80n8,2000,6,17,fixed_300,QSVM_ZZ,0.7707246898039921,0.7733333333333333,0.8267077964077815,0.7956417991085498,30,0.06666666666666667,1.0,0.125,0.6429213234617328,0.633278404221426,0.8383465039199994,0.33401273146414057,-0.36401946626018644,0.2119159066207236,0.38043205584527406,0.1808036896210156
natural,refit_per_N,tuned_per_N,NSL-KDD-K80n8,2000,6,17,fixed_300,QSVM_Z,0.8498648783905515,0.85,0.8709677419354839,0.8645040745576515,30,0.3333333333333333,1.0,0.5,0.7429291598343143,0.7361676732329587,0.9972563542226294,0.31522427509304835,-0.4889375912105579,0.6947085194517489,0.7129224524875611,0.4619756182275691
natural,refit_per_N,tuned_per_N,NSL-KDD-K80n8,2000,6,17,fixed_300,SVM_Linear,0.7992773986350863,0.8,0.8312573443008225,0.817297735356355,30,0.06666666666666667,1.0,0.125,1.4323647101588255,1.600705703840044,1.9081812794361037,0.9862918523560967,-1.1824228939916828,0.6094589146579401,1.1940296759816365,0.5863933848253142
natural,refit_per_N,tuned_per_N,NSL-KDD-K80n8,2000,6,17,fixed_300,SVM_Poly2,0.8058035714285714,0.8066666666666666,0.8414178221570205,0.8248165323488361,30,0.1,1.0,0.18181818181818182,0.9869102705935315,1.0972572080834284,1.3248945324085646,0.6500921018501371,-0.7721793852044264,0.5014553236663414,0.8824888303107776,0.26254886963138246
natural,refit_per_N,tuned_per_N,NSL-KDD-K80n8,2000,6,17,fixed_300,SVM_RBF,0.7889659330720531,0.79,0.8252279635258359,0.8083156994282112,30,0.1,1.0,0.18181818181818182,0.7499717743696791,0.9496194514077492,1.155048251047662,0.3606914229572089,-0.9907745589722476,0.6276466307918636,1.0114531703808851,0.5937482665048259
natural,refit_per_N,tuned_per_N,NSL-KDD-K80n8,2000,6,17,fixed_300,RandomForest,0.8295739348370927,0.83,0.8584000745017695,0.8465400027013641,30,0.1,1.0,0.18181818181818182,0.32348209399867794,0.3085121194070411,0.4308678916545057,0.1190514716414503,-0.2537930942877367,0.18212367498110688,0.2945546534931674,0.10400732571452836
natural,refit_per_N,tuned_per_N,NSL-KDD-K80n8,2000,6,17,fixed_300,XGBoost,0.8264738598442714,0.8266666666666667,0.848146617059391,0.8412498311647382,30,0.1,1.0,0.18181818181818182,0.3311763216058413,0.3365307100535676,0.4641203340888023,0.08673517329683787,-0.28230456709861756,0.25383866512313036,0.3600100656350454,0.12051012056122472
natural,refit_per_N,tuned_per_N,NSL-KDD-K80n8,2000,6,17,full_test,QSVM_ZZ,0.6963445456153052,0.7020936834634492,0.7783767777658928,0.7352494814628865,2952,0.032859078590785906,1.0,0.06362741882584454,0.5309847864992717,0.6845581050900668,0.79225972947703,0.35055550742666014,-0.5201117318824555,0.3024690097605138,0.5382508692726602,0.2688674715068721
natural,refit_per_N,tuned_per_N,NSL-KDD-K80n8,2000,6,17,full_test,QSVM_Z,0.8094752681223487,0.8095723917672107,0.8335362904136219,0.8285898249963972,2952,0.2842140921409214,1.0,0.44262727512529676,0.6334032322821985,0.786390299984787,0.9477489335337013,0.34839821693205036,-0.592421639177631,0.656548613535695,0.7579412023013051,0.4555706469424988
natural,refit_per_N,tuned_per_N,NSL-KDD-K80n8,2000,6,17,full_test,SVM_Linear,0.7464642960011107,0.747471611071682,0.7857911088551446,0.7709866212798694,2952,0.0260840108401084,1.0,0.050841862000660286,1.2484730011439866,1.6730209017211208,1.8185962695586457,1.024886032946397,-1.2177461552464208,0.5025110534619196,1.2312163988234253,0.468539471909384
natural,refit_per_N,tuned_per_N,NSL-KDD-K80n8,2000,6,17,full_test,SVM_Poly2,0.7431563450970533,0.7448101490418737,0.7915734912215688,0.7707031544047183,2952,0.046409214092140924,1.0,0.08870184525736484,0.7939436193059726,1.1753558447489094,1.2661921018690976,0.6391912026822696,-0.866759482002956,0.39107829588349247,0.9123748201283532,0.26792988028386194
natural,refit_per_N,tuned_per_N,NSL-KDD-K80n8,2000,6,17,full_test,SVM_RBF,0.7185467603028899,0.7203690560681334,0.7648442548083076,0.7458154793375831,2952,0.025067750677506776,1.0,0.048909451421017845,0.5949311111061822,1.0211657077524574,1.1216336107624623,0.3723714178875383,-1.0967727589093441,0.5034053902042768,1.1108138742634752,0.4716142579652382
natural,refit_per_N,tuned_per_N,NSL-KDD-K80n8,2000,6,17,full_test,RandomForest,0.7705418528550891,0.771513484740951,0.8126775820007262,0.7957866828873336,2952,0.03692411924119241,1.0,0.07121855602744201,0.27344896608537406,0.33827838010232325,0.41303788035465877,0.13640494452160648,-0.3194465438235466,0.1574669905412067,0.334670536683682,0.12180960285121115
natural,refit_per_N,tuned_per_N,NSL-KDD-K80n8,2000,6,17,full_test,XGBoost,0.7626827400918723,0.7629524485450674,0.7894836485322547,0.7826303285018064,2952,0.06842818428184282,1.0,0.12809131261889664,0.27457000020391725,0.3755835831550494,0.4553360330367909,0.09550293171355265,-0.3526806712029426,0.2010973203477923,0.3895237925374088,0.11443340044975683
natural,refit_per_N,tuned_per_N,NSL-KDD-K80n8,2000,7,17,fixed_300,QSVM_ZZ,0.742965367965368,0.7466666666666667,0.8047331268092022,0.7701589302597811,30,0.06666666666666667,1.0,0.125,0.6207048148473913,0.6438926990022721,0.8206208781374265,0.35560321900697683,-0.2846709548415401,0.34400640281542355,0.38394214289945217,0.22796137526822022
natural,refit_per_N,tuned_per_N,NSL-KDD-K80n8,2000,7,17,fixed_300,QSVM_Z,0.8431922063190205,0.8433333333333334,0.8640945747800586,0.8577506640853632,30,0.3333333333333333,1.0,0.5,0.7603674864912153,0.7155555644779837,0.986698490426856,0.3414741122804748,-0.47880772000214594,0.6004166994445366,0.6364309920334436,0.42978208208911084
natural,refit_per_N,tuned_per_N,NSL-KDD-K80n8,2000,7,17,fixed_300,SVM_Linear,0.8028404344193818,0.8033333333333333,0.8304619109703856,0.8195263608122101,30,0.06666666666666667,1.0,0.125,1.4658046353160799,1.6429688572719714,1.9188356994989104,1.0798145457476482,-1.226563201980037,0.6236173101144621,1.251904595342764,0.5710435378196558
natural,refit_per_N,tuned_per_N,NSL-KDD-K80n8,2000,7,17,fixed_300,SVM_Poly2,0.7954644521688592,0.7966666666666666,0.8356459330143541,0.8158344964206925,30,0.1,1.0,0.18181818181818182,1.004703548680594,1.0992935045530101,1.3184778412830072,0.6924533283402707,-0.6439336216929397,0.4531954803794258,0.7325235114193943,0.2888701400296075
natural,refit_per_N,tuned_per_N,NSL-KDD-K80n8,2000,7,17,fixed_300,SVM_RBF,0.8093879234430561,0.81,0.8403298350824588,0.8270451578046913,30,0.1,1.0,0.18181818181818182,0.6971943217643096,0.843424730198837,1.059842794110712,0.27235720953001363,-0.9143100923708264,0.5412076764172122,1.0196805752398104,0.2985300964771829
natural,refit_per_N,tuned_per_N,NSL-KDD-K80n8,2000,7,17,fixed_300,RandomForest,0.8398861412560042,0.84,0.8594285714285714,0.8539912655891224,30,0.16666666666666666,1.0,0.2857142857142857,0.33386666666666664,0.3010205677727391,0.4346666666666667,0.11465261541815006,-0.19966666666666663,0.24442767619254757,0.30066666666666664,0.0959751125147672
natural,refit_per_N,tuned_per_N,NSL-KDD-K80n8,2000,7,17,fixed_300,XGBoost,0.8433176650998433,0.8433333333333334,0.857239819004525,0.855454504524785,30,0.23333333333333334,1.0,0.3783783783783784,0.34590233633915585,0.3175732362317896,0.4588921677072843,0.09959500525893969,-0.19340199728806814,0.3191547822426949,0.34683877726395923,0.1377206236169354
natural,refit_per_N,tuned_per_N,NSL-KDD-K80n8,2000,7,17,full_test,QSVM_ZZ,0.6909883918792373,0.6977022711142654,0.780332797026115,0.7321563215099176,2952,0.054878048780487805,1.0,0.10404624277456648,0.5375603302002546,0.6778555921878021,0.7852199718734632,0.3631651253029678,-0.4352363513106903,0.3867539799606436,0.504241672488441,0.2911179455885541
natural,refit_per_N,tuned_per_N,NSL-KDD-K80n8,2000,7,17,full_test,QSVM_Z,0.7933142201954092,0.7934705464868701,0.8188034064058378,0.8128683305031181,2952,0.23441734417344173,1.0,0.37980241492864986,0.6547917031749414,0.7704902201432741,0.9378156132768973,0.37803337071910537,-0.5791443021854061,0.5407317680280689,0.6722167707305349,0.4194324508871409
natural,refit_per_N,tuned_per_N,NSL-KDD-K80n8,2000,7,17,full_test,SVM_Linear,0.7523195660978772,0.752750177430802,0.7819960041880754,0.7733559079721412,2952,0.03590785907859079,1.0,0.06932635709614127,1.2803540197621592,1.719098496252217,1.823614274434607,1.12651543878284,-1.264496779348785,0.5242014854521032,1.283304645491623,0.4763071374578183
natural,refit_per_N,tuned_per_N,NSL-KDD-K80n8,2000,7,17,full_test,SVM_Poly2,0.7244849310353464,0.7272001419446416,0.7826419242597838,0.7554356354099862,2952,0.04200542005420054,1.0,0.08062418725617686,0.8025741426265597,1.1559881440612472,1.2372007903998619,0.6706474840457399,-0.755681148338669,0.4031650407804715,0.7929176384254637,0.3238482155821677
natural,refit_per_N,tuned_per_N,NSL-KDD-K80n8,2000,7,17,full_test,SVM_RBF,0.7476458871242371,0.7485805535841022,0.785958456380601,0.771810361125934,2952,0.03590785907859079,1.0,0.06932635709614127,0.566188637116036,0.9151190156382606,1.0241740022958024,0.33027261255431245,-1.0458631702624224,0.3963890516833061,1.0848572664817062,0.27210064786324106
natural,refit_per_N,tuned_per_N,NSL-KDD-K80n8,2000,7,17,full_test,RandomForest,0.8000842360634352,0.8001685592618879,0.8230163402162733,0.8187140223414362,2952,0.09451219512195122,1.0,0.17270194986072424,0.28951162171753014,0.32810087979244734,0.41627395315826826,0.13484495671726152,-0.28603150406504063,0.1966948995083216,0.32826727642276426,0.11288711193169308
natural,refit_per_N,tuned_per_N,NSL-KDD-K80n8,2000,7,17,full_test,XGBoost,0.7863281793468477,0.7863289567068843,0.8023035001246093,0.8019733638873489,2952,0.12737127371273713,1.0,0.22596153846153846,0.30100090112048017,0.35266580728452945,0.45130822269115106,0.1062807707647265,-0.2876051835776345,0.26566840792716623,0.36614159688474684,0.13869670371702247
natural,refit_per_N,tuned_per_N,NSL-KDD-K80n8,2000,8,17,fixed_300,QSVM_ZZ,0.7465502675302731,0.75,0.8064760557688422,0.7731529422358291,30,0.03333333333333333,1.0,0.06451612903225806,0.613993394049601,0.6475445080174624,0.8227405803744532,0.34554263876580266,-0.41241966528752927,0.25938169142658435,0.417390618876902,0.2513044238304416
natural,refit_per_N,tuned_per_N,NSL-KDD-K80n8,2000,8,17,fixed_300,QSVM_Z,0.8699869986998701,0.87,0.8843891402714932,0.882468146413939,30,0.36666666666666664,1.0,0.5365853658536586,0.7987325352304233,0.6971217372473478,1.0144352865480064,0.30801530608825883,-0.3749000934085155,0.6306023201476221,0.5972386101936775,0.4260462518403395
natural,refit_per_N,tuned_per_N,NSL-KDD-K80n8,2000,8,17,fixed_300,SVM_Linear,0.802541304566093,0.8033333333333333,0.8363044708545557,0.8210571338525956,30,0.1,1.0,0.18181818181818182,1.4358924413493788,1.596566406466693,1.903672148971707,0.9934000919124644,-1.17397552561248,0.6322379727215782,1.2045217821667868,0.5719009225153749
natural,refit_per_N,tuned_per_N,NSL-KDD-K80n8,2000,8,17,fixed_300,SVM_Poly2,0.8028404344193818,0.8033333333333333,0.8304619109703856,0.8195263608122101,30,0.1,1.0,0.18181818181818182,0.9394664044427139,1.0390080977054965,1.2558318053516504,0.6205009499117066,-0.7009832642034828,0.48407487040804476,0.8157438625040764,0.24549535156671604
natural,refit_per_N,tuned_per_N,NSL-KDD-K80n8,2000,8,17,fixed_300,SVM_RBF,0.8160760664801417,0.8166666666666667,0.8473575712143928,0.83379856827698,30,0.1,1.0,0.18181818181818182,0.6842193374368993,0.7663854058925401,0.9965891574243646,0.24962520584239561,-0.8028243094507265,0.5803402098590306,0.978207683630418,0.1563053380747801
natural,refit_per_N,tuned_per_N,NSL-KDD-K80n8,2000,8,17,fixed_300,RandomForest,0.8194865394901052,0.82,0.849376488720751,0.8367925802530278,30,0.1,1.0,0.18181818181818182,0.32868213515033046,0.3057618204631866,0.43198420635148677,0.12211421818452664,-0.2528433834252624,0.24916263429265073,0.33809133650090895,0.1081944686784708
natural,refit_per_N,tuned_per_N,NSL-KDD-K80n8,2000,8,17,fixed_300,XGBoost,0.8330662393162394,0.8333333333333334,0.8576573248995798,0.8487686281572193,30,0.13333333333333333,1.0,0.23529411764705882,0.33503293673197426,0.33731037167125233,0.4673564765850703,0.08719678506824749,-0.3086366335550944,0.3089266364321614,0.4245025157928467,0.10241998025314394
natural,refit_per_N,tuned_per_N,NSL-KDD-K80n8,2000,8,17,full_test,QSVM_ZZ,0.6898177674528625,0.6965489709013485,0.7788450386469976,0.730967944852236,2952,0.022357723577235773,1.0,0.0437375745526839,0.5167210798190597,0.6981246304245889,0.7937595625203454,0.3525966971517938,-0.5532414856384633,0.31960993585219705,0.5636837356155938,0.3008110681629729
natural,refit_per_N,tuned_per_N,NSL-KDD-K80n8,2000,8,17,full_test,QSVM_Z,0.836097321114422,0.8360982966643009,0.8532863528342068,0.8527910000398568,2952,0.3011517615176152,1.0,0.46290028638375424,0.7015512961797568,0.755870258653879,0.973635491128036,0.33992352008186566,-0.5266454943952551,0.6551173317950677,0.7179820337884052,0.4370766458439263
natural,refit_per_N,tuned_per_N,NSL-KDD-K80n8,2000,8,17,full_test,SVM_Linear,0.7530099143687363,0.7543026969481902,0.7977907594409883,0.7792665004526556,2952,0.036585365853658534,1.0,0.07058823529411765,1.257449297159931,1.6687355405884003,1.8208396884208082,1.0248901738344833,-1.249217457331367,0.49802841978070983,1.2671160225156455,0.4505480530363517
natural,refit_per_N,tuned_per_N,NSL-KDD-K80n8,2000,8,17,full_test,SVM_Poly2,0.7306377996033169,0.7317246273953159,0.769081439375898,0.7550006293869771,2952,0.04369918699186992,1.0,0.08373904576436222,0.7559884463862375,1.1010243841021616,1.1918368999344073,0.6027420919529043,-0.7831929590176531,0.3626098315035808,0.8314523285969168,0.23143924954217948
natural,refit_per_N,tuned_per_N,NSL-KDD-K80n8,2000,8,17,full_test,SVM_RBF,0.7577640659246693,0.7587828246983677,0.7988470011161433,0.7827757852205366,2952,0.046409214092140924,1.0,0.08870184525736484,0.5597698928194329,0.8399819031987309,0.9664031425608561,0.29150797014308777,-0.9418637442303577,0.412398831945444,1.015713604965284,0.15970592341557777
natural,refit_per_N,tuned_per_N,NSL-KDD-K80n8,2000,8,17,full_test,RandomForest,0.7801592799716154,0.7807842441447835,0.816791098157432,0.803579024873147,2952,0.05013550135501355,1.0,0.09548387096774194,0.2800975931499478,0.3424700396778478,0.4230771674678267,0.12940672367671155,-0.34737529465035333,0.18586429949950609,0.38061881314564044,0.10170768034650035
natural,refit_per_N,tuned_per_N,NSL-KDD-K80n8,2000,8,17,full_test,XGBoost,0.7853183920245751,0.7856635911994322,0.8159135130445574,0.8066874109597173,2952,0.06300813008130081,1.0,0.11854684512428298,0.28091324624031083,0.379702333657224,0.46234375172717046,0.09656277407394626,-0.39794765211904276,0.2261272519543984,0.45093061301483695,0.07846942174866589
natural,refit_per_N,tuned_per_N,NSL-KDD-K80n8,2000,9,17,fixed_300,QSVM_ZZ,0.7384481255448998,0.7433333333333333,0.8118729096989966,0.7686956913241186,30,0.0,0.0,0.0,0.6236663934126562,0.6233545356749819,0.808385317429935,0.3521985604493938,-0.344872975068662,0.12598598837782776,0.344872975068662,0.12598598837782776
natural,refit_per_N,tuned_per_N,NSL-KDD-K80n8,2000,9,17,fixed_300,QSVM_Z,0.8159283347650018,0.8166666666666667,0.8504527447651387,0.8345639547971726,30,0.23333333333333334,1.0,0.3783783783783784,0.7457461575232394,0.6864864425881944,0.9583750728237923,0.3300275550739081,-0.3490313238578688,0.4758068938933533,0.4518014433031215,0.37959257255593604
natural,refit_per_N,tuned_per_N,NSL-KDD-K80n8,2000,9,17,fixed_300,SVM_Linear,0.7960116373688846,0.7966666666666666,0.8262743628185907,0.8135383368601143,30,0.06666666666666667,1.0,0.125,1.4503578236066317,1.6075924273393423,1.9145751049714883,1.0110852567213007,-1.1563924446563052,0.5888433002424824,1.163634293898079,0.5743998157755301
natural,refit_per_N,tuned_per_N,NSL-KDD-K80n8,2000,9,17,fixed_300,SVM_Poly2,0.7989186290718977,0.8,0.8375518375518376,0.8188285083967404,30,0.1,1.0,0.18181818181818182,0.8959466076330902,0.9864442035458979,1.2218259378818428,0.5319152826886046,-0.7416866204015901,0.4757279213946297,0.8530546687179782,0.22071209811799636
natural,refit_per_N,tuned_per_N,NSL-KDD-K80n8,2000,9,17,fixed_300,SVM_RBF,0.8295739348370927,0.83,0.8584000745017695,0.8465400027013641,30,0.26666666666666666,1.0,0.42105263157894735,0.8823939507598265,0.945968270213425,1.233838694059706,0.38873786750090933,-0.562483972115619,0.9081492708305735,0.9332562264591321,0.5197654593875282
natural,refit_per_N,tuned_per_N,NSL-KDD-K80n8,2000,9,17,fixed_300,RandomForest,0.8261722232126939,0.8266666666666667,0.8563822334314137,0.8435459907253162,30,0.1,1.0,0.18181818181818182,0.3329266666666666,0.3018023325879963,0.43195333333333336,0.1238593200189455,-0.2166,0.20179537490570326,0.2814,0.09192917563719002
natural,refit_per_N,tuned_per_N,NSL-KDD-K80n8,2000,9,17,fixed_300,XGBoost,0.8227642095172276,0.8233333333333334,0.8543853073463268,0.8405519787492683,30,0.16666666666666666,1.0,0.2857142857142857,0.33144783655802407,0.33996280545610014,0.46546963075796766,0.09365041534674642,-0.2815046270688375,0.2788031867821489,0.361881943543752,0.16129950699876222
natural,refit_per_N,tuned_per_N,NSL-KDD-K80n8,2000,9,17,full_test,QSVM_ZZ,0.6821921218144988,0.690028388928318,0.7783706615969592,0.725691457644752,2952,0.0010162601626016261,1.0,0.0020304568527918783,0.5260067948455484,0.6643867782396811,0.7679735695803137,0.35820320454940224,-0.46024833607473276,0.24324296326648975,0.46115780204784274,0.24151428870488342
natural,refit_per_N,tuned_per_N,NSL-KDD-K80n8,2000,9,17,full_test,QSVM_Z,0.7679356867485083,0.7689850958126331,0.8110662929786026,0.7935157421731475,2952,0.1717479674796748,1.0,0.29314830875975717,0.6339863375569941,0.749714273275838,0.9151829405355343,0.3555985842423745,-0.5582626583192735,0.4829192230350734,0.6096413189871108,0.41617980949843836
natural,refit_per_N,tuned_per_N,NSL-KDD-K80n8,2000,9,17,full_test,SVM_Linear,0.7395215795553348,0.7402856635911994,0.7740696033120105,0.7624075716517172,2952,0.02540650406504065,1.0,0.049554013875123884,1.2661330616109177,1.6769916240100415,1.8184291192407647,1.0529526936198643,-1.15938882755812,0.5006708515626301,1.1715285425032889,0.47156614506467814
natural,refit_per_N,tuned_per_N,NSL-KDD-K80n8,2000,9,17,full_test,SVM_Poly2,0.7298166827695771,0.7318133427963094,0.7803179921212896,0.7582601453814507,2952,0.046409214092140924,1.0,0.08870184525736484,0.7221774021208822,1.044677023379678,1.1551018737931116,0.5278540939228697,-0.7813895359458954,0.3555668413143968,0.8272334058859634,0.22952620267487558
natural,refit_per_N,tuned_per_N,NSL-KDD-K80n8,2000,9,17,full_test,SVM_RBF,0.778167855573487,0.778832505322924,0.8153934423891043,0.8017895389168059,2952,0.14905149051490515,1.0,0.25943396226415094,0.7259265457851017,1.0406790882296861,1.2057088234337323,0.39528287042079785,-0.8739448612385404,0.7623726813885057,1.091243537762404,0.39265667841582
natural,refit_per_N,tuned_per_N,NSL-KDD-K80n8,2000,9,17,full_test,RandomForest,0.7741405037179492,0.774973385379702,0.8142015700376298,0.7987004633390692,2952,0.047764227642276426,1.0,0.09117361784675072,0.28524973385379704,0.3284867719566991,0.41246052164655783,0.13837372618110655,-0.2909485094850949,0.16949863915866745,0.31982926829268293,0.10530936801446264
natural,refit_per_N,tuned_per_N,NSL-KDD-K80n8,2000,9,17,full_test,XGBoost,0.7680507825369941,0.7688520227111426,0.8066843204289756,0.792183838643972,2952,0.05453929539295393,1.0,0.10343719884355927,0.279584824367353,0.37758468908426995,0.4601971183244517,0.0946387010332401,-0.38364909816442466,0.20372784941047767,0.42216185830674846,0.10232806330028667
natural,refit_per_N,tuned_per_N,NSL-KDD-K80n8,2000,10,17,fixed_300,QSVM_ZZ,0.7707246898039921,0.7733333333333333,0.8267077964077815,0.7956417991085498,30,0.2,1.0,0.3333333333333333,0.6501723907774457,0.6003430929899497,0.8082048729307868,0.36047309247838427,-0.07627776340716634,0.45346258676567086,0.3921655378224832,0.24010998673736111
natural,refit_per_N,tuned_per_N,NSL-KDD-K80n8,2000,10,17,fixed_300,QSVM_Z,0.8295739348370927,0.83,0.8584000745017695,0.8465400027013641,30,0.36666666666666664,1.0,0.5365853658536586,0.7816996889804485,0.6898325651996641,0.9902032902905721,0.32622203429536123,-0.20932113375661474,0.7156293607497682,0.6269760060783238,0.40353662387241923
natural,refit_per_N,tuned_per_N,NSL-KDD-K80n8,2000,10,17,fixed_300,SVM_Linear,0.7891542743671839,0.79,0.8221561969439728,0.8075503129080186,30,0.0,0.0,0.0,1.3491165033983317,1.5165844627126568,1.8147544767215171,0.9092909113712677,-1.1650174457733913,0.4861000816855089,1.1650174457733913,0.4861000816855089
natural,refit_per_N,tuned_per_N,NSL-KDD-K80n8,2000,10,17,fixed_300,SVM_Poly2,0.7987117552334944,0.8,0.8409625822565925,0.819593894916933,30,0.1,1.0,0.18181818181818182,0.9881333166346641,1.1223161602057674,1.3473985698005075,0.6484736764140744,-0.7804855954722911,0.5571445574083967,0.9245543793764086,0.2544936583992593
natural,refit_per_N,tuned_per_N,NSL-KDD-K80n8,2000,10,17,fixed_300,SVM_RBF,0.822890559732665,0.8233333333333334,0.8514155336189235,0.8397865922290757,30,0.23333333333333334,1.0,0.3783783783783784,0.7746395670340249,0.8872976514468124,1.1279037357873152,0.3394064582100778,-0.7213025952544434,0.707303373820781,0.8950837613156625,0.4683807818090546
natural,refit_per_N,tuned_per_N,NSL-KDD-K80n8,2000,10,17,fixed_300,RandomForest,0.82977113675052,0.83,0.8528734573586296,0.8450092296609788,30,0.23333333333333334,1.0,0.3783783783783784,0.33285760697066186,0.29928457415682314,0.4320316670449834,0.11710713691658262,-0.16561618016319823,0.28111037875210154,0.3124024171528867,0.09410894713592687
natural,refit_per_N,tuned_per_N,NSL-KDD-K80n8,2000,10,17,fixed_300,XGBoost,0.8232370957521318,0.8233333333333334,0.8411330049261083,0.8367250461483049,30,0.26666666666666666,1.0,0.42105263157894735,0.3319428320725759,0.34722741332414014,0.4744548104206721,0.07513689637468164,-0.1957751154899597,0.40677975498491326,0.44066749413808187,0.09802971243840658
natural,refit_per_N,tuned_per_N,NSL-KDD-K80n8,2000,10,17,full_test,QSVM_ZZ,0.7079340460480408,0.7132274662881476,0.7896068078423507,0.7461813438690634,2952,0.1399051490514905,1.0,0.24546805349182763,0.5675708392523215,0.6328860296693459,0.7603768158353508,0.38014271275444145,-0.2188060977318786,0.4507384361319524,0.42474596741817533,0.2657670208534702
natural,refit_per_N,tuned_per_N,NSL-KDD-K80n8,2000,10,17,full_test,QSVM_Z,0.7770175900427931,0.7776792051100071,0.8140370819744552,0.8005761103544585,2952,0.28184281842818426,1.0,0.4397463002114165,0.6615687603202023,0.759719878613624,0.9435036057217023,0.3530558944168126,-0.43759164966097436,0.6799126072661923,0.7017102133883025,0.4017093250088517
natural,refit_per_N,tuned_per_N,NSL-KDD-K80n8,2000,10,17,full_test,SVM_Linear,0.7361066033870051,0.7367814052519518,0.7688076500487635,0.758327493439061,2952,0.025745257452574527,1.0,0.05019815059445178,1.1867838661361774,1.5622964641349169,1.6998173749353658,0.9797178566492686,-0.9919116299816451,0.5823894235158777,1.0013408326471922,0.5660235500307637
natural,refit_per_N,tuned_per_N,NSL-KDD-K80n8,2000,10,17,full_test,SVM_Poly2,0.737832614974365,0.7400195173882186,0.7924156031810285,0.7673845955164168,2952,0.05894308943089431,1.0,0.11132437619961612,0.7928265228621921,1.164544510778657,1.2600166775587975,0.6301553659314064,-0.7886956747797135,0.48426221007504455,0.8869065107686541,0.26447607959731523
natural,refit_per_N,tuned_per_N,NSL-KDD-K80n8,2000,10,17,full_test,SVM_RBF,0.7528549586287008,0.7538591199432222,0.7930022263068055,0.7775992328050791,2952,0.130420054200542,1.0,0.23074617920287682,0.614078794941942,1.0069216047117762,1.1142710484987566,0.38650215382345265,-1.022563586296526,0.6493015270303019,1.1026387197858738,0.50141461352105
natural,refit_per_N,tuned_per_N,NSL-KDD-K80n8,2000,10,17,full_test,RandomForest,0.7802161244805611,0.7806511710432931,0.8125743584901577,0.8021970175346401,2952,0.1429539295392954,1.0,0.25014819205690575,0.2835084520259176,0.3254445881967108,0.40927516205549197,0.13705861549391724,-0.22630305145045743,0.23095651350123533,0.29971591053051977,0.12134395411101509
natural,refit_per_N,tuned_per_N,NSL-KDD-K80n8,2000,10,17,full_test,XGBoost,0.7633033985966045,0.7634847409510291,0.7877179503453111,0.7823212640687167,2952,0.1480352303523035,1.0,0.25789318383003834,0.27642741923354636,0.38274943259423616,0.4638320783733518,0.08814221081403288,-0.2818012002724296,0.32123220653949275,0.41250079193816275,0.1115578040461619
natural,refit_per_N,tuned_per_N,NSL-KDD-K80n8,5000,1,41,fixed_300,QSVM_ZZ,0.7707246898039921,0.7733333333333333,0.8267077964077815,0.7956417991085498,30,0.2,1.0,0.3333333333333333,0.6912905920361141,0.661179094290155,0.8941421109511292,0.33992699626221107,-0.17683451879409906,0.5435566480566069,0.479321474191136,0.3114084152088872
natural,refit_per_N,tuned_per_N,NSL-KDD-K80n8,5000,1,41,fixed_300,QSVM_Z,0.8296801772216718,0.83,0.8555555555555555,0.8457746161811714,30,0.4,1.0,0.5714285714285714,0.8530157806206015,0.8391245574933921,1.1310074697558217,0.39062520186591765,-0.2470389355677159,0.9450905451348418,0.848556541379041,0.48391752424616996
natural,refit_per_N,tuned_per_N,NSL-KDD-K80n8,5000,1,41,fixed_300,SVM_Linear,0.7891542743671839,0.79,0.8221561969439728,0.8075503129080186,30,0.03333333333333333,1.0,0.06451612903225806,1.5789389201360489,1.8108924363196368,2.08225834331271,1.1985740365720716,-1.2366275634216315,0.633750520025119,1.2426117312601286,0.6219353162354881
natural,refit_per_N,tuned_per_N,NSL-KDD-K80n8,5000,1,41,fixed_300,SVM_Poly2,0.8090644156366193,0.81,0.8465995440729484,0.8285759308450767,30,0.1,1.0,0.18181818181818182,1.5994658658647298,1.831505489344249,2.0063071398144285,1.3738395373165586,-0.7065502754011876,0.705531446243892,0.8734716476952354,0.4837718408310496
natural,refit_per_N,tuned_per_N,NSL-KDD-K80n8,5000,1,41,fixed_300,SVM_RBF,0.8160760664801417,0.8166666666666667,0.8473575712143928,0.83379856827698,30,0.23333333333333334,1.0,0.3783783783783784,0.8611170069713063,0.9857445061472404,1.254513323525413,0.37337789462140153,-0.7480010199806411,0.9729369295788408,1.1309644088189583,0.47647801713737564
natural,refit_per_N,tuned_per_N,NSL-KDD-K80n8,5000,1,41,fixed_300,RandomForest,0.8397435897435898,0.84,0.8645828523939241,0.8555220386295079,30,0.3,1.0,0.46153846153846156,0.3371333333333333,0.301298216980379,0.43609999999999993,0.11939970686731186,-0.14916666666666661,0.27729972753122006,0.2858333333333334,0.13208004727773565
natural,refit_per_N,tuned_per_N,NSL-KDD-K80n8,5000,1,41,fixed_300,XGBoost,0.8197115384615384,0.82,0.8438062699108915,0.8352618072126423,30,0.2,1.0,0.3333333333333333,0.3337675561507543,0.33081078280107984,0.4600296680132548,0.09596488995421568,-0.2391098250945409,0.28263489204942105,0.35022185544172924,0.12000267760130338
natural,refit_per_N,tuned_per_N,NSL-KDD-K80n8,5000,1,41,full_test,QSVM_ZZ,0.7172782265607879,0.7213005677785663,0.7884076279710818,0.7522453090529182,2952,0.1632791327913279,1.0,0.2807221898660454,0.5903710264318561,0.712839387282894,0.8494506385720867,0.3675752352125063,-0.37365328294440475,0.545364533820648,0.5629614351097854,0.3465741957845031
natural,refit_per_N,tuned_per_N,NSL-KDD-K80n8,5000,1,41,full_test,QSVM_Z,0.7724284389881393,0.7730216465578424,0.8074800439487586,0.7953452333411193,2952,0.268970189701897,1.0,0.4239188467698879,0.7149802771376447,0.9092202788390812,1.0830083827225565,0.4061664130633065,-0.4509648701604712,0.8775847708419962,0.8780770602327731,0.45000557821611564
natural,refit_per_N,tuned_per_N,NSL-KDD-K80n8,5000,1,41,full_test,SVM_Linear,0.7368923330235613,0.7377129169623847,0.7720639361459325,0.7600225131725715,2952,0.0247289972899729,1.0,0.048264462809917356,1.3841700668585297,1.8813942492429065,1.9799180904757665,1.239151100583872,-1.2107775866760275,0.5746410385051289,1.2222165920618744,0.5498920708829471
natural,refit_per_N,tuned_per_N,NSL-KDD-K80n8,5000,1,41,full_test,SVM_Poly2,0.7430601736403797,0.7452537260468417,0.798873358698943,0.7728714601456093,2952,0.034552845528455285,1.0,0.06679764243614932,1.2665172256445967,1.9252428233594987,1.8969166323283657,1.3085614627321678,-0.9498172882967051,0.6027858654203706,1.0165936646057954,0.48170634392879924
natural,refit_per_N,tuned_per_N,NSL-KDD-K80n8,5000,1,41,full_test,SVM_RBF,0.754226316984304,0.7551011355571328,0.7923855372256035,0.7782893397573736,2952,0.15006775067750677,1.0,0.2609720176730486,0.6774445151272835,1.0713989087947922,1.207610447693618,0.38536177737799904,-0.9664401553022846,0.83223598231188,1.2088031386571936,0.40671645652449473
natural,refit_per_N,tuned_per_N,NSL-KDD-K80n8,5000,1,41,full_test,RandomForest,0.783418332512623,0.7839779985805536,0.8190047810436362,0.8064845001611001,2952,0.1856368563685637,1.0,0.31314285714285717,0.28308640880056773,0.3401515976321474,0.42299946770759406,0.1300479701433151,-0.24961720867208673,0.25599281822542286,0.32953252032520325,0.13874217778439973
natural,refit_per_N,tuned_per_N,NSL-KDD-K80n8,5000,1,41,full_test,XGBoost,0.7631421981702863,0.7633960255500355,0.7895638462395103,0.7829447932974327,2952,0.14634146341463414,1.0,0.2553191489361702,0.27660407735110176,0.37650503305756466,0.45601734599644533,0.10155804091892666,-0.3116677682089612,0.25382179456697784,0.3765559175069416,0.1405985139610702
natural,refit_per_N,tuned_per_N,NSL-KDD-K80n8,5000,2,41,fixed_300,QSVM_ZZ,0.7748428941089491,0.7766666666666666,0.8209006029955261,0.7971050380442123,30,0.16666666666666666,1.0,0.2857142857142857,0.696650756433392,0.6599784723612478,0.8923287795290283,0.3530484522607887,-0.19949492112136677,0.5389637661351829,0.4709742311853132,0.3293378786584435
natural,refit_per_N,tuned_per_N,NSL-KDD-K80n8,5000,2,41,fixed_300,QSVM_Z,0.846496106785317,0.8466666666666667,0.8688163152817969,0.8615100625816037,30,0.4,1.0,0.5714285714285714,0.8705306693615579,0.8098392748420021,1.1292799533922244,0.3720081776549499,-0.16986175603102058,0.86953949376293,0.7424234409913208,0.4834866923112167
natural,refit_per_N,tuned_per_N,NSL-KDD-K80n8,5000,2,41,fixed_300,SVM_Linear,0.7994294883223391,0.8,0.8283592545887628,0.8165323488361622,30,0.06666666666666667,1.0,0.125,1.489968664756124,1.6824682994481759,1.999122126585584,1.0267506628189318,-1.2865859682326815,0.6145186105311324,1.300075280515574,0.5854407240145592
natural,refit_per_N,tuned_per_N,NSL-KDD-K80n8,5000,2,41,fixed_300,SVM_Poly2,0.8056213414361678,0.8066666666666666,0.8447018447018446,0.8255819188690288,30,0.1,1.0,0.18181818181818182,0.9545972267625715,1.075455280116225,1.302845055465338,0.6086498881312483,-0.7772468405409101,0.4954058159077769,0.8951499895722475,0.21964987988815837
natural,refit_per_N,tuned_per_N,NSL-KDD-K80n8,5000,2,41,fixed_300,SVM_RBF,0.7924107142857143,0.7933333333333333,0.8272206710520089,0.8113097114042591,30,0.13333333333333333,1.0,0.23529411764705882,0.7944612216921445,0.917076303676162,1.154986395665242,0.3717579930077092,-0.8242414428418896,0.5697594106749958,0.8589224236150428,0.51599613599528
natural,refit_per_N,tuned_per_N,NSL-KDD-K80n8,5000,2,41,fixed_300,RandomForest,0.8262883613202086,0.8266666666666667,0.8534750916941363,0.8427806042051236,30,0.23333333333333334,1.0,0.3783783783783784,0.34023333333333333,0.2931705969037292,0.42859333333333327,0.1342217367724849,-0.14013333333333333,0.2538093422674237,0.2557333333333333,0.1365906129847712
natural,refit_per_N,tuned_per_N,NSL-KDD-K80n8,5000,2,41,fixed_300,XGBoost,0.856626840789108,0.8566666666666667,0.8730014534883721,0.8697267119895546,30,0.26666666666666666,1.0,0.42105263157894735,0.35289746512969333,0.30533029582107735,0.4540821988383929,0.10757586689978357,-0.18533405164877573,0.2835915291328787,0.3072101165850957,0.14281040005632423
natural,refit_per_N,tuned_per_N,NSL-KDD-K80n8,5000,2,41,full_test,QSVM_ZZ,0.7139457447376175,0.7181068133427964,0.7855698988144004,0.7491769963846379,2952,0.13177506775067752,1.0,0.2328644118527387,0.5842665857667574,0.7238232426789757,0.8521818953319332,0.3729256590184226,-0.41201606206847086,0.5276276050448869,0.5758419491587367,0.34140031428936946
natural,refit_per_N,tuned_per_N,NSL-KDD-K80n8,5000,2,41,full_test,QSVM_Z,0.8036893306554684,0.8038946061036196,0.8316500523043826,0.8241788762805269,2952,0.3313008130081301,1.0,0.49770992366412214,0.7584476174206473,0.8964145675244904,1.1053946710960312,0.3961117094377201,-0.38895862416466304,0.8525851663640464,0.8433290765002671,0.40863962845676477
natural,refit_per_N,tuned_per_N,NSL-KDD-K80n8,5000,2,41,full_test,SVM_Linear,0.7419675137341631,0.7426366217175302,0.7751711183951681,0.7643473008293937,2952,0.02981029810298103,1.0,0.05789473684210526,1.301291573470155,1.7503369411687937,1.894763969749469,1.0802354677308985,-1.2408494091706277,0.5591798685258136,1.2556530173165146,0.5250951168193955
natural,refit_per_N,tuned_per_N,NSL-KDD-K80n8,5000,2,41,full_test,SVM_Poly2,0.7417392848354232,0.7439229950319376,0.7971286642342462,0.7714520795700811,2952,0.047764227642276426,1.0,0.09117361784675072,0.7715415126044763,1.172651289405635,1.2668200791128492,0.6046108164540361,-0.9078013418712136,0.40726525011480813,0.9569476800081751,0.27243237322540165
natural,refit_per_N,tuned_per_N,NSL-KDD-K80n8,5000,2,41,full_test,SVM_RBF,0.7227657637680875,0.7242725337118524,0.7658018318379436,0.7488433093476191,2952,0.030826558265582657,1.0,0.059809398619783107,0.6329737680199679,1.0071782491130308,1.1247497823146615,0.3873005856836622,-1.0020957315847923,0.46723123729560295,1.0186690100725746,0.42990037483468235
natural,refit_per_N,tuned_per_N,NSL-KDD-K80n8,5000,2,41,full_test,RandomForest,0.7724404455469802,0.7730660042583393,0.8081646019601045,0.7955846106294076,2952,0.14126016260162602,1.0,0.2475512021371327,0.28509368346344927,0.335831456694778,0.4173828956706884,0.14089958856591875,-0.26550474254742545,0.23202127619301324,0.32208062330623305,0.14349464454145183
natural,refit_per_N,tuned_per_N,NSL-KDD-K80n8,5000,2,41,full_test,XGBoost,0.8058704969052073,0.8059794180269695,0.8302569438124929,0.8250831722031255,2952,0.1537940379403794,1.0,0.2665883734586025,0.30508205736541133,0.3498555654387864,0.4529270036430267,0.10164205707164115,-0.2987733514308122,0.2433160213369983,0.3574568272989778,0.14384998568583504
natural,refit_per_N,tuned_per_N,NSL-KDD-K80n8,5000,3,41,fixed_300,QSVM_ZZ,0.767182913250329,0.77,0.825,0.792647787132502,30,0.1,1.0,0.18181818181818182,0.6487112382559583,0.6814830610897813,0.886801156406709,0.31437102631699565,-0.431908061213169,0.41077818613369516,0.5631016906183812,0.19544763382279196
natural,refit_per_N,tuned_per_N,NSL-KDD-K80n8,5000,3,41,fixed_300,QSVM_Z,0.8599439775910365,0.86,0.8775658822993946,0.8734861104857953,30,0.4666666666666667,1.0,0.6363636363636364,0.809086926694496,0.7147603462561427,1.0425700391138715,0.28027079953189266,-0.15333507934801718,0.9162877350447771,0.8508052948434952,0.37312894583297
natural,refit_per_N,tuned_per_N,NSL-KDD-K80n8,5000,3,41,fixed_300,SVM_Linear,0.7960116373688846,0.7966666666666666,0.8262743628185907,0.8135383368601143,30,0.1,1.0,0.18181818181818182,1.612454865691476,1.8385229212533185,2.1155123742609234,1.2266966292506325,-1.236586631988441,0.7048009256858672,1.268210735233331,0.6461674506651548
natural,refit_per_N,tuned_per_N,NSL-KDD-K80n8,5000,3,41,fixed_300,SVM_Poly2,0.8092348196655473,0.81,0.8433786078098472,0.827810544324884,30,0.1,1.0,0.18181818181818182,0.9593328641648203,1.072164839556255,1.303085871052355,0.6097738926119202,-0.7522408300043092,0.49537454887004934,0.8525140366215251,0.29065792154532727
natural,refit_per_N,tuned_per_N,NSL-KDD-K80n8,5000,3,41,fixed_300,SVM_RBF,0.8128008557675166,0.8133333333333334,0.8423707440100883,0.8300391697807392,30,0.2,1.0,0.3333333333333333,0.8424468440488876,0.9160449574030677,1.1788856480620804,0.3988529526338842,-0.738058856204313,0.7706290364447802,0.8670714431194817,0.6219221008776968
natural,refit_per_N,tuned_per_N,NSL-KDD-K80n8,5000,3,41,fixed_300,RandomForest,0.8296801772216718,0.83,0.8555555555555555,0.8457746161811714,30,0.2,1.0,0.3333333333333333,0.34226666666666666,0.2919869213204972,0.4302666666666667,0.13142841735670746,-0.1553333333333333,0.2533440787194803,0.264,0.13643924166700233
natural,refit_per_N,tuned_per_N,NSL-KDD-K80n8,5000,3,41,fixed_300,XGBoost,0.82977113675052,0.83,0.8528734573586296,0.8450092296609788,30,0.13333333333333333,1.0,0.23529411764705882,0.34248237510522206,0.33013935367108843,0.46552400986353554,0.09784460302261394,-0.23587058285872142,0.3109561505469845,0.3508143097162247,0.17104964051245664
natural,refit_per_N,tuned_per_N,NSL-KDD-K80n8,5000,3,41,full_test,QSVM_ZZ,0.7027640301522402,0.7081263307310149,0.783265018106811,0.7409366249160867,2952,0.06402439024390244,1.0,0.12034383954154727,0.5454698327661988,0.7341356945995284,0.8569145762071764,0.3196716528358315,-0.5625648640973802,0.4212297580207956,0.6585412163597624,0.24543268265364837
natural,refit_per_N,tuned_per_N,NSL-KDD-K80n8,5000,3,41,full_test,QSVM_Z,0.8097547900441695,0.8098385379701917,0.83318191608667,0.8286357080171785,2952,0.35907859078590787,1.0,0.5284147557328016,0.7030063673744693,0.7846401801703494,0.9963303227391459,0.342350774641033,-0.3629388640769443,0.8387492511866261,0.8291139986111576,0.38444102633642735
natural,refit_per_N,tuned_per_N,NSL-KDD-K80n8,5000,3,41,full_test,SVM_Linear,0.7373408287217036,0.7382008516678495,0.7731908247070458,0.7607141407321478,2952,0.03421409214092141,1.0,0.06616442843105143,1.4120989413807457,1.9135251745583115,2.0137384387605266,1.2650926899541224,-1.270259838889668,0.5776275516337309,1.2883429344643202,0.5360840698232395
natural,refit_per_N,tuned_per_N,NSL-KDD-K80n8,5000,3,41,full_test,SVM_Poly2,0.7416514388282172,0.743346344925479,0.7903689639806961,0.7693171991042973,2952,0.04369918699186992,1.0,0.08373904576436222,0.7732877865183173,1.15987205784576,1.254038139965156,0.6088230735299778,-0.8446520210875751,0.37538037775827615,0.8871755865424299,0.25935871563602175
natural,refit_per_N,tuned_per_N,NSL-KDD-K80n8,5000,3,41,full_test,SVM_RBF,0.7442977197588436,0.7453424414478353,0.783921375382711,0.7689410795010159,2952,0.09925474254742547,1.0,0.18058551617873653,0.6779661702888301,1.0096155320627442,1.1408675065713763,0.42116859223837194,-0.9439303811725809,0.6401240547974835,0.9882025833198128,0.5694023396079734
natural,refit_per_N,tuned_per_N,NSL-KDD-K80n8,5000,3,41,full_test,RandomForest,0.772906250478662,0.7735095812633073,0.8082236228026394,0.7959116013773668,2952,0.11348238482384825,1.0,0.20383328262853667,0.2872950674237048,0.3321957038883018,0.4136022888573456,0.1477348574297893,-0.2583689024390244,0.2413783823457188,0.31933434959349594,0.15180114090836416
natural,refit_per_N,tuned_per_N,NSL-KDD-K80n8,5000,3,41,full_test,XGBoost,0.7801662941108998,0.7802075940383251,0.7999499988200168,0.7973982618038464,2952,0.1290650406504065,1.0,0.22862286228622863,0.29093648528982935,0.3697363991261029,0.4584079027926778,0.10588313354238653,-0.3015383654109992,0.30214502540456367,0.4021331698287955,0.14319886841349988
natural,refit_per_N,tuned_per_N,NSL-KDD-K80n8,5000,4,41,fixed_300,QSVM_ZZ,0.7643097643097643,0.7666666666666667,0.8153861317825637,0.7881230021160686,30,0.06666666666666667,1.0,0.125,0.643932139953208,0.6669662188884693,0.8678458619853109,0.32609216157103854,-0.4413468212725392,0.46372610207996984,0.5715149372683814,0.2884433928464566
natural,refit_per_N,tuned_per_N,NSL-KDD-K80n8,5000,4,41,fixed_300,QSVM_Z,0.8632953598221729,0.8633333333333333,0.8798146802325582,0.8764801224618433,30,0.43333333333333335,1.0,0.6046511627906976,0.861116088782405,0.7552602250657069,1.0868226779453116,0.3616011513117604,-0.34979910059812536,0.9039189249811416,0.8478999242367781,0.4695684744503041
natural,refit_per_N,tuned_per_N,NSL-KDD-K80n8,5000,4,41,fixed_300,SVM_Linear,0.7960116373688846,0.7966666666666666,0.8262743628185907,0.8135383368601143,30,0.03333333333333333,1.0,0.06451612903225806,1.6511620010338541,1.8879321132281242,2.167825924404143,1.261409679405329,-1.3172816925089674,0.6890865920673453,1.3247556992153262,0.6746063490531273
natural,refit_per_N,tuned_per_N,NSL-KDD-K80n8,5000,4,41,fixed_300,SVM_Poly2,0.7954644521688592,0.7966666666666666,0.8356459330143541,0.8158344964206925,30,0.06666666666666667,1.0,0.125,1.5814879804076278,1.981229166297568,1.9227507807494548,1.6520903960405182,-0.7279613842437948,0.44950002264664146,0.7768459921901129,0.35845271895695235
natural,refit_per_N,tuned_per_N,NSL-KDD-K80n8,5000,4,41,fixed_300,SVM_RBF,0.8159283347650018,0.8166666666666667,0.8504527447651387,0.8345639547971726,30,0.1,1.0,0.18181818181818182,1.068572276960681,1.0310660596875876,1.3693884125982652,0.5742118998855965,-0.7419631856622992,0.5970802034358772,0.8528891564623512,0.42378558847855463
natural,refit_per_N,tuned_per_N,NSL-KDD-K80n8,5000,4,41,fixed_300,RandomForest,0.822890559732665,0.8233333333333334,0.8514155336189235,0.8397865922290757,30,0.13333333333333333,1.0,0.23529411764705882,0.3388714902533734,0.29514462544752623,0.43001048974662665,0.1305190236899164,-0.1758333333333333,0.22838594284431976,0.25316666666666665,0.1377829412114899
natural,refit_per_N,tuned_per_N,NSL-KDD-K80n8,5000,4,41,fixed_300,XGBoost,0.8331479421579533,0.8333333333333334,0.8550365164668596,0.8480032416370267,30,0.2,1.0,0.3333333333333333,0.3449618552128474,0.31280396710858227,0.45330915411313377,0.10656366260593543,-0.21406335532665252,0.27241718084049643,0.3140432685613632,0.1463252062430938
natural,refit_per_N,tuned_per_N,NSL-KDD-K80n8,5000,4,41,full_test,QSVM_ZZ,0.7064366661846501,0.7114531582682754,0.7846774169370536,0.7438212008812654,2952,0.05860433604336043,1.0,0.11072,0.5487586712396648,0.7113843257254839,0.8305260860306016,0.34268084068315474,-0.5592908251192563,0.4019124454413341,0.6204258103773368,0.2990178166612098
natural,refit_per_N,tuned_per_N,NSL-KDD-K80n8,5000,4,41,full_test,QSVM_Z,0.8224803238157588,0.8225248403122782,0.8442746779320933,0.8408435605407081,2952,0.3407859078590786,1.0,0.5083375442142496,0.75029316650606,0.8239394477928467,1.0471385068671892,0.38120466520076157,-0.49074027144707005,0.8514020710206556,0.8766885326182307,0.4439917987236911
natural,refit_per_N,tuned_per_N,NSL-KDD-K80n8,5000,4,41,full_test,SVM_Linear,0.7471139597803926,0.7476490418736693,0.7783972903633147,0.7687625385404737,2952,0.0260840108401084,1.0,0.050841862000660286,1.4492641258940933,1.969541841002737,2.0689302497581314,1.3034527961149107,-1.3329778532877659,0.5871206649288238,1.346665175645024,0.5550076911602951
natural,refit_per_N,tuned_per_N,NSL-KDD-K80n8,5000,4,41,full_test,SVM_Poly2,0.7435376812378316,0.7455642299503193,0.7971906192702974,0.7726932602183625,2952,0.031504065040650404,1.0,0.061083743842364535,1.2916437086212438,1.9997126513967625,1.8059695203365458,1.5510216793431673,-0.9116282154487032,0.40721984783440235,0.9359175763581877,0.3477819689637127
natural,refit_per_N,tuned_per_N,NSL-KDD-K80n8,5000,4,41,full_test,SVM_RBF,0.765724643526478,0.7669002838892832,0.8106856111909106,0.7918974669675751,2952,0.04098915989159892,1.0,0.07875040676863,0.876888357102346,1.1102158175808732,1.299792669378329,0.558615582542034,-0.9238960218293016,0.5431077972328924,0.9712987559171057,0.45291132169670545
natural,refit_per_N,tuned_per_N,NSL-KDD-K80n8,5000,4,41,full_test,RandomForest,0.7797738153259354,0.7804293825408091,0.8170093524345693,0.8033925879887769,2952,0.09688346883468835,1.0,0.1766522544780729,0.29665587326575693,0.3244849282647327,0.4162696655402654,0.1414734652330012,-0.23918255724932247,0.22103694824407136,0.28391859654471546,0.15954892264586684
natural,refit_per_N,tuned_per_N,NSL-KDD-K80n8,5000,4,41,full_test,XGBoost,0.794242018126164,0.7945794889992903,0.8254548464068673,0.8158340081981034,2952,0.1348238482384824,1.0,0.23761194029850746,0.3092058869772786,0.3415354749581728,0.4462110874824083,0.11467530947887956,-0.2696360153093086,0.2486361690140249,0.3286085155941445,0.16291092281632116
natural,refit_per_N,tuned_per_N,NSL-KDD-K80n8,5000,5,41,fixed_300,QSVM_ZZ,0.7636306334699023,0.7666666666666667,0.8233077039047189,0.789653775156454,30,0.06666666666666667,1.0,0.125,0.66013270235516,0.6774172661957589,0.8946140309968295,0.30714015172631787,-0.4254821313858429,0.4374233878367115,0.5666423100760397,0.226474627247458
natural,refit_per_N,tuned_per_N,NSL-KDD-K80n8,5000,5,41,fixed_300,QSVM_Z,0.8193496587715776,0.82,0.8524089306698003,0.8375579667732205,30,0.1,1.0,0.18181818181818182,0.7308925433353458,0.744119606640164,0.9999424977344294,0.29670338743289254,-0.5891773179969492,0.5729817224288203,0.7243837003226148,0.38820899137770115
natural,refit_per_N,tuned_per_N,NSL-KDD-K80n8,5000,5,41,fixed_300,SVM_Linear,0.7991071428571428,0.8,0.8343192466045146,0.8180631218765476,30,0.03333333333333333,1.0,0.06451612903225806,1.5408542989002552,1.7721109628414824,2.060953048089921,1.125647266523233,-1.313645155304511,0.6537605885601121,1.3198670758691577,0.6411063899588556
natural,refit_per_N,tuned_per_N,NSL-KDD-K80n8,5000,5,41,fixed_300,SVM_Poly2,0.8125,0.8133333333333334,0.8485163977095262,0.8315699428211246,30,0.1,1.0,0.18181818181818182,1.070753478167859,1.1953905076909253,1.4018316836595213,0.7812422208089164,-0.7692935565733615,0.5252328902328517,0.8826791030751712,0.29758992953737234
natural,refit_per_N,tuned_per_N,NSL-KDD-K80n8,5000,5,41,fixed_300,SVM_RBF,0.7885314685314685,0.79,0.8318865740740741,0.8098464724685966,30,0.03333333333333333,1.0,0.06451612903225806,0.8788505228198251,1.0206352100916012,1.2609280866292008,0.47342880551253935,-0.8898847929991267,0.5817935959246918,0.903363310514775,0.5606366579932753
natural,refit_per_N,tuned_per_N,NSL-KDD-K80n8,5000,5,41,fixed_300,RandomForest,0.8194865394901052,0.82,0.849376488720751,0.8367925802530278,30,0.13333333333333333,1.0,0.23529411764705882,0.32338261835769583,0.3220101229512199,0.44175216258089656,0.11455070490416014,-0.27440000000000003,0.21789991586352975,0.33039999999999997,0.11666864760223002
natural,refit_per_N,tuned_per_N,NSL-KDD-K80n8,5000,5,41,fixed_300,XGBoost,0.8295739348370927,0.83,0.8584000745017695,0.8465400027013641,30,0.2,1.0,0.3333333333333333,0.3274151685833931,0.3339860320752976,0.45755311121543246,0.09691497643280703,-0.2915968596935272,0.26838201555589314,0.381099929412206,0.10872202471892183
natural,refit_per_N,tuned_per_N,NSL-KDD-K80n8,5000,5,41,full_test,QSVM_ZZ,0.7014803294444587,0.7069730305180979,0.7828405887345631,0.7399486634957311,2952,0.04065040650406504,1.0,0.078125,0.5526546244585123,0.7253031248315114,0.8484690952671489,0.3340538148297071,-0.5728686986963555,0.3835127258155888,0.6359957401902422,0.2660262680045424
natural,refit_per_N,tuned_per_N,NSL-KDD-K80n8,5000,5,41,full_test,QSVM_Z,0.7731128159465617,0.7739531582682754,0.8131736733699015,0.7976790766436062,2952,0.11314363143631437,1.0,0.20328667072428486,0.62694954801004,0.803325349247212,0.9689268630738497,0.31555995707158063,-0.6756838128441309,0.5340914277773108,0.7720062896983124,0.38184886647865546
natural,refit_per_N,tuned_per_N,NSL-KDD-K80n8,5000,5,41,full_test,SVM_Linear,0.7491385694511852,0.7504435770049681,0.7934817075796989,0.775300608211618,2952,0.0247289972899729,1.0,0.048264462809917356,1.3383892548639529,1.8520187498296998,1.9629520871925845,1.1696488150903794,-1.345195465628103,0.556529296527105,1.3586671885493369,0.5227802304972947
natural,refit_per_N,tuned_per_N,NSL-KDD-K80n8,5000,5,41,full_test,SVM_Poly2,0.7532927387441595,0.7549237047551455,0.8032671688635573,0.7811647720180785,2952,0.04234417344173442,1.0,0.08124796880077997,0.8722170067853785,1.2862864294872067,1.3499454473950225,0.7700276453907641,-0.9192223354430845,0.46174999882635687,0.9640489293486665,0.3588766155871253
natural,refit_per_N,tuned_per_N,NSL-KDD-K80n8,5000,5,41,full_test,SVM_RBF,0.7301960069708715,0.7322125621007807,0.7810232669098203,0.7587360633634406,2952,0.012872628726287264,1.0,0.025418060200668897,0.7008041412354163,1.118489258731852,1.2287966862686526,0.4818748489871785,-1.0877969591107555,0.5353037599088328,1.103668338782008,0.5017654208824105
natural,refit_per_N,tuned_per_N,NSL-KDD-K80n8,5000,5,41,full_test,RandomForest,0.761443307047306,0.7624645138396026,0.8031025243165586,0.7866108811623904,2952,0.06808943089430894,1.0,0.12749762131303521,0.2710390121625281,0.3553763493899071,0.4291713953991241,0.12476541664622103,-0.3387168021680217,0.19264959278037927,0.37234417344173437,0.11490323830670872
natural,refit_per_N,tuned_per_N,NSL-KDD-K80n8,5000,5,41,full_test,XGBoost,0.7740247464737007,0.7746628814762243,0.810194913089652,0.7973129192247073,2952,0.12059620596205962,1.0,0.21523579201934703,0.2780813761531376,0.3703369265103418,0.4516374158829641,0.10248090297664073,-0.35456756860785044,0.22426653503944555,0.4021654032211155,0.11948484380489086
natural,refit_per_N,tuned_per_N,NSL-KDD-K80n8,5000,6,41,fixed_300,QSVM_ZZ,0.7745600556309515,0.7766666666666666,0.8245682888540031,0.797870424564405,30,0.1,1.0,0.18181818181818182,0.6601107963799621,0.6592413199470353,0.8767804774525096,0.318749707107389,-0.34400232551446747,0.39744102358927025,0.461793115579621,0.25108581320798506
natural,refit_per_N,tuned_per_N,NSL-KDD-K80n8,5000,6,41,fixed_300,QSVM_Z,0.8599439775910365,0.86,0.8775658822993946,0.8734861104857953,30,0.36666666666666664,1.0,0.5365853658536586,0.810570413389071,0.7312789494054308,1.0439857526201877,0.31919750191895385,-0.23423657265557693,0.9250419219028386,0.8681313462794736,0.39612787689598095
natural,refit_per_N,tuned_per_N,NSL-KDD-K80n8,5000,6,41,fixed_300,SVM_Linear,0.7924107142857143,0.7933333333333333,0.8272206710520089,0.8113097114042591,30,0.03333333333333333,1.0,0.06451612903225806,1.5118100919661899,1.7060232778172577,2.008252469818514,1.078428113549067,-1.26428949374251,0.6277250265418933,1.2711341564880174,0.6137463557074773
natural,refit_per_N,tuned_per_N,NSL-KDD-K80n8,5000,6,41,fixed_300,SVM_Poly2,0.8092348196655473,0.81,0.8433786078098472,0.827810544324884,30,0.1,1.0,0.18181818181818182,1.0334683018966906,1.156457861078747,1.3680134818251979,0.7307466243648059,-0.7709898391658692,0.4989771786906058,0.8866538772173979,0.2392665019730198
natural,refit_per_N,tuned_per_N,NSL-KDD-K80n8,5000,6,41,fixed_300,SVM_RBF,0.8023649214484306,0.8033333333333333,0.8394756838905775,0.8218225203727882,30,0.1,1.0,0.18181818181818182,0.9296751705989947,1.001750297247005,1.27831728386312,0.48342993560551084,-0.8623169081082681,0.5479130109694794,0.886010228557646,0.5087091433130254
natural,refit_per_N,tuned_per_N,NSL-KDD-K80n8,5000,6,41,fixed_300,RandomForest,0.8398220244716352,0.84,0.8619264158743283,0.8547566521093153,30,0.2,1.0,0.3333333333333333,0.33728422360435334,0.2975816575627273,0.43234618146691806,0.12406558661105989,-0.21029177004834096,0.2304678276607762,0.29392977940223053,0.10461038627831187
natural,refit_per_N,tuned_per_N,NSL-KDD-K80n8,5000,6,41,fixed_300,XGBoost,0.8499583217560434,0.85,0.866188226744186,0.8629733015172663,30,0.2,1.0,0.3333333333333333,0.35186347246170047,0.32836036548821135,0.4754083663225174,0.07493542624762105,-0.23619845112164814,0.3548986740725709,0.41501102248827615,0.09751219607808086
natural,refit_per_N,tuned_per_N,NSL-KDD-K80n8,5000,6,41,full_test,QSVM_ZZ,0.7091310844965191,0.7138484740951029,0.7851578396236814,0.7457873661575714,2952,0.051490514905149054,1.0,0.0979381443298969,0.5500017089057767,0.7134785021782919,0.8302182550357472,0.3497014467731761,-0.5379902543422677,0.3935033995510337,0.5954484282405256,0.29953231633893196
natural,refit_per_N,tuned_per_N,NSL-KDD-K80n8,5000,6,41,full_test,QSVM_Z,0.8195155950788362,0.8195528743789922,0.8406588283776174,0.8376068055095862,2952,0.3258807588075881,1.0,0.4915687276443536,0.6996970915610109,0.7985417472505331,1.004193063843831,0.3447335675109279,-0.4346912496246688,0.8682130097996316,0.8917564072226886,0.38408439575550835
natural,refit_per_N,tuned_per_N,NSL-KDD-K80n8,5000,6,41,full_test,SVM_Linear,0.7410760858577762,0.7420156139105749,0.7786317996806797,0.7650293754445419,2952,0.024390243902439025,1.0,0.047619047619047616,1.3182902731331914,1.7812348434823928,1.912203060689759,1.11989564985406,-1.29129267167299,0.5203385002668708,1.303407591055227,0.4892009508943693
natural,refit_per_N,tuned_per_N,NSL-KDD-K80n8,5000,6,41,full_test,SVM_Poly2,0.7441923355320847,0.7458303761533002,0.7925749774102004,0.7717120151478484,2952,0.042682926829268296,1.0,0.08187134502923976,0.838297978604139,1.2332365388185607,1.3072573055782413,0.7174219111661461,-0.8817547101054947,0.3819885046706897,0.9289533664401594,0.24587035094388524
natural,refit_per_N,tuned_per_N,NSL-KDD-K80n8,5000,6,41,full_test,SVM_RBF,0.7418939542702134,0.7434350603264727,0.7884966509374771,0.7688815591605744,2952,0.023373983739837397,1.0,0.04568023833167825,0.7475306599481208,1.0921410841790085,1.2384080174441923,0.466818827431069,-1.0809104361191448,0.5116005711511564,1.0965466874363008,0.4771665092878429
natural,refit_per_N,tuned_per_N,NSL-KDD-K80n8,5000,6,41,full_test,RandomForest,0.7928742915048119,0.7932044002838893,0.8237545193978357,0.814350613666947,2952,0.09959349593495935,1.0,0.18114602587800369,0.2845850959086412,0.3352749003799225,0.4178570409346871,0.13708912786725513,-0.306420935377564,0.19850959001269958,0.3403733704962923,0.13208260908107866
natural,refit_per_N,tuned_per_N,NSL-KDD-K80n8,5000,6,41,full_test,XGBoost,0.8001145930511986,0.8002129169623847,0.8236949219789556,0.8189909774867231,2952,0.10873983739837398,1.0,0.19615032080659944,0.2981463415327438,0.37505543574831823,0.4729866519877046,0.07642936539827054,-0.356769755472578,0.2763978774745134,0.4408321905083611,0.0966820816076033
natural,refit_per_N,tuned_per_N,NSL-KDD-K80n8,5000,7,41,fixed_300,QSVM_ZZ,0.7604345918952661,0.7633333333333333,0.8175,0.7858943766602133,30,0.1,1.0,0.18181818181818182,0.6472254332147936,0.6593561962188905,0.8639673550724842,0.3274320757979849,-0.372195080441851,0.4046549653849073,0.48962422093710356,0.2500858676285224
natural,refit_per_N,tuned_per_N,NSL-KDD-K80n8,5000,7,41,fixed_300,QSVM_Z,0.8565885871196541,0.8566666666666667,0.8753420908593322,0.8704920985097474,30,0.4,1.0,0.5714285714285714,0.8069006325372186,0.7089638464987463,1.0260779682705659,0.31761985054622993,-0.2905006629382891,0.7400860827523117,0.6980200054917901,0.38063909019501413
natural,refit_per_N,tuned_per_N,NSL-KDD-K80n8,5000,7,41,fixed_300,SVM_Linear,0.7960116373688846,0.7966666666666666,0.8262743628185907,0.8135383368601143,30,0.03333333333333333,1.0,0.06451612903225806,1.6575370985359974,1.9539032251405077,2.1886358670705373,1.3323063039744305,-1.377499466375732,0.6972239794899708,1.3829349008446377,0.6863797181350059
natural,refit_per_N,tuned_per_N,NSL-KDD-K80n8,5000,7,41,fixed_300,SVM_Poly2,0.7989186290718977,0.8,0.8375518375518376,0.8188285083967404,30,0.1,1.0,0.18181818181818182,1.074205663391037,1.1878490944047013,1.3903330541374543,0.7949070869681976,-0.7082610829520399,0.40875151758566564,0.7746173387251826,0.26206782194557393
natural,refit_per_N,tuned_per_N,NSL-KDD-K80n8,5000,7,41,fixed_300,SVM_RBF,0.781289606209132,0.7833333333333333,0.8319270015698588,0.8046238350366934,30,0.0,0.0,0.0,0.7806459926298535,0.9538385536001375,1.1734094013905285,0.37726188367150676,-0.8843581221726591,0.32588096932936916,0.8843581221726591,0.32588096932936916
natural,refit_per_N,tuned_per_N,NSL-KDD-K80n8,5000,7,41,fixed_300,RandomForest,0.8261722232126939,0.8266666666666667,0.8563822334314137,0.8435459907253162,30,0.16666666666666666,1.0,0.2857142857142857,0.3350666666666667,0.30170487050906036,0.4345333333333334,0.1203174227708615,-0.222,0.21579542781687167,0.29666666666666663,0.08854691160935854
natural,refit_per_N,tuned_per_N,NSL-KDD-K80n8,5000,7,41,fixed_300,XGBoost,0.8329695781925082,0.8333333333333334,0.8604392033056316,0.8495340146774121,30,0.13333333333333333,1.0,0.23529411764705882,0.3387493078907331,0.3283992912252157,0.46387125064929324,0.0861431999332232,-0.278040541211764,0.27545377178768926,0.37636086642742156,0.10739562920061305
natural,refit_per_N,tuned_per_N,NSL-KDD-K80n8,5000,7,41,full_test,QSVM_ZZ,0.7043285651486124,0.7096344925479063,0.784816785037521,0.7424241720291344,2952,0.06808943089430894,1.0,0.12749762131303521,0.5508876304082336,0.7126693454308312,0.836549846293515,0.3340046884699442,-0.5184536098364071,0.44262733925593917,0.6185916905113547,0.286456676374453
natural,refit_per_N,tuned_per_N,NSL-KDD-K80n8,5000,7,41,full_test,QSVM_Z,0.8077613605035833,0.807931156848829,0.8347493361006193,0.8279248381554278,2952,0.3174119241192412,1.0,0.48187194651581383,0.6924796969365578,0.7746917699362332,0.9828947489779915,0.3370361724025655,-0.46018120768422277,0.6984455880758961,0.7444025339885919,0.38138936901774984
natural,refit_per_N,tuned_per_N,NSL-KDD-K80n8,5000,7,41,full_test,SVM_Linear,0.7410063291650579,0.7417051100070973,0.7746195131936209,0.7635416237115171,2952,0.02540650406504065,1.0,0.049554013875123884,1.442080998152113,2.0396797901297026,2.086855326879279,1.3729261073235208,-1.4025874699641765,0.612731517261741,1.4180575149450396,0.5760246587206863
natural,refit_per_N,tuned_per_N,NSL-KDD-K80n8,5000,7,41,full_test,SVM_Poly2,0.7403497165277236,0.7424591909155429,0.7944476807305161,0.7697028716520069,2952,0.03997289972899729,1.0,0.07687296416938111,0.8705712592598075,1.2480390355110533,1.313000687391156,0.7691065898293414,-0.8095927803516234,0.33972095263425584,0.8397585841525281,0.25623488442899356
natural,refit_per_N,tuned_per_N,NSL-KDD-K80n8,5000,7,41,full_test,SVM_RBF,0.7276726509147629,0.7304826117814053,0.787721637520007,0.7591079621781718,2952,0.008807588075880758,1.0,0.017461383478844864,0.6294216485118218,1.027350163595726,1.1386299734833207,0.3938803799897595,-1.0487251258532486,0.3413088562728304,1.0598393614288935,0.30505188563943547
natural,refit_per_N,tuned_per_N,NSL-KDD-K80n8,5000,7,41,full_test,RandomForest,0.7676374738020798,0.7687189496096523,0.8112844222840492,0.7933821774860362,2952,0.0921409214092141,1.0,0.1687344913151365,0.2819169180269695,0.34060928018873177,0.42126530340667145,0.13426605887638204,-0.30763042005420055,0.2004674836174172,0.34545901084010844,0.1244257174381453
natural,refit_per_N,tuned_per_N,NSL-KDD-K80n8,5000,7,41,full_test,XGBoost,0.7755123116389933,0.7760823278921221,0.8104205751719707,0.7983718155705097,2952,0.09247967479674797,1.0,0.16930232558139535,0.2805117799552135,0.3727153643789043,0.4565244357744754,0.09585948611659864,-0.35293631364659567,0.2237756023364038,0.40346966716170635,0.10886592383243886
natural,refit_per_N,tuned_per_N,NSL-KDD-K80n8,5000,8,41,fixed_300,QSVM_ZZ,0.7636306334699023,0.7666666666666667,0.8233077039047189,0.789653775156454,30,0.06666666666666667,1.0,0.125,0.644860913125593,0.6635902791554983,0.8621544499567115,0.33598714303777455,-0.41843938800961056,0.37443787934198663,0.4754177260399578,0.29878626590085633
natural,refit_per_N,tuned_per_N,NSL-KDD-K80n8,5000,8,41,fixed_300,QSVM_Z,0.8632953598221729,0.8633333333333333,0.8798146802325582,0.8764801224618433,30,0.36666666666666664,1.0,0.5365853658536586,0.7804288812500215,0.7243049212677374,1.0238852980984026,0.2921399561849918,-0.4998534174058491,0.7407489742568935,0.7462346190674011,0.4916262554627005
natural,refit_per_N,tuned_per_N,NSL-KDD-K80n8,5000,8,41,fixed_300,SVM_Linear,0.7992773986350863,0.8,0.8312573443008225,0.817297735356355,30,0.06666666666666667,1.0,0.125,1.528874354288857,1.7298465933652636,2.031127949665271,1.0974266626377043,-1.2467225397307926,0.638823036301483,1.2565967999954542,0.6191740022186234
natural,refit_per_N,tuned_per_N,NSL-KDD-K80n8,5000,8,41,fixed_300,SVM_Poly2,0.8092348196655473,0.81,0.8433786078098472,0.827810544324884,30,0.1,1.0,0.18181818181818182,0.9982447501612725,1.155687246386779,1.351650545091717,0.7107365170292446,-0.8170938304961853,0.5046797516706737,0.9266057206685689,0.25247934174023756
natural,refit_per_N,tuned_per_N,NSL-KDD-K80n8,5000,8,41,fixed_300,SVM_RBF,0.8058035714285714,0.8066666666666666,0.8414178221570205,0.8248165323488361,30,0.13333333333333333,1.0,0.23529411764705882,0.8592902939486244,1.0123052796347034,1.2566809053213084,0.428829675572278,-0.9815558664127445,0.7378735633584858,1.0739048793259458,0.595514588026648
natural,refit_per_N,tuned_per_N,NSL-KDD-K80n8,5000,8,41,fixed_300,RandomForest,0.8296801772216718,0.83,0.8555555555555555,0.8457746161811714,30,0.2,1.0,0.3333333333333333,0.3341733333333333,0.29972626948971665,0.42907999999999996,0.1319015046666767,-0.22053333333333333,0.2205610623437923,0.28573333333333334,0.12505437039766165
natural,refit_per_N,tuned_per_N,NSL-KDD-K80n8,5000,8,41,fixed_300,XGBoost,0.8431922063190205,0.8433333333333334,0.8640945747800586,0.8577506640853632,30,0.13333333333333333,1.0,0.23529411764705882,0.3482812986771266,0.32696497171449773,0.470947904586792,0.08008762015316717,-0.28041019340356194,0.26598488788875463,0.36327841579914094,0.13193418724607672
natural,refit_per_N,tuned_per_N,NSL-KDD-K80n8,5000,8,41,full_test,QSVM_ZZ,0.7000336617310471,0.7057753726046841,0.7833719605418197,0.739109629309406,2952,0.044715447154471545,1.0,0.08560311284046693,0.5398675872466769,0.7228560000044051,0.8384912683807358,0.3330318323391647,-0.5739788809873335,0.3743453392120828,0.6028868994753651,0.3257507870293822
natural,refit_per_N,tuned_per_N,NSL-KDD-K80n8,5000,8,41,full_test,QSVM_Z,0.8168871488728853,0.8169801277501775,0.8411847041042784,0.83613614155074,2952,0.22052845528455284,1.0,0.3613655287260616,0.6861683031090876,0.7805912701839114,0.9906191925523034,0.3143617130408208,-0.6309470378707176,0.6136000117283332,0.7594436363732735,0.4447971472064344
natural,refit_per_N,tuned_per_N,NSL-KDD-K80n8,5000,8,41,full_test,SVM_Linear,0.7413904878068084,0.7425035486160397,0.7816648319473122,0.7662846708590973,2952,0.0247289972899729,1.0,0.048264462809917356,1.337067755455999,1.8077973386074062,1.943343353788375,1.1310605684235988,-1.3069920568024338,0.525240698423896,1.3195331903476917,0.4928876011793369
natural,refit_per_N,tuned_per_N,NSL-KDD-K80n8,5000,8,41,full_test,SVM_Poly2,0.7405017082417182,0.7424591909155429,0.7925926819920742,0.7692394114156907,2952,0.042682926829268296,1.0,0.08187134502923976,0.8089715162091174,1.245979310644597,1.3073255308848777,0.7055489443607983,-0.9369466055946223,0.3869839474645416,0.9815681721023237,0.2532773990039904
natural,refit_per_N,tuned_per_N,NSL-KDD-K80n8,5000,8,41,full_test,SVM_RBF,0.7467446368576829,0.7482256919801278,0.793316841316614,0.7736531285194888,2952,0.037940379403794036,1.0,0.0731070496083551,0.6972652889985395,1.0896963627228955,1.2110797866599838,0.45486569063552507,-1.1199614531174271,0.5557875808458675,1.162939613220814,0.45911321859997056
natural,refit_per_N,tuned_per_N,NSL-KDD-K80n8,5000,8,41,full_test,RandomForest,0.7843375352840827,0.7849095102909865,0.820308946106393,0.8075281703733014,2952,0.09993224932249323,1.0,0.18170619032953494,0.28753273598296664,0.3366075890347381,0.420653211497516,0.13795150928661717,-0.3089430894308943,0.20122599036956315,0.3422574525745258,0.13710422263560423
natural,refit_per_N,tuned_per_N,NSL-KDD-K80n8,5000,8,41,full_test,XGBoost,0.8028889555732307,0.8030518097941802,0.8292669443935556,0.8228122996955984,2952,0.10060975609756098,1.0,0.18282548476454294,0.3047336396014991,0.3684072734802596,0.47225541673399735,0.07457433622455935,-0.35220078817066464,0.25188739863612836,0.4181394612159186,0.11248132179955248
natural,refit_per_N,tuned_per_N,NSL-KDD-K80n8,5000,9,41,fixed_300,QSVM_ZZ,0.7643097643097643,0.7666666666666667,0.8153861317825637,0.7881230021160686,30,0.13333333333333333,1.0,0.23529411764705882,0.6602370221105212,0.64924222270507,0.8610194765718573,0.3406961257078122,-0.2695732005029716,0.37005971655505115,0.40441904682393665,0.21461392967894383
natural,refit_per_N,tuned_per_N,NSL-KDD-K80n8,5000,9,41,fixed_300,QSVM_Z,0.8431922063190205,0.8433333333333334,0.8640945747800586,0.8577506640853632,30,0.36666666666666664,1.0,0.5365853658536586,0.7843516030162012,0.6989521680559349,1.007891828984012,0.2964719741416367,-0.22235459815375377,0.8022145312967265,0.7535728978864508,0.35371967589428904
natural,refit_per_N,tuned_per_N,NSL-KDD-K80n8,5000,9,41,fixed_300,SVM_Linear,0.7891542743671839,0.79,0.8221561969439728,0.8075503129080186,30,0.06666666666666667,1.0,0.125,1.6532838235429994,1.9445681717141303,2.1591557667335133,1.3611536102196586,-1.2417634350576516,0.6695299861936231,1.2505555527731183,0.6529606730017763
natural,refit_per_N,tuned_per_N,NSL-KDD-K80n8,5000,9,41,fixed_300,SVM_Poly2,0.7991071428571428,0.8,0.8343192466045146,0.8180631218765476,30,0.1,1.0,0.18181818181818182,1.235062147906186,1.3908029783841813,1.576335537145498,0.987358956107233,-0.7704213611204058,0.6055902239248554,0.8978906374665966,0.3925315224715133
natural,refit_per_N,tuned_per_N,NSL-KDD-K80n8,5000,9,41,fixed_300,SVM_RBF,0.8128008557675166,0.8133333333333334,0.8423707440100883,0.8300391697807392,30,0.23333333333333334,1.0,0.3783783783783784,0.8627759162177343,0.8974604834575077,1.184924246574626,0.38180116664658076,-0.65707564165831,0.7051071499167066,0.8834623025366053,0.38525167322292125
natural,refit_per_N,tuned_per_N,NSL-KDD-K80n8,5000,9,41,fixed_300,RandomForest,0.8364467784465781,0.8366666666666667,0.8597808067784123,0.8517626401332673,30,0.3,1.0,0.46153846153846156,0.34228,0.290894485337897,0.42907999999999996,0.13291182641134686,-0.12753333333333336,0.24773032829178498,0.24046666666666672,0.14075101736360163
natural,refit_per_N,tuned_per_N,NSL-KDD-K80n8,5000,9,41,fixed_300,XGBoost,0.8431922063190205,0.8433333333333334,0.8640945747800586,0.8577506640853632,30,0.23333333333333334,1.0,0.3783783783783784,0.34131635059913,0.3317831456788005,0.4674700332681338,0.08971440764513955,-0.22202687859535217,0.3742669799563591,0.423494150241216,0.100121984678288
natural,refit_per_N,tuned_per_N,NSL-KDD-K80n8,5000,9,41,full_test,QSVM_ZZ,0.7047485966193617,0.7099006387508872,0.7838017011865328,0.7424324771929169,2952,0.061991869918699184,1.0,0.11674641148325358,0.562103164837684,0.7043492962039051,0.8304939262607608,0.3497824144056743,-0.44849417678152653,0.40424450284246327,0.5373379127900001,0.2753699550854736
natural,refit_per_N,tuned_per_N,NSL-KDD-K80n8,5000,9,41,full_test,QSVM_Z,0.7972774701303493,0.7973740241305891,0.8206210723550575,0.8160464719411487,2952,0.3055555555555556,1.0,0.46808510638297873,0.6719816722966164,0.769368407672557,0.968261689373792,0.3255094707042684,-0.42559812063865904,0.7603944003469092,0.7939436220257252,0.3591475037011485
natural,refit_per_N,tuned_per_N,NSL-KDD-K80n8,5000,9,41,full_test,SVM_Linear,0.7347241485134612,0.7356281050390348,0.7709521707012464,0.7582539265390048,2952,0.0260840108401084,1.0,0.050841862000660286,1.4447367899281987,2.0211729516510397,2.057024874140751,1.3932168387670452,-1.263587246770324,0.58718143286592,1.2774093299104041,0.5564711754987262
natural,refit_per_N,tuned_per_N,NSL-KDD-K80n8,5000,9,41,full_test,SVM_Poly2,0.724323976016258,0.7260911994322214,0.7709270653086735,0.7515931410517,2952,0.03421409214092141,1.0,0.06616442843105143,1.0023570640221757,1.4743921221720324,1.4978038820490331,0.9670239628038961,-0.916785457574529,0.47325823632661673,0.9665275888808245,0.3609617062838355
natural,refit_per_N,tuned_per_N,NSL-KDD-K80n8,5000,9,41,full_test,SVM_RBF,0.7705191952547883,0.7711142654364798,0.8053944149674843,0.7933817682460818,2952,0.1483739837398374,1.0,0.2584070796460177,0.7046003069161245,0.9830290356693367,1.1386164735642923,0.4078727786985766,-0.8943910360771561,0.6315407708983999,1.0140397698672399,0.4129193817801593
natural,refit_per_N,tuned_per_N,NSL-KDD-K80n8,5000,9,41,full_test,RandomForest,0.7870145329289095,0.7873935415188077,0.818649675224004,0.8087455468975628,2952,0.19308943089430894,1.0,0.32367972742759793,0.2935719481902058,0.3273619810388853,0.41549174946770767,0.1439338789797596,-0.23077439024390242,0.2477757980901447,0.2992689701897019,0.15839112599274124
natural,refit_per_N,tuned_per_N,NSL-KDD-K80n8,5000,9,41,full_test,XGBoost,0.7987167960490289,0.7987934705464869,0.8212076158477536,0.8171679980486155,2952,0.17784552845528456,1.0,0.30198446937014667,0.29566520064371205,0.3688045356712576,0.46267827814927415,0.09676521757429835,-0.3042347512957526,0.3116119706380957,0.41921838570820286,0.11796927237698115
natural,refit_per_N,tuned_per_N,NSL-KDD-K80n8,5000,10,41,fixed_300,QSVM_ZZ,0.7636306334699023,0.7666666666666667,0.8233077039047189,0.789653775156454,30,0.16666666666666666,1.0,0.2857142857142857,0.6627033522966288,0.6390775590408532,0.8591377698016232,0.33087482847006994,-0.27653507844958475,0.4326103546770894,0.45429808217845236,0.23924176290090982
natural,refit_per_N,tuned_per_N,NSL-KDD-K80n8,5000,10,41,fixed_300,QSVM_Z,0.8261722232126939,0.8266666666666667,0.8563822334314137,0.8435459907253162,30,0.36666666666666664,1.0,0.5365853658536586,0.7693642538045595,0.7615591136742286,1.0264031026197324,0.34407892929546013,-0.424225216779405,0.8505858569176589,0.7944939802129837,0.5217687705729545
natural,refit_per_N,tuned_per_N,NSL-KDD-K80n8,5000,10,41,fixed_300,SVM_Linear,0.7925866452562559,0.7933333333333333,0.8242068155111634,0.8105443248840665,30,0.03333333333333333,1.0,0.06451612903225806,1.5744699942227518,1.7591952969979239,2.093706582422119,1.0909246547812985,-1.2573851781548413,0.6181523356144839,1.2667171332075007,0.5987967106687331
natural,refit_per_N,tuned_per_N,NSL-KDD-K80n8,5000,10,41,fixed_300,SVM_Poly2,0.8090644156366193,0.81,0.8465995440729484,0.8285759308450767,30,0.1,1.0,0.18181818181818182,1.4298245627623647,1.6098765361858927,1.8238339002041641,1.144434640556874,-0.7158401757169951,0.7582095084152873,0.9684976669894921,0.3864208649358895
natural,refit_per_N,tuned_per_N,NSL-KDD-K80n8,5000,10,41,fixed_300,SVM_RBF,0.8159283347650018,0.8166666666666667,0.8504527447651387,0.8345639547971726,30,0.16666666666666666,1.0,0.2857142857142857,0.8856339228955594,1.0362986476791596,1.2909953926060427,0.4377136379358107,-0.8520168571933966,0.9037734732070654,1.106406345541139,0.5644503648335938
natural,refit_per_N,tuned_per_N,NSL-KDD-K80n8,5000,10,41,fixed_300,RandomForest,0.8329695781925082,0.8333333333333334,0.8604392033056316,0.8495340146774121,30,0.3,1.0,0.46153846153846156,0.34365070603732845,0.2962491321944976,0.43710010437627034,0.12166698336114365,-0.15332519451853763,0.268849269296786,0.27562236532119194,0.1407865640262399
natural,refit_per_N,tuned_per_N,NSL-KDD-K80n8,5000,10,41,fixed_300,XGBoost,0.8465575520370041,0.8466666666666667,0.8662857142857143,0.860744676061411,30,0.26666666666666666,1.0,0.42105263157894735,0.34479819893836977,0.3290545642669642,0.46951587438583375,0.08196064882473376,-0.21385935048262278,0.3563113452895961,0.3996656606594721,0.11384619563498279
natural,refit_per_N,tuned_per_N,NSL-KDD-K80n8,5000,10,41,full_test,QSVM_ZZ,0.7115014046503993,0.7160220014194464,0.7862218426526135,0.7476965066547272,2952,0.12601626016260162,1.0,0.22382671480144403,0.5570593749370911,0.6954220921570823,0.8167744341829579,0.356099083304837,-0.46293607961434047,0.44414036223072145,0.5514843978872478,0.3277734492878749
natural,refit_per_N,tuned_per_N,NSL-KDD-K80n8,5000,10,41,full_test,QSVM_Z,0.771852061107128,0.7726224272533712,0.8103948578425599,0.7959340213074233,2952,0.23983739837398374,1.0,0.38688524590163936,0.6438112443552393,0.8387079570705496,0.9902315065421535,0.370628545936431,-0.6554031163313782,0.7210201459453186,0.8456840978475018,0.483985229530559
natural,refit_per_N,tuned_per_N,NSL-KDD-K80n8,5000,10,41,full_test,SVM_Linear,0.7384771290950989,0.7391767210787793,0.7718386555321535,0.7609324822843434,2952,0.018292682926829267,1.0,0.03592814371257485,1.3867920834755032,1.8168486949630827,1.972922685496127,1.153996334584358,-1.1418655017153054,0.6143974998772831,1.1511496764231821,0.5968211912573189
natural,refit_per_N,tuned_per_N,NSL-KDD-K80n8,5000,10,41,full_test,SVM_Poly2,0.7458586111006987,0.7478708303761533,0.7998046346380416,0.7750574875813929,2952,0.04336043360433604,1.0,0.08311688311688312,1.1441284052140448,1.6859803763460264,1.7287553031821525,1.0784084285469513,-0.960114660109503,0.605510248376204,1.0724676498991688,0.37185475842800864
natural,refit_per_N,tuned_per_N,NSL-KDD-K80n8,5000,10,41,full_test,SVM_RBF,0.7536405536369237,0.7551454932576295,0.8017857676190339,0.7809462258459057,2952,0.052845528455284556,1.0,0.10038610038610038,0.7083604125196958,1.1524374063803098,1.2659794197760665,0.47663671528020435,-1.1340590115853837,0.756838850427445,1.2347855558905774,0.5780999206351369
natural,refit_per_N,tuned_per_N,NSL-KDD-K80n8,5000,10,41,full_test,RandomForest,0.7765086010283424,0.7773243435060326,0.8165672923772628,0.8010535489437304,2952,0.14363143631436315,1.0,0.25118483412322273,0.28761428357021385,0.33947853273668765,0.42606832793807387,0.12819294142313636,-0.2723343151452614,0.23581919527680612,0.3273286879094404,0.15044135780470444
natural,refit_per_N,tuned_per_N,NSL-KDD-K80n8,5000,10,41,full_test,XGBoost,0.794784595168456,0.7949343506032647,0.8201286656138758,0.8142918636605376,2952,0.17073170731707318,1.0,0.2916666666666667,0.29451566013177716,0.3674458655196802,0.4608163784467599,0.09697527265017598,-0.32487803973196966,0.2801181976142357,0.4142334406392846,0.111456726987991
natural,refit_per_N,tuned_per_N,NSL-KDD-K80n8,10000,1,83,fixed_300,QSVM_ZZ,0.7742562248003684,0.7766666666666666,0.8284313725490196,0.7986358110845977,30,0.2,1.0,0.3333333333333333,0.6995681730926698,0.6803005452365127,0.9212195533049445,0.3218058347232853,-0.22294106793927562,0.5505487426032496,0.5103207315819753,0.30393977803762595
natural,refit_per_N,tuned_per_N,NSL-KDD-K80n8,10000,1,83,fixed_300,QSVM_Z,0.8532289628180039,0.8533333333333334,0.8731428571428572,0.8674980865336994,30,0.43333333333333335,1.0,0.6046511627906976,0.8319817460379869,0.7673486722455319,1.0866090611599137,0.31669916125965464,-0.1742875383009282,1.0818312641336074,1.0041251359238754,0.43871145582236154
natural,refit_per_N,tuned_per_N,NSL-KDD-K80n8,10000,1,83,fixed_300,SVM_Linear,0.7822664388838643,0.7833333333333333,0.8181041033434651,0.8015622889559227,30,0.03333333333333333,1.0,0.06451612903225806,1.6587782912663782,1.968525915059587,2.1976710355614077,1.3404781674060342,-1.3129463000928832,0.6632577515333468,1.3161601019977964,0.6568572278705719
natural,refit_per_N,tuned_per_N,NSL-KDD-K80n8,10000,1,83,fixed_300,SVM_Poly2,0.8159283347650018,0.8166666666666667,0.8504527447651387,0.8345639547971726,30,0.1,1.0,0.18181818181818182,1.3306926859855972,1.4632824121974541,1.6964439932399424,1.0168658811180957,-0.6789536946868364,0.5818967719254907,0.8196961291915138,0.35732370267680447
natural,refit_per_N,tuned_per_N,NSL-KDD-K80n8,10000,1,83,fixed_300,SVM_RBF,0.8061151720449278,0.8066666666666666,0.8353649992994255,0.8232857593084508,30,0.23333333333333334,1.0,0.3783783783783784,0.9065140205764484,1.0113020277546185,1.2718900595316065,0.47623013061645675,-0.7343942806686179,0.6844655662297663,0.9071914294132489,0.42992066853334393
natural,refit_per_N,tuned_per_N,NSL-KDD-K80n8,10000,1,83,fixed_300,RandomForest,0.8431224201426362,0.8433333333333334,0.866688156198195,0.8585160506055558,30,0.36666666666666664,1.0,0.5365853658536586,0.34605850966225543,0.2913062895523291,0.43577619688412106,0.12130520463532664,-0.14752430023954236,0.2617519295239648,0.27401716338858095,0.12325618012562693
natural,refit_per_N,tuned_per_N,NSL-KDD-K80n8,10000,1,83,fixed_300,XGBoost,0.8363593859580768,0.8366666666666667,0.8625,0.85252802665346,30,0.16666666666666666,1.0,0.2857142857142857,0.3476278550426165,0.31035268860632864,0.4526922411719958,0.110605839400019,-0.23557680944601694,0.20852673317779213,0.27283441722393037,0.15665635121706806
natural,refit_per_N,tuned_per_N,NSL-KDD-K80n8,10000,1,83,full_test,QSVM_ZZ,0.7224001039681096,0.7262242725337118,0.7928622606607121,0.756995979089058,2952,0.1659891598915989,1.0,0.28471818710052293,0.590692473914751,0.7359792106235696,0.8795241459477521,0.34208226189689894,-0.4263756927098301,0.5572065056637798,0.6304094397204191,0.3079923044480408
natural,refit_per_N,tuned_per_N,NSL-KDD-K80n8,10000,1,83,full_test,QSVM_Z,0.8071633550148285,0.8073101490418737,0.8332178274717512,0.8269910649196357,2952,0.34552845528455284,1.0,0.513595166163142,0.7206603382861735,0.8458668643969159,1.0549271947315138,0.3492430232364165,-0.3630713072053407,1.0043159886609367,0.981296992654935,0.4213402323564296
natural,refit_per_N,tuned_per_N,NSL-KDD-K80n8,10000,1,83,full_test,SVM_Linear,0.7322035804572972,0.7331440738112136,0.768687681642602,0.7558465845431208,2952,0.0260840108401084,1.0,0.050841862000660286,1.453429486207291,2.0457828311801247,2.097240601112283,1.3781387900985684,-1.2915543424457483,0.6189137257336108,1.3039795072607638,0.5922873154440368
natural,refit_per_N,tuned_per_N,NSL-KDD-K80n8,10000,1,83,full_test,SVM_Poly2,0.7503922660322924,0.7522178850248403,0.8026461414677406,0.7790010280990332,2952,0.03489159891598916,1.0,0.06743044189852701,1.0681871087051469,1.5599681926185862,1.6153192998065964,0.9824805447732218,-0.8683033529197123,0.4848178412806024,0.9219007780456044,0.37295845258487814
natural,refit_per_N,tuned_per_N,NSL-KDD-K80n8,10000,1,83,full_test,SVM_RBF,0.7441234940696058,0.7449432221433641,0.7801145648854757,0.7675006631893949,2952,0.13617886178861788,1.0,0.23971377459749552,0.7210459306199625,1.1072985740925565,1.23225741333963,0.4770314806388995,-0.9685418990381022,0.6082642384215009,1.0543443980680467,0.4431892194056055
natural,refit_per_N,tuned_per_N,NSL-KDD-K80n8,10000,1,83,full_test,RandomForest,0.7858138378363859,0.7864176721078779,0.8226773779667081,0.8092912884376722,2952,0.1910569105691057,1.0,0.32081911262798635,0.2899887125850575,0.3345556844156988,0.4234609927506352,0.12923523908068654,-0.25242722974180415,0.24117083394631825,0.3200202167378205,0.1395347209140526
natural,refit_per_N,tuned_per_N,NSL-KDD-K80n8,10000,1,83,full_test,XGBoost,0.779995578428049,0.7804737402413059,0.8133443350812373,0.8023167402821139,2952,0.10365853658536585,1.0,0.1878453038674033,0.29668681323660484,0.3581052664989639,0.4537479064504651,0.10185914016231429,-0.3032907798664195,0.21046781393269415,0.339131640699417,0.14584830520136213
natural,refit_per_N,tuned_per_N,NSL-KDD-K80n8,10000,2,83,fixed_300,QSVM_ZZ,0.7855132043433576,0.7866666666666666,0.8232518232518233,0.8053216874521634,30,0.36666666666666664,1.0,0.5365853658536586,0.7280434875656459,0.6923566032915718,0.9213914359213372,0.40055312721162023,-0.12880571205684302,0.5896701363617919,0.45324109173302846,0.3985903836522614
natural,refit_per_N,tuned_per_N,NSL-KDD-K80n8,10000,2,83,fixed_300,QSVM_Z,0.8398861412560042,0.84,0.8594285714285714,0.8539912655891224,30,0.4,1.0,0.5714285714285714,1.073641100292816,1.025365590737044,1.3974805484516977,0.501126654254828,-0.016755846633569164,1.211398773056269,1.0632983899994686,0.5806584879110778
natural,refit_per_N,tuned_per_N,NSL-KDD-K80n8,10000,2,83,fixed_300,SVM_Linear,0.7925866452562559,0.7933333333333333,0.8242068155111634,0.8105443248840665,30,0.03333333333333333,1.0,0.06451612903225806,1.62534251992262,1.8758091838622573,2.142868363790868,1.2524031207221766,-1.2963738510998082,0.6936736286429463,1.3040900607585795,0.6790562409113876
natural,refit_per_N,tuned_per_N,NSL-KDD-K80n8,10000,2,83,fixed_300,SVM_Poly2,0.8090644156366193,0.81,0.8465995440729484,0.8285759308450767,30,0.1,1.0,0.18181818181818182,1.4405895819979024,1.6574181397488315,1.7858896575708492,1.2778620288242557,-0.6605453146265657,0.5462278727893431,0.7946587230607487,0.32125148334371884
natural,refit_per_N,tuned_per_N,NSL-KDD-K80n8,10000,2,83,fixed_300,SVM_RBF,0.7952447552447552,0.7966666666666666,0.8391203703703703,0.8165998829408851,30,0.06666666666666667,1.0,0.125,1.012026336601566,1.1068544599915275,1.3715871490100395,0.6066900314401367,-0.8080638618894281,0.5964995571399874,0.8430274920428373,0.5459703052546186
natural,refit_per_N,tuned_per_N,NSL-KDD-K80n8,10000,2,83,fixed_300,RandomForest,0.8295739348370927,0.83,0.8584000745017695,0.8465400027013641,30,0.3,1.0,0.46153846153846156,0.33988811405399894,0.2995150004391997,0.4350083014897417,0.12649483467038464,-0.17822112941902893,0.26429827679273404,0.2910211294190289,0.13008863254979555
natural,refit_per_N,tuned_per_N,NSL-KDD-K80n8,10000,2,83,fixed_300,XGBoost,0.8599439775910365,0.86,0.8775658822993946,0.8734861104857953,30,0.3333333333333333,1.0,0.5,0.3642602875828743,0.3074050926993471,0.46916790793339413,0.0840530921076359,-0.10700747271378835,0.39545226257410493,0.3930015494426092,0.11568436941644017
natural,refit_per_N,tuned_per_N,NSL-KDD-K80n8,10000,2,83,full_test,QSVM_ZZ,0.7171771119547812,0.7196593328601846,0.7709962717620881,0.7469582458011199,2952,0.21375338753387535,1.0,0.3522188110521909,0.6200683015306966,0.7809126635407564,0.9005318918621011,0.428195747737815,-0.40303437598836567,0.6326608225535545,0.6291796920395853,0.40844747489419486
natural,refit_per_N,tuned_per_N,NSL-KDD-K80n8,10000,2,83,full_test,QSVM_Z,0.7817431790235445,0.7818488289567069,0.804629383008512,0.8002427643507353,2952,0.33367208672086723,1.0,0.5003810007620015,0.9119628563720503,1.1200682233616026,1.3326721085473214,0.5569686952484157,-0.2211111841502132,1.1558150697915872,1.0509679469788547,0.5294006098756333
natural,refit_per_N,tuned_per_N,NSL-KDD-K80n8,10000,2,83,full_test,SVM_Linear,0.7408736077036084,0.7416163946061036,0.7752158528381482,0.7636766407992511,2952,0.02540650406504065,1.0,0.049554013875123884,1.421506376345638,1.95496749933082,2.04104832702202,1.2948745221803224,-1.3120613238827594,0.5870944162466027,1.3255780339070566,0.5559025519279623
natural,refit_per_N,tuned_per_N,NSL-KDD-K80n8,10000,2,83,full_test,SVM_Poly2,0.738306819961874,0.7407292405961675,0.7960609141445332,0.7687971233287854,2952,0.04065040650406504,1.0,0.078125,1.1653714357833342,1.7338115452288612,1.6947976066396349,1.2214148067864437,-0.8625671978536388,0.47732575075348244,0.9141434750338825,0.36905792255204556
natural,refit_per_N,tuned_per_N,NSL-KDD-K80n8,10000,2,83,full_test,SVM_RBF,0.7434645402206121,0.7454755145493258,0.7968895090792433,0.7725527063547735,2952,0.022696476964769646,1.0,0.04438555813183173,0.8040532661974551,1.2426690440413024,1.3449857709810449,0.6178521536418274,-1.1714637631713807,0.6995599863544439,1.190943207559332,0.6658571913707714
natural,refit_per_N,tuned_per_N,NSL-KDD-K80n8,10000,2,83,full_test,RandomForest,0.7740900927031142,0.7748846699787083,0.8134022638542964,0.7984095980474857,2952,0.14668021680216803,1.0,0.25583456425406204,0.2835739813579295,0.34392952985778996,0.4261562559363787,0.1307385556661671,-0.28884225786667833,0.24029246790718892,0.35275459606099085,0.12936195352689772
natural,refit_per_N,tuned_per_N,NSL-KDD-K80n8,10000,2,83,full_test,XGBoost,0.8028879479112319,0.8030518097941802,0.8293035469919352,0.8228248256479314,2952,0.2073170731707317,1.0,0.3434343434343434,0.3057475184652931,0.36017467852633384,0.46310355517989443,0.09350102287662457,-0.24866344419315578,0.35621507555271326,0.41829416031638783,0.11727183794174946
natural,refit_per_N,tuned_per_N,NSL-KDD-K80n8,10000,3,83,fixed_300,QSVM_ZZ,0.7777777777777778,0.78,0.8301710117786211,0.8016298230606456,30,0.13333333333333333,1.0,0.23529411764705882,0.7249873219461532,0.6960777629350254,0.9406527692000721,0.3539819724668485,-0.3463558129000553,0.44251342909632196,0.5050141417365643,0.24645729996558227
natural,refit_per_N,tuned_per_N,NSL-KDD-K80n8,10000,3,83,fixed_300,QSVM_Z,0.8465575520370041,0.8466666666666667,0.8662857142857143,0.860744676061411,30,0.43333333333333335,1.0,0.6046511627906976,0.9503075903363405,0.9276235961727454,1.249487300231089,0.4498350130753979,-0.10920660436727307,1.2582036452699297,1.1062632210146113,0.6092488664235222
natural,refit_per_N,tuned_per_N,NSL-KDD-K80n8,10000,3,83,fixed_300,SVM_Linear,0.7891542743671839,0.79,0.8221561969439728,0.8075503129080186,30,0.06666666666666667,1.0,0.125,1.681047721779969,1.9745590726837505,2.2220239025183846,1.3369423140346426,-1.3145114907803128,0.7288739567592448,1.3297069858960848,0.7007688890743562
natural,refit_per_N,tuned_per_N,NSL-KDD-K80n8,10000,3,83,fixed_300,SVM_Poly2,0.8193496587715776,0.82,0.8524089306698003,0.8375579667732205,30,0.1,1.0,0.18181818181818182,1.3033207359904506,1.4502553970740486,1.6803246349952659,0.989138402162772,-0.6649437052898279,0.5554419688077756,0.7992722309062009,0.3344096482158493
natural,refit_per_N,tuned_per_N,NSL-KDD-K80n8,10000,3,83,fixed_300,SVM_RBF,0.8397435897435898,0.84,0.8645828523939241,0.8555220386295079,30,0.4,1.0,0.5714285714285714,1.4077899112315573,1.2498356148668561,1.6915736803183805,0.8261597801933342,-0.18077457322046653,1.1209361623857057,0.9258321612918492,0.6572763007934325
natural,refit_per_N,tuned_per_N,NSL-KDD-K80n8,10000,3,83,fixed_300,RandomForest,0.8295739348370927,0.83,0.8584000745017695,0.8465400027013641,30,0.16666666666666666,1.0,0.2857142857142857,0.34065087073122213,0.30184316228459157,0.4391024920435319,0.11975521629165937,-0.21227742774692168,0.2390196791365438,0.2932387853761756,0.12729150834400202
natural,refit_per_N,tuned_per_N,NSL-KDD-K80n8,10000,3,83,fixed_300,XGBoost,0.8431224201426362,0.8433333333333334,0.866688156198195,0.8585160506055558,30,0.26666666666666666,1.0,0.42105263157894735,0.3507819183667501,0.3262659903331721,0.4724620232979457,0.07922807105031852,-0.18113493621349336,0.3678837703893708,0.3933069437742233,0.11600854111635718
natural,refit_per_N,tuned_per_N,NSL-KDD-K80n8,10000,3,83,full_test,QSVM_ZZ,0.708625286357911,0.7130943931866572,0.7818706564532447,0.7445237655792334,2952,0.07723577235772358,1.0,0.14339622641509434,0.6031915384166973,0.7764064276314826,0.9113360169088328,0.36893581714131,-0.5374126276222798,0.49904970173348084,0.666082391903341,0.3069155980468955
natural,refit_per_N,tuned_per_N,NSL-KDD-K80n8,10000,3,83,full_test,QSVM_Z,0.805796547212313,0.805846344925479,0.8271649242606629,0.8238640022449459,2952,0.35704607046070463,1.0,0.5262106839740389,0.8307135281091882,1.0285234532171788,1.2199625606087026,0.5095456901146974,-0.3697397070485447,1.1905062447270862,1.1071335379914569,0.5729466805533057
natural,refit_per_N,tuned_per_N,NSL-KDD-K80n8,10000,3,83,full_test,SVM_Linear,0.733929775530094,0.7348740241305891,0.7706786495042923,0.7576542014343091,2952,0.027777777777777776,1.0,0.05405405405405406,1.4713153163413026,2.053893011961007,2.1197960099811555,1.3746672836547529,-1.3337717607137374,0.6300187130259131,1.3494029321648513,0.5958040072919553
natural,refit_per_N,tuned_per_N,NSL-KDD-K80n8,10000,3,83,full_test,SVM_Poly2,0.751184089207338,0.752971965933286,0.8030524715833993,0.7796633829653933,2952,0.04403794037940379,1.0,0.08436080467229072,1.0300003903214776,1.5524705431291332,1.6036060296602699,0.9484267462399445,-0.8615831195196062,0.4828295040320242,0.9174164151852353,0.3657826170741558
natural,refit_per_N,tuned_per_N,NSL-KDD-K80n8,10000,3,83,full_test,SVM_RBF,0.7868996636391583,0.787304826117814,0.81919085697211,0.8088555120806311,2952,0.28895663956639567,1.0,0.4483574244415243,1.1506002111179843,1.3756657604433187,1.602208799663819,0.8057692551597314,-0.6476588522681842,1.2503303030362036,1.1418826429416906,0.8239489579824989
natural,refit_per_N,tuned_per_N,NSL-KDD-K80n8,10000,3,83,full_test,RandomForest,0.774635315265664,0.7755056777856636,0.8154853288519361,0.7994435789019406,2952,0.09044715447154472,1.0,0.16589002795899346,0.28457369948111383,0.3424239186703291,0.42555094239524743,0.13093023310308527,-0.28699677427030373,0.22529727429344876,0.33821866919077176,0.13687272210502896
natural,refit_per_N,tuned_per_N,NSL-KDD-K80n8,10000,3,83,full_test,XGBoost,0.7865069042820767,0.7869499645138396,0.819700409371068,0.8087692828149238,2952,0.1402439024390244,1.0,0.24598930481283424,0.2904289297764821,0.3771367614021765,0.46814151323216024,0.08616625581245899,-0.32231372211199144,0.3021280914325047,0.4294559358742825,0.10361041567660143
natural,refit_per_N,tuned_per_N,NSL-KDD-K80n8,10000,4,83,fixed_300,QSVM_ZZ,0.7847919655667145,0.7866666666666666,0.8336996336996337,0.8076178470127414,30,0.2,1.0,0.3333333333333333,0.7363732705047911,0.7074835845519915,0.9494568512762265,0.3759126274669297,-0.1912213248065973,0.6617193291133293,0.5489133148808257,0.4160916225178395
natural,refit_per_N,tuned_per_N,NSL-KDD-K80n8,10000,4,83,fixed_300,QSVM_Z,0.8397435897435898,0.84,0.8645828523939241,0.8555220386295079,30,0.36666666666666664,1.0,0.5365853658536586,1.0277737249955854,0.9901528996984117,1.3219559566218813,0.5377304560134201,-0.15456729802723926,1.1497529328306795,1.043438086431907,0.5070106665105879
natural,refit_per_N,tuned_per_N,NSL-KDD-K80n8,10000,4,83,fixed_300,SVM_Linear,0.7925866452562559,0.7933333333333333,0.8242068155111634,0.8105443248840665,30,0.03333333333333333,1.0,0.06451612903225806,1.7216180614068441,2.0267845073368123,2.2556140272717276,1.408555837912649,-1.3325719219545922,0.7031478541662628,1.3364083037807808,0.6958287703064259
natural,refit_per_N,tuned_per_N,NSL-KDD-K80n8,10000,4,83,fixed_300,SVM_Poly2,0.8023649214484306,0.8033333333333333,0.8394756838905775,0.8218225203727882,30,0.1,1.0,0.18181818181818182,1.606152236386995,1.9099118724577029,1.9453317404860158,1.563065189447799,-0.6523572610528395,0.5768702103808847,0.7862302431492182,0.3744212072396142
natural,refit_per_N,tuned_per_N,NSL-KDD-K80n8,10000,4,83,fixed_300,SVM_RBF,0.7885314685314685,0.79,0.8318865740740741,0.8098464724685966,30,0.1,1.0,0.18181818181818182,1.202522344756586,1.2667005246279557,1.55802363296545,0.7894001316523557,-0.7217884871297728,0.5861828507412551,0.7857246242900514,0.497218030083874
natural,refit_per_N,tuned_per_N,NSL-KDD-K80n8,10000,4,83,fixed_300,RandomForest,0.8363593859580768,0.8366666666666667,0.8625,0.85252802665346,30,0.2,1.0,0.3333333333333333,0.3419808840383264,0.2985369024224138,0.4373684020346073,0.12158983533708388,-0.1644526265375923,0.23685746986414102,0.2587857537426361,0.1271851448299327
natural,refit_per_N,tuned_per_N,NSL-KDD-K80n8,10000,4,83,fixed_300,XGBoost,0.8363593859580768,0.8366666666666667,0.8625,0.85252802665346,30,0.2,1.0,0.3333333333333333,0.33615532457828523,0.3468562139958831,0.47951075494289397,0.058129780009785255,-0.2638128976027171,0.3556195164458363,0.4367845833301544,0.0726753960004036
natural,refit_per_N,tuned_per_N,NSL-KDD-K80n8,10000,4,83,full_test,QSVM_ZZ,0.7254148943132541,0.7287970191625266,0.7916477170989076,0.7587171620945616,2952,0.1842818428184282,1.0,0.3112128146453089,0.6328719372353352,0.767381432764251,0.9161788444922376,0.3873208969268102,-0.3609965162740357,0.6482573664009312,0.6507759054872044,0.35643627578063697
natural,refit_per_N,tuned_per_N,NSL-KDD-K80n8,10000,4,83,full_test,QSVM_Z,0.7970570877696981,0.7972853087295955,0.8252613588379177,0.8176094475948298,2952,0.3245257452574526,1.0,0.4900255754475703,0.8761616333433991,1.081826477156101,1.2728270589822632,0.5638430742161471,-0.3507801088197207,1.100669176034976,1.0404854791945826,0.5019056558779826
natural,refit_per_N,tuned_per_N,NSL-KDD-K80n8,10000,4,83,full_test,SVM_Linear,0.7406000241176385,0.741305890702626,0.7742907260680985,0.7631659133481901,2952,0.023373983739837397,1.0,0.04568023833167825,1.5126385472006685,2.11282861482411,2.1546677513496504,1.4524210861147528,-1.3420067562406608,0.6209143801111155,1.3565250991111553,0.5885205660856909
natural,refit_per_N,tuned_per_N,NSL-KDD-K80n8,10000,4,83,full_test,SVM_Poly2,0.7424867497176969,0.7445440028388929,0.7963356468205606,0.771721977332231,2952,0.03489159891598916,1.0,0.06743044189852701,1.329332053419404,1.981647665743274,1.8515123560186362,1.505308332171298,-0.886570605276617,0.4972011451516453,0.9401678254143707,0.38639471649631485
natural,refit_per_N,tuned_per_N,NSL-KDD-K80n8,10000,4,83,full_test,SVM_RBF,0.7325427097443866,0.7342973740241305,0.7804218954656488,0.7600912935700226,2952,0.054878048780487805,1.0,0.10404624277456648,0.9634817480165916,1.344840681447674,1.4748720509700768,0.749430430730612,-0.9862025759318984,0.6446876622203981,1.0133244068444172,0.6011583394475404
natural,refit_per_N,tuned_per_N,NSL-KDD-K80n8,10000,4,83,full_test,RandomForest,0.7812194948146755,0.7818931866572036,0.8190209133580818,0.8050165363835222,2952,0.13719512195121952,1.0,0.24128686327077747,0.28991341553759264,0.33743471960636395,0.42543855955429843,0.13005387556263745,-0.24886063249640142,0.2341572482881846,0.3080131370955051,0.1479497844168387
natural,refit_per_N,tuned_per_N,NSL-KDD-K80n8,10000,4,83,full_test,XGBoost,0.7828688434854736,0.7834457061745919,0.818775525624073,0.8060420074542175,2952,0.15548780487804878,1.0,0.2691292875989446,0.2857623241003669,0.3822341382657543,0.47061721249394295,0.07926210718519847,-0.3168032634145199,0.30475869625144525,0.42731259654207926,0.10318001496140893
natural,refit_per_N,tuned_per_N,NSL-KDD-K80n8,10000,5,83,fixed_300,QSVM_ZZ,0.771043771043771,0.7733333333333333,0.8227785717805924,0.7948764125883572,30,0.06666666666666667,1.0,0.125,0.7379658928079404,0.7240346948179038,0.9559641822043079,0.3936399123441686,-0.3630301794550134,0.46171573336258404,0.5178966408662284,0.2770476475430981
natural,refit_per_N,tuned_per_N,NSL-KDD-K80n8,10000,5,83,fixed_300,QSVM_Z,0.8699869986998701,0.87,0.8843891402714932,0.882468146413939,30,0.4666666666666667,1.0,0.6363636363636364,0.9975806929501088,0.9097010111964012,1.256308312116476,0.49438102069722034,-0.29655397527355226,1.0307669233935859,0.9355378617152543,0.5245890009427135
natural,refit_per_N,tuned_per_N,NSL-KDD-K80n8,10000,5,83,fixed_300,SVM_Linear,0.7924107142857143,0.7933333333333333,0.8272206710520089,0.8113097114042591,30,0.03333333333333333,1.0,0.06451612903225806,1.6359868571618137,1.8794301638618411,2.16329006713761,1.2364816307020867,-1.3208365025590318,0.6997692856136882,1.3286607417911809,0.6847968697384471
natural,refit_per_N,tuned_per_N,NSL-KDD-K80n8,10000,5,83,fixed_300,SVM_Poly2,0.8193496587715776,0.82,0.8524089306698003,0.8375579667732205,30,0.1,1.0,0.18181818181818182,1.4945842625855739,1.7151247590098844,1.8467982625646262,1.3284469256712723,-0.7277379243230145,0.6016359000535966,0.8541616153426702,0.40246264125564696
natural,refit_per_N,tuned_per_N,NSL-KDD-K80n8,10000,5,83,fixed_300,SVM_RBF,0.8021705357043064,0.8033333333333333,0.8428229665071771,0.8225879068929809,30,0.06666666666666667,1.0,0.125,1.3038814128110539,1.429666948371243,1.7095430724994958,0.9063756424398643,-0.9816280108279851,0.6145733180476332,0.9972755008244002,0.5888425004647894
natural,refit_per_N,tuned_per_N,NSL-KDD-K80n8,10000,5,83,fixed_300,RandomForest,0.822890559732665,0.8233333333333334,0.8514155336189235,0.8397865922290757,30,0.13333333333333333,1.0,0.23529411764705882,0.33112425071070734,0.31042868081289604,0.43748618071070733,0.12089283257133411,-0.24900000000000003,0.2304972884873052,0.314,0.12858460249967724
natural,refit_per_N,tuned_per_N,NSL-KDD-K80n8,10000,5,83,fixed_300,XGBoost,0.8261722232126939,0.8266666666666667,0.8563822334314137,0.8435459907253162,30,0.06666666666666667,1.0,0.125,0.33026743441820144,0.34604589987501067,0.4728029536207517,0.07267537481829871,-0.3597288946310679,0.23631741281040877,0.4237005094687144,0.07568801428130463
natural,refit_per_N,tuned_per_N,NSL-KDD-K80n8,10000,5,83,full_test,QSVM_ZZ,0.7105173299529896,0.7149574166075231,0.7840602167943345,0.7464232167186429,2952,0.06266937669376693,1.0,0.11794708320051005,0.6278055475295781,0.7967488841557674,0.9258126421245061,0.41451120804486696,-0.5376989845900219,0.4637158174559291,0.6382269027347683,0.3111574810502644
natural,refit_per_N,tuned_per_N,NSL-KDD-K80n8,10000,5,83,full_test,QSVM_Z,0.8091753933159267,0.8092175301632364,0.8302068516498783,0.8271382669264072,2952,0.36348238482384826,1.0,0.533167701863354,0.8511884575207295,1.00475709949587,1.207037320810957,0.526421433238977,-0.43398455426822846,0.9847387403703342,0.9682128616512709,0.4696986636798132
natural,refit_per_N,tuned_per_N,NSL-KDD-K80n8,10000,5,83,full_test,SVM_Linear,0.7403066814602364,0.7412615330021292,0.7780061915114851,0.7643169167688503,2952,0.025067750677506776,1.0,0.048909451421017845,1.426878545822352,1.9609800830587691,2.062000240901766,1.276550146763669,-1.3539348214374995,0.585864701212853,1.3684846771669732,0.5510232637443032
natural,refit_per_N,tuned_per_N,NSL-KDD-K80n8,10000,5,83,full_test,SVM_Poly2,0.7527925694559445,0.7544357700496807,0.8028533935257036,0.7806986116004939,2952,0.039634146341463415,1.0,0.07624633431085044,1.2129187803956811,1.7964818065700805,1.7512162502917128,1.2774038100334912,-0.9307205556177068,0.5314396985832592,0.9816526426494293,0.43014764332609107
natural,refit_per_N,tuned_per_N,NSL-KDD-K80n8,10000,5,83,full_test,SVM_RBF,0.7416114498191035,0.7437899219304471,0.7969027526194497,0.7712976155601954,2952,0.015582655826558265,1.0,0.030687124749833223,1.0208339187579725,1.5348802072437686,1.632237820075338,0.8565972443284772,-1.2809185452139242,0.7488778937433196,1.3053550233882985,0.7054209254943614
natural,refit_per_N,tuned_per_N,NSL-KDD-K80n8,10000,5,83,full_test,RandomForest,0.7690997342993461,0.7700496806245565,0.8106269632147557,0.7941627344925881,2952,0.06808943089430894,1.0,0.12749762131303521,0.2783309097304752,0.34901891885350955,0.42726365900839475,0.12933702764415453,-0.3220714769647696,0.20294174434640247,0.3588871951219512,0.12694632349984478
natural,refit_per_N,tuned_per_N,NSL-KDD-K80n8,10000,5,83,full_test,XGBoost,0.7718287816186771,0.7724893541518808,0.8081950298999083,0.7951908375378927,2952,0.07791327913279132,1.0,0.14456316781898176,0.2771908875232241,0.38417810946913244,0.4663906834155025,0.08311039853357628,-0.3687163816315695,0.24066426090331253,0.42984130449572877,0.09543327254697424
natural,refit_per_N,tuned_per_N,NSL-KDD-K80n8,10000,6,83,fixed_300,QSVM_ZZ,0.767830505052771,0.77,0.8172095761381475,0.7911170140921164,30,0.1,1.0,0.18181818181818182,0.6576246300483433,0.6936313105271936,0.8995250480378938,0.32318607170222785,-0.42211782421146415,0.4980053347900586,0.5894295263241934,0.28065210580648753
natural,refit_per_N,tuned_per_N,NSL-KDD-K80n8,10000,6,83,fixed_300,QSVM_Z,0.8532289628180039,0.8533333333333334,0.8731428571428572,0.8674980865336994,30,0.43333333333333335,1.0,0.6046511627906976,0.8566616605881571,0.771840197913884,1.1031812414549962,0.33555571868054335,-0.05903593716685001,1.1647879609416218,1.0853665293849721,0.42684392079837635
natural,refit_per_N,tuned_per_N,NSL-KDD-K80n8,10000,6,83,fixed_300,SVM_Linear,0.7891542743671839,0.79,0.8221561969439728,0.8075503129080186,30,0.03333333333333333,1.0,0.06451612903225806,1.6284893209922926,1.8694964465787767,2.14202375672176,1.2484905518249672,-1.2950574097931196,0.6727373815367962,1.2995972601774188,0.6639248756571747
natural,refit_per_N,tuned_per_N,NSL-KDD-K80n8,10000,6,83,fixed_300,SVM_Poly2,0.8125,0.8133333333333334,0.8485163977095262,0.8315699428211246,30,0.1,1.0,0.18181818181818182,1.2751487926744132,1.4518507752395606,1.63131558008606,1.0357048784239693,-0.7074039781842018,0.5419165666626397,0.8292539614542797,0.32623890170646724
natural,refit_per_N,tuned_per_N,NSL-KDD-K80n8,10000,6,83,fixed_300,SVM_RBF,0.8021705357043064,0.8033333333333333,0.8428229665071771,0.8225879068929809,30,0.06666666666666667,1.0,0.125,0.9448670333318179,0.9648401611046473,1.261130834175973,0.48294851304080716,-0.718375041447689,0.475847460501509,0.7218582086855562,0.4705467377359915
natural,refit_per_N,tuned_per_N,NSL-KDD-K80n8,10000,6,83,fixed_300,RandomForest,0.8295739348370927,0.83,0.8584000745017695,0.8465400027013641,30,0.16666666666666666,1.0,0.2857142857142857,0.33880341087472254,0.2980262075077706,0.4331448358789364,0.12646312795918074,-0.19965851803565576,0.2396340159599008,0.28676338764809906,0.12269777884644181
natural,refit_per_N,tuned_per_N,NSL-KDD-K80n8,10000,6,83,fixed_300,XGBoost,0.8331479421579533,0.8333333333333334,0.8550365164668596,0.8480032416370267,30,0.2,1.0,0.3333333333333333,0.3452999253074328,0.32286510921543315,0.46274255524079005,0.09666046107502604,-0.2125050812959671,0.308595604047373,0.33827055195967354,0.16112942031443664
natural,refit_per_N,tuned_per_N,NSL-KDD-K80n8,10000,6,83,full_test,QSVM_ZZ,0.7112574188741809,0.7156671398154719,0.7847135454527174,0.747109239295705,2952,0.058265582655826556,1.0,0.11011523687580026,0.5575133614290807,0.7454047139535679,0.8648404902358882,0.34423867040863065,-0.5850916079080112,0.447649832109485,0.6746637808703599,0.29589076466450076
natural,refit_per_N,tuned_per_N,NSL-KDD-K80n8,10000,6,83,full_test,QSVM_Z,0.8118270478286911,0.8119233498935415,0.8359869889895525,0.83099301441039,2952,0.36449864498644985,1.0,0.5342601787487586,0.7393558844066074,0.8438864018230419,1.0596905321563868,0.36857476724082866,-0.32463126049983565,1.0797090174118777,1.0399276018600616,0.4355543599412314
natural,refit_per_N,tuned_per_N,NSL-KDD-K80n8,10000,6,83,full_test,SVM_Linear,0.7365585899530551,0.7374467707594038,0.7727591931411768,0.7600643118181205,2952,0.02168021680216802,1.0,0.042440318302387266,1.423136098515389,1.9498038462155853,2.043232095936652,1.2854003250929291,-1.3325617557873979,0.5607880744253468,1.3444397912379464,0.5316819962542915
natural,refit_per_N,tuned_per_N,NSL-KDD-K80n8,10000,6,83,full_test,SVM_Poly2,0.7480454908075738,0.7499112845990064,0.8003959861563206,0.7767244824023329,2952,0.04200542005420054,1.0,0.08062418725617686,1.0233286080404225,1.5431339764080219,1.5561460201681674,1.0034308511768786,-0.8844949959401712,0.45215446484560196,0.934153610145343,0.3378344129532075
natural,refit_per_N,tuned_per_N,NSL-KDD-K80n8,10000,6,83,full_test,SVM_RBF,0.7457796457615493,0.747693399574166,0.7983418941160678,0.7745634386645559,2952,0.017276422764227643,1.0,0.03396603396603397,0.7640390508286026,1.0626985784596419,1.2218158504053,0.4693079666376747,-0.9735116718083869,0.5293523303619486,0.9849237335339411,0.5078032137830049
natural,refit_per_N,tuned_per_N,NSL-KDD-K80n8,10000,6,83,full_test,RandomForest,0.7784231148903733,0.7791430092264017,0.816822459116503,0.8024255258911956,2952,0.08909214092140921,1.0,0.1636080870917574,0.2879633058374724,0.33563487820256693,0.42023164053826173,0.13776431056488772,-0.2914437528137447,0.21588339661548353,0.33711771136394103,0.13377873774683252
natural,refit_per_N,tuned_per_N,NSL-KDD-K80n8,10000,6,83,full_test,XGBoost,0.7941766376128895,0.7943133427963094,0.8189903520720452,0.8134833499480743,2952,0.11856368563685638,1.0,0.21199273167777105,0.29482516699792477,0.366576356483854,0.4595610257145612,0.10051750032960555,-0.3281092466256483,0.2720917771906217,0.4065335038595083,0.1281410284636133
natural,refit_per_N,tuned_per_N,NSL-KDD-K80n8,10000,7,83,fixed_300,QSVM_ZZ,0.771043771043771,0.7733333333333333,0.8227785717805924,0.7948764125883572,30,0.13333333333333333,1.0,0.23529411764705882,0.699755339242338,0.7067473896648193,0.9284057718301968,0.3566680956135161,-0.38292517503078366,0.49477548919300873,0.5375098527495656,0.3201837481442143
natural,refit_per_N,tuned_per_N,NSL-KDD-K80n8,10000,7,83,fixed_300,QSVM_Z,0.8565885871196541,0.8566666666666667,0.8753420908593322,0.8704920985097474,30,0.36666666666666664,1.0,0.5365853658536586,0.9748110039710846,0.8837328577150017,1.2492786143448473,0.4129687651734157,-0.16163884310613622,1.130509534966604,1.0841666232652025,0.35883374597273554
natural,refit_per_N,tuned_per_N,NSL-KDD-K80n8,10000,7,83,fixed_300,SVM_Linear,0.7960116373688846,0.7966666666666666,0.8262743628185907,0.8135383368601143,30,0.06666666666666667,1.0,0.125,1.6878238166828181,1.985975203350767,2.2193535217115103,1.3664979656598804,-1.3426863303186671,0.7002996317262858,1.3538461231085723,0.6784738983663765
natural,refit_per_N,tuned_per_N,NSL-KDD-K80n8,10000,7,83,fixed_300,SVM_Poly2,0.7987117552334944,0.8,0.8409625822565925,0.819593894916933,30,0.1,1.0,0.18181818181818182,1.143565815359828,1.2810314375138276,1.48900875435228,0.8553579644924124,-0.6888850179221819,0.46418138795785197,0.7758125569520555,0.29688685609106463
natural,refit_per_N,tuned_per_N,NSL-KDD-K80n8,10000,7,83,fixed_300,SVM_RBF,0.7920021470746108,0.7933333333333333,0.8337576252461694,0.8128404844446446,30,0.03333333333333333,1.0,0.06451612903225806,0.9895159224162535,1.0800049723756306,1.3541594409752284,0.5583947613373822,-0.8184105148175077,0.509979373671403,0.8239559206841952,0.5009704313665576
natural,refit_per_N,tuned_per_N,NSL-KDD-K80n8,10000,7,83,fixed_300,RandomForest,0.8261722232126939,0.8266666666666667,0.8563822334314137,0.8435459907253162,30,0.13333333333333333,1.0,0.23529411764705882,0.3366183723332007,0.29941606885481337,0.4299149610001326,0.13466639220302212,-0.18914961000132605,0.23100476296009578,0.2654829433346594,0.1366000815236573
natural,refit_per_N,tuned_per_N,NSL-KDD-K80n8,10000,7,83,fixed_300,XGBoost,0.853307254623044,0.8533333333333334,0.8684890520875832,0.8659673134933141,30,0.26666666666666666,1.0,0.42105263157894735,0.34422375410795214,0.3213902318244814,0.45979873965183893,0.10181744948163952,-0.20939025580883025,0.3055865105607267,0.3450841039419174,0.13470098689680207
natural,refit_per_N,tuned_per_N,NSL-KDD-K80n8,10000,7,83,full_test,QSVM_ZZ,0.7076916946027283,0.7125621007806955,0.784840351625413,0.7447200964413272,2952,0.07317073170731707,1.0,0.13636363636363635,0.593133299484746,0.7762066808405302,0.9005215899289164,0.37863542941863043,-0.5489796458603659,0.48589511675603736,0.6576142433152187,0.3240620666558927
natural,refit_per_N,tuned_per_N,NSL-KDD-K80n8,10000,7,83,full_test,QSVM_Z,0.8183691026908861,0.8183995741660752,0.8389418510710367,0.8362305395669116,2952,0.3258807588075881,1.0,0.4915687276443536,0.8507623647933226,0.9639557135997638,1.197471103180196,0.46804933092438145,-0.30216598485591295,1.0997165595010672,1.0614535577620665,0.41712964214864795
natural,refit_per_N,tuned_per_N,NSL-KDD-K80n8,10000,7,83,full_test,SVM_Linear,0.7373425110547835,0.7381564939673527,0.7724593473004125,0.7604497115391937,2952,0.025745257452574527,1.0,0.05019815059445178,1.477678867937276,2.0651075405682193,2.114075291495041,1.406730127903098,-1.3434260475325548,0.6288117356219757,1.3581653504002753,0.5963091689861569
natural,refit_per_N,tuned_per_N,NSL-KDD-K80n8,10000,7,83,full_test,SVM_Poly2,0.7290685700498116,0.7320351312987935,0.7913511907933906,0.7611229834831637,2952,0.03523035230352303,1.0,0.06806282722513089,0.9115353030926481,1.3672899474111475,1.420111763741377,0.8268379451616502,-0.849786643248111,0.416482248014234,0.8834341661448523,0.3393211989278475
natural,refit_per_N,tuned_per_N,NSL-KDD-K80n8,10000,7,83,full_test,SVM_RBF,0.7418058627650993,0.7431689141234918,0.7858424811881951,0.7679588594764923,2952,0.016260162601626018,1.0,0.032,0.8012922614614506,1.1355450638061748,1.27614792228271,0.5504347015460576,-0.9645193148954838,0.41427101881183553,0.9778429391375364,0.38176062161086466
natural,refit_per_N,tuned_per_N,NSL-KDD-K80n8,10000,7,83,full_test,RandomForest,0.7677978303386428,0.7688520227111426,0.810991268094168,0.7933988560202603,2952,0.0921409214092141,1.0,0.1687344913151365,0.2849545900284631,0.33498242428721897,0.41295101670833473,0.15127392623708977,-0.2676891692001708,0.2262854234824695,0.3160477695095266,0.1515796542276415
natural,refit_per_N,tuned_per_N,NSL-KDD-K80n8,10000,7,83,full_test,XGBoost,0.7857088772307861,0.7858853797019163,0.8113972581392852,0.8053039512205874,2952,0.1524390243902439,1.0,0.26455026455026454,0.28783947953027644,0.3684008431790819,0.45509666802243953,0.10704097339893918,-0.29766876323194036,0.2867359227381256,0.39475830858396643,0.12243389970283244
natural,refit_per_N,tuned_per_N,NSL-KDD-K80n8,10000,8,83,fixed_300,QSVM_ZZ,0.7742562248003684,0.7766666666666666,0.8284313725490196,0.7986358110845977,30,0.16666666666666666,1.0,0.2857142857142857,0.7126524607273633,0.6862175914599327,0.9169741132001976,0.3713846904902624,-0.2961280869810479,0.4647853903659103,0.45981028521815986,0.3037956625829954
natural,refit_per_N,tuned_per_N,NSL-KDD-K80n8,10000,8,83,fixed_300,QSVM_Z,0.8699869986998701,0.87,0.8843891402714932,0.882468146413939,30,0.43333333333333335,1.0,0.6046511627906976,0.9982038507615548,0.8609513031283773,1.2447389957171542,0.4339042596872006,-0.031568425256793146,1.023573603841368,0.9458784837951091,0.39244538708903787
natural,refit_per_N,tuned_per_N,NSL-KDD-K80n8,10000,8,83,fixed_300,SVM_Linear,0.7925866452562559,0.7933333333333333,0.8242068155111634,0.8105443248840665,30,0.06666666666666667,1.0,0.125,1.654081356129622,1.8919860381620355,2.177182770445489,1.2551778700132463,-1.2747083750738433,0.7095405724837182,1.2894368963251162,0.6824087894212476
natural,refit_per_N,tuned_per_N,NSL-KDD-K80n8,10000,8,83,fixed_300,SVM_Poly2,0.8092348196655473,0.81,0.8433786078098472,0.827810544324884,30,0.1,1.0,0.18181818181818182,0.9424818014998179,1.057384679289707,1.2741968029858122,0.6186734303456668,-0.7744651150616776,0.4625130791797397,0.8713858136188919,0.23324091983089812
natural,refit_per_N,tuned_per_N,NSL-KDD-K80n8,10000,8,83,fixed_300,SVM_RBF,0.8227642095172276,0.8233333333333334,0.8543853073463268,0.8405519787492683,30,0.16666666666666666,1.0,0.2857142857142857,1.3199719470442697,1.2819558963454674,1.6336240322977569,0.8467640652849928,-0.6271157627727941,0.6830784442262726,0.7001530996339842,0.6079934028898774
natural,refit_per_N,tuned_per_N,NSL-KDD-K80n8,10000,8,83,fixed_300,RandomForest,0.8431224201426362,0.8433333333333334,0.866688156198195,0.8585160506055558,30,0.26666666666666666,1.0,0.42105263157894735,0.34494107560541026,0.2909535358069794,0.43275029716663066,0.1279276590131841,-0.1514148411394352,0.2582952586951636,0.27061484113943524,0.12810348370266963
natural,refit_per_N,tuned_per_N,NSL-KDD-K80n8,10000,8,83,fixed_300,XGBoost,0.8632953598221729,0.8633333333333333,0.8798146802325582,0.8764801224618433,30,0.3,1.0,0.46153846153846156,0.3558443027734757,0.307394803757488,0.4597953418890635,0.09851384050256466,-0.16402339140574138,0.3124139416730351,0.32086476882298787,0.14680580372755758
natural,refit_per_N,tuned_per_N,NSL-KDD-K80n8,10000,8,83,full_test,QSVM_ZZ,0.713118976731759,0.7173970901348474,0.7857525070128937,0.7486663371402358,2952,0.10298102981029811,1.0,0.18673218673218672,0.5993619297853385,0.7741617826087185,0.9033035601130774,0.3776292716606507,-0.5255851911607813,0.5398482155448143,0.6627003788001314,0.35847468102028823
natural,refit_per_N,tuned_per_N,NSL-KDD-K80n8,10000,8,83,full_test,QSVM_Z,0.8366305347457748,0.8366305890702626,0.8527934005060738,0.8529078179860847,2952,0.3509485094850949,1.0,0.5195586760280843,0.8830397450867927,0.9702919023758139,1.2180194403899176,0.487497907740388,-0.354273004306051,1.0816425448668363,1.0449020397684692,0.45126453852893605
natural,refit_per_N,tuned_per_N,NSL-KDD-K80n8,10000,8,83,full_test,SVM_Linear,0.7363989922118569,0.7373136976579134,0.7729930967271514,0.7600476332838964,2952,0.027777777777777776,1.0,0.05405405405405406,1.4488645151973212,1.973710561431043,2.0837497510316134,1.2855849792130039,-1.3436172605394692,0.5825007476136734,1.3584612368324425,0.5469895170967602
natural,refit_per_N,tuned_per_N,NSL-KDD-K80n8,10000,8,83,full_test,SVM_Poly2,0.7392219349426782,0.7408623136976579,0.786746793264419,0.7665466044907601,2952,0.041327913279132794,1.0,0.07937540663630449,0.761045028968505,1.1351567481691536,1.222661875094097,0.6106294442810847,-0.8808641624228104,0.3517767437144527,0.9202466104654292,0.22981454694181463
natural,refit_per_N,tuned_per_N,NSL-KDD-K80n8,10000,8,83,full_test,SVM_RBF,0.7791006999237431,0.7798083747338538,0.8173376366903409,0.8030475345126297,2952,0.05962059620596206,1.0,0.11253196930946291,1.0967171220642569,1.3930640484842445,1.5707251588263749,0.8223371355095663,-0.9888735321690594,0.7700812427307857,1.0200970654203587,0.7282156000464938
natural,refit_per_N,tuned_per_N,NSL-KDD-K80n8,10000,8,83,full_test,RandomForest,0.7938468964613772,0.7942246273953159,0.8261187347666059,0.8157978827417276,2952,0.15345528455284552,1.0,0.26607929515418505,0.2936629873528053,0.33419180291516803,0.4234220118005172,0.1365134103283159,-0.274354392965561,0.24218351465687724,0.3364698628795199,0.1439139294331735
natural,refit_per_N,tuned_per_N,NSL-KDD-K80n8,10000,8,83,full_test,XGBoost,0.8032969715075622,0.8034953867991483,0.8309890303660143,0.823690432346204,2952,0.13380758807588075,1.0,0.23603226770242008,0.3036014728256051,0.35722146429746854,0.45849509889523005,0.09779198916965257,-0.30350555467411755,0.26057362364868614,0.3776173241900881,0.131982542523505
natural,refit_per_N,tuned_per_N,NSL-KDD-K80n8,10000,9,83,fixed_300,QSVM_ZZ,0.7885314685314685,0.79,0.8318865740740741,0.8098464724685966,30,0.16666666666666666,1.0,0.2857142857142857,0.7323199403592469,0.7101663800062762,0.9479243305420497,0.37691941566520015,-0.3142651320052886,0.5118531638214223,0.5431874065532263,0.2563272827271443
natural,refit_per_N,tuned_per_N,NSL-KDD-K80n8,10000,9,83,fixed_300,QSVM_Z,0.8532746431906095,0.8533333333333334,0.8707387010149743,0.8667327000135068,30,0.43333333333333335,1.0,0.6046511627906976,0.9790700158425102,0.8596952500711724,1.2293139874817307,0.4317883035684926,-0.07949069906739027,1.1571375233340964,1.0542707100003297,0.4835279611164075
natural,refit_per_N,tuned_per_N,NSL-KDD-K80n8,10000,9,83,fixed_300,SVM_Linear,0.7960116373688846,0.7966666666666666,0.8262743628185907,0.8135383368601143,30,0.06666666666666667,1.0,0.125,1.724657381382602,2.0037165246468605,2.2422761114542222,1.400543049785375,-1.2985521261236528,0.7217121279908434,1.3106603486310127,0.699482287463924
natural,refit_per_N,tuned_per_N,NSL-KDD-K80n8,10000,9,83,fixed_300,SVM_Poly2,0.8125,0.8133333333333334,0.8485163977095262,0.8315699428211246,30,0.1,1.0,0.18181818181818182,1.8177856167816118,2.120365546908451,2.1900758200933126,1.7331654575767086,-0.7274654769575017,0.7369709168015034,0.9233054095818317,0.46887020913380706
natural,refit_per_N,tuned_per_N,NSL-KDD-K80n8,10000,9,83,fixed_300,SVM_RBF,0.8058035714285714,0.8066666666666666,0.8414178221570205,0.8248165323488361,30,0.2,1.0,0.3333333333333333,0.9198243648667496,0.9859544017584455,1.2650474154566735,0.4667311658714936,-0.7364828456931569,0.7128659590173048,0.8831751257000776,0.5201793487544504
natural,refit_per_N,tuned_per_N,NSL-KDD-K80n8,10000,9,83,fixed_300,RandomForest,0.846496106785317,0.8466666666666667,0.8688163152817969,0.8615100625816037,30,0.3,1.0,0.46153846153846156,0.3421115019251292,0.29642223433860976,0.434399538427791,0.12729281901774162,-0.16618151800640552,0.2571010792451101,0.27318151800640555,0.13816338189125796
natural,refit_per_N,tuned_per_N,NSL-KDD-K80n8,10000,9,83,fixed_300,XGBoost,0.846496106785317,0.8466666666666667,0.8688163152817969,0.8615100625816037,30,0.2,1.0,0.3333333333333333,0.3498663754264514,0.32525643340602345,0.46819231818119683,0.09483765772184861,-0.22597130636374155,0.35786131051286185,0.3992396761973699,0.14048284525712781
natural,refit_per_N,tuned_per_N,NSL-KDD-K80n8,10000,9,83,full_test,QSVM_ZZ,0.7231956286883856,0.7267122072391767,0.7903633151225811,0.7568358418899992,2952,0.14498644986449866,1.0,0.2532544378698225,0.6196120017278017,0.7823600284751306,0.9158760620724342,0.39645590645547346,-0.47136925553616293,0.5351401307660077,0.6367305528149568,0.3211512692376222
natural,refit_per_N,tuned_per_N,NSL-KDD-K80n8,10000,9,83,full_test,QSVM_Z,0.8084513601911165,0.8085078069552875,0.8303400169133905,0.8267403412530011,2952,0.3502710027100271,1.0,0.5188158554942298,0.8370189248580834,0.9760294493382533,1.1991369718009364,0.46400936348978555,-0.3664000908699952,1.1169331312976516,1.076932055360201,0.4711751208601433
natural,refit_per_N,tuned_per_N,NSL-KDD-K80n8,10000,9,83,full_test,SVM_Linear,0.7383317515857595,0.7391323633782825,0.7733445260139199,0.7613945583266959,2952,0.02710027100271003,1.0,0.052770448548812667,1.513751813329053,2.0838010563228346,2.1385125134681493,1.4354217583795006,-1.3269880562920957,0.6081523079903459,1.342565326478028,0.5729440421147647
natural,refit_per_N,tuned_per_N,NSL-KDD-K80n8,10000,9,83,full_test,SVM_Poly2,0.7474117200389268,0.7493346344925479,0.8004380025686844,0.7763056574061522,2952,0.039634146341463415,1.0,0.07624633431085044,1.4833563132152856,2.170644737447656,2.056000245600648,1.6385687407780378,-0.9631151482798344,0.5699841605952576,1.038654904773062,0.416735792758949
natural,refit_per_N,tuned_per_N,NSL-KDD-K80n8,10000,9,83,full_test,SVM_RBF,0.7500774120292169,0.7514194464158978,0.7951360613987548,0.7764583961887788,2952,0.10128726287262872,1.0,0.18394340203014456,0.7334510979721777,1.0885661113542133,1.2236626946478686,0.4749487357942372,-1.0160034349765992,0.6320880942179019,1.0664573724553001,0.5426481470271551
natural,refit_per_N,tuned_per_N,NSL-KDD-K80n8,10000,9,83,full_test,RandomForest,0.7918495078119363,0.7922285308729595,0.8239570319453688,0.8137439675924325,2952,0.17886178861788618,1.0,0.30344827586206896,0.2903444650046111,0.3377366029797437,0.425988301138951,0.12999957170645313,-0.26530643500253365,0.2443905722252242,0.3295513724837788,0.14666338718434063
natural,refit_per_N,tuned_per_N,NSL-KDD-K80n8,10000,9,83,full_test,XGBoost,0.7969782133239373,0.7972409510290986,0.8262592438870937,0.817908686256855,2952,0.14092140921409213,1.0,0.24703087885985747,0.30217648955489024,0.3702073328132996,0.4700258236082312,0.08625442162496842,-0.3250246937399311,0.30225092058929937,0.4296592204430239,0.11130869160181503
natural,refit_per_N,tuned_per_N,NSL-KDD-K80n8,10000,10,83,fixed_300,QSVM_ZZ,0.7607789844899426,0.7633333333333333,0.8135769459298872,0.7851289901400207,30,0.13333333333333333,1.0,0.23529411764705882,0.790160739706959,0.7831083439599815,1.0183105545703037,0.447946746170473,-0.29365919431252296,0.5342219539983758,0.5196793449172704,0.3186882442207108
natural,refit_per_N,tuned_per_N,NSL-KDD-K80n8,10000,10,83,fixed_300,QSVM_Z,0.8431224201426362,0.8433333333333334,0.866688156198195,0.8585160506055558,30,0.36666666666666664,1.0,0.5365853658536586,1.1235132832955432,1.1151399867119836,1.4380422471998153,0.6617052085136101,-0.27582825239202574,1.2786130508286822,1.1134103371560506,0.6864764960878982
natural,refit_per_N,tuned_per_N,NSL-KDD-K80n8,10000,10,83,fixed_300,SVM_Linear,0.7994294883223391,0.8,0.8283592545887628,0.8165323488361622,30,0.1,1.0,0.18181818181818182,1.7013419303778075,1.9608998462151759,2.229469021929228,1.3300979103834112,-1.3104788123314193,0.7159785478534663,1.326587466800202,0.6856717082427635
natural,refit_per_N,tuned_per_N,NSL-KDD-K80n8,10000,10,83,fixed_300,SVM_Poly2,0.8125,0.8133333333333334,0.8485163977095262,0.8315699428211246,30,0.1,1.0,0.18181818181818182,1.6778020358979449,1.9069480977918307,2.104859968226568,1.421631187577292,-0.779728632342965,0.7559271412539165,1.0198025370760313,0.3733702831681166
natural,refit_per_N,tuned_per_N,NSL-KDD-K80n8,10000,10,83,fixed_300,SVM_RBF,0.8059681520139168,0.8066666666666666,0.8383078730904818,0.8240511458286435,30,0.13333333333333333,1.0,0.23529411764705882,0.7609772174852292,0.9132834501125995,1.1400023097960696,0.33699810005511993,-0.8999306257544627,0.7027191864630551,1.007216615347809,0.5377769760425046
natural,refit_per_N,tuned_per_N,NSL-KDD-K80n8,10000,10,83,fixed_300,RandomForest,0.8329695781925082,0.8333333333333334,0.8604392033056316,0.8495340146774121,30,0.23333333333333334,1.0,0.3783783783783784,0.33211399352174154,0.31013002391414285,0.4390931344782585,0.11695108242339712,-0.2170719927316113,0.2450434683434279,0.30133865939827786,0.12791232840620917
natural,refit_per_N,tuned_per_N,NSL-KDD-K80n8,10000,10,83,fixed_300,XGBoost,0.8363593859580768,0.8366666666666667,0.8625,0.85252802665346,30,0.13333333333333333,1.0,0.23529411764705882,0.3322680537899335,0.34886947538594415,0.47664898484945295,0.07012642631276744,-0.34994337062040964,0.28340966213654284,0.43882443805535637,0.10106686795841402
natural,refit_per_N,tuned_per_N,NSL-KDD-K80n8,10000,10,83,full_test,QSVM_ZZ,0.7008277499516802,0.7048438608942512,0.7670831035937151,0.7349845748233188,2952,0.07723577235772358,1.0,0.14339622641509434,0.6701512632984009,0.8631778576345072,0.9882088508577628,0.4664997285072311,-0.5531524057588448,0.5375796511692635,0.6812426335505608,0.36177056207099134
natural,refit_per_N,tuned_per_N,NSL-KDD-K80n8,10000,10,83,full_test,QSVM_Z,0.7978917140468516,0.7981281050390348,0.8264246040281612,0.8185626677527734,2952,0.30657181571815717,1.0,0.46927663987555096,0.9506919536285005,1.216218218723355,1.3881001404069608,0.675410946351006,-0.5012092998325297,1.2170599172122318,1.1752723342829636,0.5926048806686736
natural,refit_per_N,tuned_per_N,NSL-KDD-K80n8,10000,10,83,full_test,SVM_Linear,0.7388861100507715,0.7396646557842441,0.7736015412024814,0.7618370510335783,2952,0.028116531165311653,1.0,0.05469522240527183,1.4954573958565973,2.038995661309052,2.1244268651251326,1.371388575274687,-1.3178961981586774,0.6120218358470313,1.332783358884922,0.578886547567044
natural,refit_per_N,tuned_per_N,NSL-KDD-K80n8,10000,10,83,full_test,SVM_Poly2,0.7494793786976925,0.7513307310149042,0.8019165669344741,0.7781591573181215,2952,0.04234417344173442,1.0,0.08124796880077997,1.340414195347692,1.9561767436768227,1.9701342854192092,1.3198138372541022,-0.9875144189862317,0.5519445515684552,1.0843121220797276,0.3226371609451951
natural,refit_per_N,tuned_per_N,NSL-KDD-K80n8,10000,10,83,full_test,SVM_RBF,0.7368670721274109,0.7379347054648687,0.7758449591460075,0.7613571850896745,2952,0.04573170731707317,1.0,0.08746355685131195,0.6076135771388261,1.0015894627557425,1.11665455642683,0.35420094951591613,-1.0585502532672681,0.5481053929667029,1.100168738388534,0.45888659553746325
natural,refit_per_N,tuned_per_N,NSL-KDD-K80n8,10000,10,83,full_test,RandomForest,0.7672235992840079,0.7683640880056778,0.8118288007022383,0.7932708963156632,2952,0.11314363143631437,1.0,0.20328667072428486,0.2762891052832513,0.3522194071372647,0.42978132233079575,0.12522857276970928,-0.3108064156134927,0.22102623077475755,0.35686267839956687,0.13454460763066983
natural,refit_per_N,tuned_per_N,NSL-KDD-K80n8,10000,10,83,full_test,XGBoost,0.7886483145902689,0.7889904187366927,0.8194658607606573,0.8100980769228763,2952,0.09688346883468835,1.0,0.1766522544780729,0.2846385805667335,0.3832738990827348,0.46941303214583097,0.08700234776593249,-0.3909101433809695,0.2392898013332535,0.4463061614108441,0.10431279646791025
natural,refit_per_N,tuned_per_N,NSL-KDD-K80n8,20000,1,166,fixed_300,QSVM_ZZ,0.7882851093860268,0.79,0.8354892044349349,0.8106118589887893,30,0.26666666666666666,1.0,0.42105263157894735,0.7725170267312222,0.7513287747207318,0.9982097713047169,0.4060230742024267,-0.20319660573856776,0.5606403479915073,0.5079370429400839,0.3124202630896347
natural,refit_per_N,tuned_per_N,NSL-KDD-K80n8,20000,1,166,fixed_300,QSVM_Z,0.866642958748222,0.8666666666666667,0.8820889432884537,0.8794741344378911,30,0.43333333333333335,1.0,0.6046511627906976,1.0674680816331554,0.9702930795022111,1.3363535770962256,0.5432456924979485,-0.030074138791460626,1.2929171784723115,1.1579667770952087,0.5758925484468315
natural,refit_per_N,tuned_per_N,NSL-KDD-K80n8,20000,1,166,fixed_300,SVM_Linear,0.7925866452562559,0.7933333333333333,0.8242068155111634,0.8105443248840665,30,0.03333333333333333,1.0,0.06451612903225806,1.765397127944159,2.0743369858107554,2.3027828783842206,1.4548855505078122,-1.3307406803848292,0.7285037430746594,1.334620321136864,0.7213716521415309
natural,refit_per_N,tuned_per_N,NSL-KDD-K80n8,20000,1,166,fixed_300,SVM_Poly2,0.8125,0.8133333333333334,0.8485163977095262,0.8315699428211246,30,0.1,1.0,0.18181818181818182,1.4090019053779774,1.5806327189176503,1.7772892447802071,1.151055646726245,-0.696180103172924,0.6119564789185474,0.8660795226685597,0.3302479804002587
natural,refit_per_N,tuned_per_N,NSL-KDD-K80n8,20000,1,166,fixed_300,SVM_RBF,0.8227642095172276,0.8233333333333334,0.8543853073463268,0.8405519787492683,30,0.03333333333333333,1.0,0.06451612903225806,1.607616093797079,1.5957506955207843,1.9569166217872143,1.1407572584311543,-0.8010061844058884,0.7226551249497459,0.8681456809241508,0.6404407964561248
natural,refit_per_N,tuned_per_N,NSL-KDD-K80n8,20000,1,166,fixed_300,RandomForest,0.8295739348370927,0.83,0.8584000745017695,0.8465400027013641,30,0.23333333333333334,1.0,0.3783783783783784,0.3373656304486677,0.30631445780953287,0.43829253037728916,0.12467467058969195,-0.19256166115231552,0.2647473535533042,0.29407752816521715,0.1438386665241767
natural,refit_per_N,tuned_per_N,NSL-KDD-K80n8,20000,1,166,fixed_300,XGBoost,0.846496106785317,0.8466666666666667,0.8688163152817969,0.8615100625816037,30,0.2,1.0,0.3333333333333333,0.34401781489451727,0.33297227499138016,0.47288376043240227,0.07483142386086214,-0.2784175544977188,0.29909681715620257,0.39094424148400625,0.11890265235038328
natural,refit_per_N,tuned_per_N,NSL-KDD-K80n8,20000,1,166,full_test,QSVM_ZZ,0.725104756053081,0.7284421575585521,0.7907289732229521,0.7582426283065355,2952,0.15176151761517614,1.0,0.2635294117647059,0.6630269893995113,0.8286184897180895,0.9659787012146299,0.4394297884469872,-0.44748070081155505,0.6298228187877922,0.6624626408634527,0.39756635939780005
natural,refit_per_N,tuned_per_N,NSL-KDD-K80n8,20000,1,166,full_test,QSVM_Z,0.8164487065454824,0.8164921930447125,0.8378941174640359,0.8346303270895272,2952,0.36077235772357724,1.0,0.5302464525765497,0.9183605452175096,1.0850707520896745,1.3069001171422274,0.5592644382278263,-0.2703084523676316,1.2502825307592111,1.1650882652167034,0.528055300510633
natural,refit_per_N,tuned_per_N,NSL-KDD-K80n8,20000,1,166,full_test,SVM_Linear,0.7370729303135903,0.7378903477643719,0.7722143364088006,0.760190887328754,2952,0.023712737127371274,1.0,0.04632693580410324,1.5508606567730763,2.15901590222334,2.200285764677157,1.4917308726908265,-1.3455725036836124,0.6314588974474699,1.358968494692057,0.602088309361147
natural,refit_per_N,tuned_per_N,NSL-KDD-K80n8,20000,1,166,full_test,SVM_Poly2,0.7518655346997296,0.7535929737402413,0.8029885005392732,0.7801086440602034,2952,0.04200542005420054,1.0,0.08062418725617686,1.1292746725455485,1.6613853493940474,1.679724142673845,1.1018118576928886,-0.8998119213651965,0.49436656448039,0.9663395603544735,0.3467674263840144
natural,refit_per_N,tuned_per_N,NSL-KDD-K80n8,20000,1,166,full_test,SVM_RBF,0.7748479768728945,0.7756831085876508,0.815051449549508,0.7994491156777956,2952,0.04234417344173442,1.0,0.08124796880077997,1.3067361376146918,1.7232341300953287,1.8657101128381792,1.0937188739922683,-1.2247969814763247,0.8963778585153986,1.254234736090177,0.8547023679942466
natural,refit_per_N,tuned_per_N,NSL-KDD-K80n8,20000,1,166,full_test,RandomForest,0.7722751949787539,0.7732434350603264,0.8146104492535031,0.7975692478738561,2952,0.1209349593495935,1.0,0.2157751586582049,0.28359772223975815,0.34634845648521834,0.42865046564511866,0.1290104634186511,-0.27877314580705953,0.239332727587668,0.3369491019856946,0.14649206117995248
natural,refit_per_N,tuned_per_N,NSL-KDD-K80n8,20000,1,166,full_test,XGBoost,0.7876362323516005,0.7879701916252662,0.8181420672705733,0.8089764826087503,2952,0.12466124661246612,1.0,0.2216867469879518,0.29224728608359846,0.3769842121723276,0.46990145380146714,0.08196460312651295,-0.3279210769124632,0.2733558213236982,0.4096563926375494,0.1201552233828109
natural,refit_per_N,tuned_per_N,NSL-KDD-K80n8,20000,2,166,fixed_300,QSVM_ZZ,0.7707246898039921,0.7733333333333333,0.8267077964077815,0.7956417991085498,30,0.2,1.0,0.3333333333333333,0.7765909483585974,0.7529529274708642,1.0072559371150251,0.39429315135566617,-0.23883165967177553,0.6855895899985699,0.6191038112545294,0.37918876363375786
natural,refit_per_N,tuned_per_N,NSL-KDD-K80n8,20000,2,166,fixed_300,QSVM_Z,0.8398861412560042,0.84,0.8594285714285714,0.8539912655891224,30,0.43333333333333335,1.0,0.6046511627906976,0.9884470443551561,0.954437983319936,1.295643793062036,0.4574785076898046,0.0036006468029585403,1.1887924586029346,1.0407903949251909,0.5744526334869344
natural,refit_per_N,tuned_per_N,NSL-KDD-K80n8,20000,2,166,fixed_300,SVM_Linear,0.7925866452562559,0.7933333333333333,0.8242068155111634,0.8105443248840665,30,0.03333333333333333,1.0,0.06451612903225806,1.677323581177402,1.9375057982093764,2.219070914140293,1.2818219034192317,-1.3406840005224987,0.7279737557328562,1.346439901133439,0.7172718947014358
natural,refit_per_N,tuned_per_N,NSL-KDD-K80n8,20000,2,166,fixed_300,SVM_Poly2,0.8090644156366193,0.81,0.8465995440729484,0.8285759308450767,30,0.1,1.0,0.18181818181818182,1.775672502786153,2.1017458430457303,2.149210043174779,1.7179186873154129,-0.6624451490845648,0.6846268952755072,0.8485454961220033,0.433033604113255
natural,refit_per_N,tuned_per_N,NSL-KDD-K80n8,20000,2,166,fixed_300,SVM_RBF,0.7987117552334944,0.8,0.8409625822565925,0.819593894916933,30,0.03333333333333333,1.0,0.06451612903225806,1.5142381598736596,1.645445292730808,1.8499980175712465,1.2561507676907266,-0.6852578714167095,0.7539451144230357,0.7183000529256325,0.7225348571992616
natural,refit_per_N,tuned_per_N,NSL-KDD-K80n8,20000,2,166,fixed_300,RandomForest,0.8193496587715776,0.82,0.8524089306698003,0.8375579667732205,30,0.2,1.0,0.3333333333333333,0.336694564261212,0.3052474880673602,0.43543048620130065,0.1301520274946938,-0.20638461009785644,0.2380421076701817,0.2787449830243242,0.14683285309519725
natural,refit_per_N,tuned_per_N,NSL-KDD-K80n8,20000,2,166,fixed_300,XGBoost,0.8363593859580768,0.8366666666666667,0.8625,0.85252802665346,30,0.13333333333333333,1.0,0.23529411764705882,0.3419964857896169,0.33351680271440026,0.46957474291324613,0.08771895350061226,-0.32865512669086455,0.2771174103735437,0.4115739017724991,0.12415786246584845
natural,refit_per_N,tuned_per_N,NSL-KDD-K80n8,20000,2,166,full_test,QSVM_ZZ,0.7222408781893408,0.725958126330731,0.7914336207552943,0.7564866358319606,2952,0.16361788617886178,1.0,0.2812227074235808,0.6719813697954824,0.8243020423638051,0.973872987516057,0.42732215316304784,-0.42848909120846057,0.6777028786541334,0.6899201971706099,0.4085268835178636
natural,refit_per_N,tuned_per_N,NSL-KDD-K80n8,20000,2,166,full_test,QSVM_Z,0.7898344289902599,0.7899219304471257,0.812378464203475,0.8082482521461847,2952,0.3492547425474255,1.0,0.5177002259603314,0.8453958292674684,1.070391763282328,1.2596932039316093,0.5230732902892281,-0.22553845270996828,1.1572499451605494,1.0799466933953021,0.4730857941742219
natural,refit_per_N,tuned_per_N,NSL-KDD-K80n8,20000,2,166,full_test,SVM_Linear,0.7384026109254326,0.7392210787792761,0.7737118317165472,0.7615726900472835,2952,0.022357723577235773,1.0,0.0437375745526839,1.4664124118780337,2.0209346612207906,2.117815519831285,1.3226487404429377,-1.371829822387491,0.6103120600177577,1.3844299958861326,0.5811638828123591
natural,refit_per_N,tuned_per_N,NSL-KDD-K80n8,20000,2,166,full_test,SVM_Poly2,0.7433155898553163,0.7454755145493258,0.7987317016281464,0.7730036406387568,2952,0.03997289972899729,1.0,0.07687296416938111,1.455390252861342,2.166629006288617,2.026329781756573,1.6451229907156981,-0.8792030501433736,0.530245830496513,0.9495731043994522,0.3904735119589233
natural,refit_per_N,tuned_per_N,NSL-KDD-K80n8,20000,2,166,full_test,SVM_RBF,0.7503884873915059,0.752040454222853,0.8001208479464976,0.778231408230873,2952,0.020663956639566397,1.0,0.04049120477928975,1.1992626499673522,1.7000187105232283,1.7407310441948125,1.1393638363192913,-1.1423711201231805,0.9835311574006135,1.1710344673442383,0.9492226240250897
natural,refit_per_N,tuned_per_N,NSL-KDD-K80n8,20000,2,166,full_test,RandomForest,0.7673953931069659,0.7684528034066714,0.8105827510185541,0.7929980937522676,2952,0.12669376693766937,1.0,0.2248947684906795,0.28278805920284683,0.3448272022526914,0.4240782522730362,0.13795840601492315,-0.285630970223595,0.23052099684387112,0.33530218317958205,0.14932323024824462
natural,refit_per_N,tuned_per_N,NSL-KDD-K80n8,20000,2,166,full_test,XGBoost,0.778785150260933,0.7793647977288858,0.8142752449333179,0.8018312011490367,2952,0.10365853658536585,1.0,0.1878453038674033,0.2864280158126392,0.37770461325421384,0.465282466895799,0.09063117077054947,-0.35822555765025016,0.25902759430569416,0.424253392338672,0.12421716409078434
natural,refit_per_N,tuned_per_N,NSL-KDD-K80n8,20000,3,166,fixed_300,QSVM_ZZ,0.7780667144906743,0.78,0.8263736263736263,0.8008644365404529,30,0.2,1.0,0.3333333333333333,0.8076522161765265,0.7787297727743365,1.031507086782275,0.4412655563467064,-0.24286282077266286,0.6534741724613028,0.6223513106121102,0.3141491524213102
natural,refit_per_N,tuned_per_N,NSL-KDD-K80n8,20000,3,166,fixed_300,QSVM_Z,0.8565885871196541,0.8566666666666667,0.8753420908593322,0.8704920985097474,30,0.4666666666666667,1.0,0.6363636363636364,1.090905221182347,0.990587650783706,1.3564569203797203,0.5756411370307476,0.06448650625763515,1.2641757346551217,1.1164002939842723,0.5966147678124997
natural,refit_per_N,tuned_per_N,NSL-KDD-K80n8,20000,3,166,fixed_300,SVM_Linear,0.7925866452562559,0.7933333333333333,0.8242068155111634,0.8105443248840665,30,0.06666666666666667,1.0,0.125,1.751295421754262,2.072002358737971,2.2897204100217383,1.4551322526846262,-1.3354682288051138,0.7550694389247549,1.345970174478604,0.7361858034219684
natural,refit_per_N,tuned_per_N,NSL-KDD-K80n8,20000,3,166,fixed_300,SVM_Poly2,0.8056213414361678,0.8066666666666666,0.8447018447018446,0.8255819188690288,30,0.1,1.0,0.18181818181818182,1.5541001998601796,1.80592765231423,1.9311552869461799,1.395435908344935,-0.662080228909009,0.5830440405536194,0.7872255825099687,0.3982040494258398
natural,refit_per_N,tuned_per_N,NSL-KDD-K80n8,20000,3,166,fixed_300,SVM_RBF,0.8532289628180039,0.8533333333333334,0.8731428571428572,0.8674980865336994,30,0.4666666666666667,1.0,0.6363636363636364,1.7354610986534658,1.5898411355884745,2.0249866434766632,1.199520385441557,-0.36159873375268153,1.0042672151939105,0.8180215299974771,0.6856727063442599
natural,refit_per_N,tuned_per_N,NSL-KDD-K80n8,20000,3,166,fixed_300,RandomForest,0.8329695781925082,0.8333333333333334,0.8604392033056316,0.8495340146774121,30,0.26666666666666666,1.0,0.42105263157894735,0.3462648386477998,0.2979305239493881,0.440749229022587,0.12000855261413192,-0.11973486666666669,0.28760564887622697,0.2822651333333333,0.13183262898658873
natural,refit_per_N,tuned_per_N,NSL-KDD-K80n8,20000,3,166,fixed_300,XGBoost,0.8363593859580768,0.8366666666666667,0.8625,0.85252802665346,30,0.2,1.0,0.3333333333333333,0.3423510006070137,0.3341147567845536,0.4725497731566429,0.07438810528189456,-0.23568763236204784,0.30017826051430696,0.36278532644112904,0.11850086519864064
natural,refit_per_N,tuned_per_N,NSL-KDD-K80n8,20000,3,166,full_test,QSVM_ZZ,0.7232883376365289,0.7266234918381831,0.7883885561594808,0.7563320354087568,2952,0.16023035230352303,1.0,0.2762043795620438,0.6841583164534849,0.8414158996103916,0.9892441110480391,0.44435279547495343,-0.4377698980834796,0.6719739965632909,0.7325428536844951,0.32645444282631275
natural,refit_per_N,tuned_per_N,NSL-KDD-K80n8,20000,3,166,full_test,QSVM_Z,0.8125899749672028,0.8126774308019872,0.8363616326647549,0.8316177914197516,2952,0.35907859078590787,1.0,0.5284147557328016,0.9483448268730298,1.1186633760489755,1.3282845653270738,0.6216315412557474,-0.26275289332935,1.2274006177438999,1.1242890178012033,0.558144751693194
natural,refit_per_N,tuned_per_N,NSL-KDD-K80n8,20000,3,166,full_test,SVM_Linear,0.7353472797082283,0.73624911284599,0.7716164528366125,0.7588870769188081,2952,0.02540650406504065,1.0,0.049554013875123884,1.5360866667281068,2.154127090141871,2.1884618129460662,1.486761803874369,-1.3674348277086943,0.6374797941129545,1.3828984294827498,0.6032001572174404
natural,refit_per_N,tuned_per_N,NSL-KDD-K80n8,20000,3,166,full_test,SVM_Poly2,0.7444351071099052,0.7465400993612491,0.7993501920054651,0.7739512558141863,2952,0.041666666666666664,1.0,0.08,1.235386811589393,1.8757625882697917,1.8154393184739803,1.322439390951557,-0.8725392136260708,0.49932988507251874,0.9225669080469111,0.39940620127696924
natural,refit_per_N,tuned_per_N,NSL-KDD-K80n8,20000,3,166,full_test,SVM_RBF,0.791615367565542,0.7920067423704755,0.8240243585166678,0.8136117870992849,2952,0.2997967479674797,1.0,0.4612978889757623,1.4008810099716702,1.7252579064230276,1.9126372985477615,1.1317247951592888,-0.9065519516142954,1.2025193809547403,1.1786340162610947,0.9373959452972366
natural,refit_per_N,tuned_per_N,NSL-KDD-K80n8,20000,3,166,full_test,RandomForest,0.7797993304783213,0.7805180979418027,0.8183565821772598,0.8038462906606876,2952,0.17784552845528456,1.0,0.30198446937014667,0.2905396769086378,0.3421808814160365,0.4304468997925741,0.1273441240253862,-0.24137112870649904,0.2784437044137981,0.341775515987532,0.13776942684131396
natural,refit_per_N,tuned_per_N,NSL-KDD-K80n8,20000,3,166,full_test,XGBoost,0.787888902641469,0.7883694109297374,0.8221400597742119,0.8105045805867013,2952,0.14498644986449866,1.0,0.2532544378698225,0.298236623027007,0.36801875564880465,0.46496349930197445,0.09050874068680034,-0.294633032688442,0.28272789155588673,0.38387914512780946,0.1392138159478719
natural,refit_per_N,tuned_per_N,NSL-KDD-K80n8,20000,4,166,fixed_300,QSVM_ZZ,0.781289606209132,0.7833333333333333,0.8319270015698588,0.8046238350366934,30,0.2,1.0,0.3333333333333333,0.7643066466280389,0.7616683202099914,1.006515542341937,0.38888268554337074,-0.3054482603495018,0.6632072631628667,0.6557020937408223,0.32124333133377087
natural,refit_per_N,tuned_per_N,NSL-KDD-K80n8,20000,4,166,fixed_300,QSVM_Z,0.8498648783905515,0.85,0.8709677419354839,0.8645040745576515,30,0.4,1.0,0.5714285714285714,1.0428310051913101,1.0118711017131135,1.3453563497657919,0.548995377043644,-0.2206679943197562,1.173599604193333,1.0346640797134763,0.5962387414706606
natural,refit_per_N,tuned_per_N,NSL-KDD-K80n8,20000,4,166,fixed_300,SVM_Linear,0.7891542743671839,0.79,0.8221561969439728,0.8075503129080186,30,0.03333333333333333,1.0,0.06451612903225806,1.7850110469277594,2.126865535658272,2.3488469497837907,1.4807901441178173,-1.3935071816186615,0.7473916554836018,1.396303778208867,0.7421538323480835
natural,refit_per_N,tuned_per_N,NSL-KDD-K80n8,20000,4,166,fixed_300,SVM_Poly2,0.8126589053927473,0.8133333333333334,0.845358401880141,0.830804556300932,30,0.1,1.0,0.18181818181818182,1.4286268618553102,1.6287603174718743,1.7633281816206663,1.2587726586194936,-0.6446817833241635,0.5584873714671726,0.7767847843395751,0.3523182434346187
natural,refit_per_N,tuned_per_N,NSL-KDD-K80n8,20000,4,166,fixed_300,SVM_RBF,0.8329695781925082,0.8333333333333334,0.8604392033056316,0.8495340146774121,30,0.3333333333333333,1.0,0.5,1.7738704561235599,1.8157717170564378,2.101013261556265,1.424565406829323,-0.5774585840829565,0.8691303039083866,0.7088287780825044,0.7657725934407947
natural,refit_per_N,tuned_per_N,NSL-KDD-K80n8,20000,4,166,fixed_300,RandomForest,0.8363593859580768,0.8366666666666667,0.8625,0.85252802665346,30,0.26666666666666666,1.0,0.42105263157894735,0.3404556644609952,0.30140155427622,0.437317890264912,0.12452316747475299,-0.17185021410245221,0.24544088062216404,0.26267158931990775,0.14414353309044342
natural,refit_per_N,tuned_per_N,NSL-KDD-K80n8,20000,4,166,fixed_300,XGBoost,0.8397435897435898,0.84,0.8645828523939241,0.8555220386295079,30,0.26666666666666666,1.0,0.42105263157894735,0.3399837358792623,0.34257962723719326,0.4777234103282293,0.06877561257277567,-0.24716515044371287,0.35434295684545836,0.4185799866914749,0.10695951290656783
natural,refit_per_N,tuned_per_N,NSL-KDD-K80n8,20000,4,166,full_test,QSVM_ZZ,0.7272026014948679,0.7304826117814053,0.792730075335607,0.7602478238404629,2952,0.17682926829268292,1.0,0.3005181347150259,0.6579005201275806,0.833396049424309,0.9785448810725291,0.41210676445180583,-0.4477044668776857,0.6733724303409601,0.7328936558195425,0.3416673950862012
natural,refit_per_N,tuned_per_N,NSL-KDD-K80n8,20000,4,166,full_test,QSVM_Z,0.8017861671960291,0.8019872249822569,0.8294541487892793,0.8221653073761579,2952,0.3313008130081301,1.0,0.49770992366412214,0.8859382036355068,1.1246428480338442,1.3010912454652905,0.5973856436743054,-0.4151812422322519,1.1152874432561106,1.0280435530826033,0.5994731002735355
natural,refit_per_N,tuned_per_N,NSL-KDD-K80n8,20000,4,166,full_test,SVM_Linear,0.7384895040446006,0.7392654364797729,0.7731182525528305,0.7614112368609199,2952,0.02032520325203252,1.0,0.0398406374501992,1.5658734030159995,2.216084204419256,2.24480344214663,1.5244166823661025,-1.4099500251569708,0.65818790680762,1.4243106408617252,0.6265058598576714
natural,refit_per_N,tuned_per_N,NSL-KDD-K80n8,20000,4,166,full_test,SVM_Poly2,0.7460896472532803,0.7480482611781405,0.7993404745049837,0.7750755503095808,2952,0.034552845528455285,1.0,0.06679764243614932,1.1657445330699778,1.7084351435323315,1.6723975046623862,1.2168802498347577,-0.8522060242366444,0.4822557750344137,0.9036074661552793,0.3772522861530555
natural,refit_per_N,tuned_per_N,NSL-KDD-K80n8,20000,4,166,full_test,SVM_RBF,0.7736329532686178,0.7744410929737402,0.8131462901993162,0.798019977537862,2952,0.22764227642276422,1.0,0.3708609271523179,1.4330095826275635,1.8806605826550975,1.9596873255483296,1.3228855873204868,-0.9595674338310636,0.9522480124991173,1.0392606049433284,0.8645711841083292
natural,refit_per_N,tuned_per_N,NSL-KDD-K80n8,20000,4,166,full_test,RandomForest,0.7762534718522935,0.7770581973030518,0.8160604639789111,0.8007195690192933,2952,0.15887533875338752,1.0,0.2741888336743642,0.28820133465297776,0.34121786356046363,0.42693927690945266,0.13119639301657074,-0.2575865111874299,0.24265822997099049,0.32192577817904705,0.14696128967242028
natural,refit_per_N,tuned_per_N,NSL-KDD-K80n8,20000,4,166,full_test,XGBoost,0.7845088144842854,0.7850425833924769,0.8196327291383966,0.8074195893841969,2952,0.1802168021680217,1.0,0.30539609644087257,0.2909834479279895,0.37801123889993593,0.4697521057500748,0.08304711220804731,-0.3085954536994298,0.30001212577129777,0.4114563597169349,0.12626200419072336
natural,refit_per_N,tuned_per_N,NSL-KDD-K80n8,20000,5,166,fixed_300,QSVM_ZZ,0.771043771043771,0.7733333333333333,0.8227785717805924,0.7948764125883572,30,0.16666666666666666,1.0,0.2857142857142857,0.7701761316408444,0.7864751800863612,1.018823954824419,0.4167879937294976,-0.29577437439907134,0.713854838157071,0.6726541922589069,0.3802729916098927
natural,refit_per_N,tuned_per_N,NSL-KDD-K80n8,20000,5,166,fixed_300,QSVM_Z,0.8599439775910365,0.86,0.8775658822993946,0.8734861104857953,30,0.4,1.0,0.5714285714285714,1.2605761941388192,1.1619846427601876,1.5467941927945157,0.7393837815216083,-0.10687179737889795,1.2610676207856515,1.1234580751532985,0.5827135476731473
natural,refit_per_N,tuned_per_N,NSL-KDD-K80n8,20000,5,166,fixed_300,SVM_Linear,0.7891542743671839,0.79,0.8221561969439728,0.8075503129080186,30,0.03333333333333333,1.0,0.06451612903225806,1.7616629706715659,2.0681120178430223,2.300112057406286,1.4456930047407464,-1.3270675027015293,0.747522167978497,1.3339539738444914,0.7351628010245317
natural,refit_per_N,tuned_per_N,NSL-KDD-K80n8,20000,5,166,fixed_300,SVM_Poly2,0.8058035714285714,0.8066666666666666,0.8414178221570205,0.8248165323488361,30,0.1,1.0,0.18181818181818182,1.6015470545614563,1.9102822389560792,1.951199511321078,1.5514353571663608,-0.7325445239779375,0.6223714035330407,0.8506658404094419,0.4475882834774024
natural,refit_per_N,tuned_per_N,NSL-KDD-K80n8,20000,5,166,fixed_300,SVM_RBF,0.8159283347650018,0.8166666666666667,0.8504527447651387,0.8345639547971726,30,0.03333333333333333,1.0,0.06451612903225806,1.6955104059230466,1.6920071385598316,2.043773485205976,1.249253230814226,-0.7213028920261825,0.6661034930580095,0.7654844239248468,0.614821374252605
natural,refit_per_N,tuned_per_N,NSL-KDD-K80n8,20000,5,166,fixed_300,RandomForest,0.8261722232126939,0.8266666666666667,0.8563822334314137,0.8435459907253162,30,0.2,1.0,0.3333333333333333,0.33219906947349254,0.3105647414575066,0.4381764188850851,0.12168856285068318,-0.2204146626970084,0.25939666588392085,0.3120945407837162,0.13589058619540875
natural,refit_per_N,tuned_per_N,NSL-KDD-K80n8,20000,5,166,fixed_300,XGBoost,0.8227642095172276,0.8233333333333334,0.8543853073463268,0.8405519787492683,30,0.13333333333333333,1.0,0.23529411764705882,0.3301753744482994,0.34662613179782137,0.4719782003760338,0.0800126959113106,-0.2949416230122248,0.29679537601829326,0.40347671806812285,0.11083588853752167
natural,refit_per_N,tuned_per_N,NSL-KDD-K80n8,20000,5,166,full_test,QSVM_ZZ,0.7267904485669769,0.730083392476934,0.7923572589394576,0.7598595875248031,2952,0.16463414634146342,1.0,0.28272251308900526,0.6648434469932181,0.8536585897052669,0.9868881462887102,0.4436232449976475,-0.46483037827113755,0.7004531459872861,0.7444349086417232,0.3905362429823438
natural,refit_per_N,tuned_per_N,NSL-KDD-K80n8,20000,5,166,full_test,QSVM_Z,0.8003758257010591,0.8005234208658624,0.8260046610319542,0.8200152689834318,2952,0.3428184281842818,1.0,0.5105953582240161,1.080023328700717,1.2436649975180838,1.463234781283266,0.7563709350790422,-0.2665212788881926,1.17679272989631,1.094169786945962,0.5085933528582884
natural,refit_per_N,tuned_per_N,NSL-KDD-K80n8,20000,5,166,full_test,SVM_Linear,0.7356170815494265,0.7365152590489709,0.7718616733589743,0.7591459011292478,2952,0.02710027100271003,1.0,0.052770448548812667,1.5439196135920836,2.151781329246805,2.197466706544866,1.4781714162289623,-1.3666666210832714,0.6282933497934696,1.3812058404497718,0.5956514189400588
natural,refit_per_N,tuned_per_N,NSL-KDD-K80n8,20000,5,166,full_test,SVM_Poly2,0.7500526072092479,0.751818665720369,0.8013792026495323,0.7783873246413817,2952,0.037601626016260166,1.0,0.07247796278158668,1.308560329252185,1.9669514005776796,1.8325748794969527,1.4909383818802884,-0.9096182144430077,0.4834588792859721,0.956531763913505,0.3823411678481046
natural,refit_per_N,tuned_per_N,NSL-KDD-K80n8,20000,5,166,full_test,SVM_RBF,0.7625133055656366,0.7636621717530163,0.8065010904186685,0.7884144136783464,2952,0.019986449864498646,1.0,0.03918963799402192,1.3697124849510875,1.7892194231237126,1.9084232559341645,1.1980563892086542,-1.106001836493007,0.8707275318080119,1.1297495421421515,0.8396859347422558
natural,refit_per_N,tuned_per_N,NSL-KDD-K80n8,20000,5,166,full_test,RandomForest,0.7696223086621721,0.7705376153300213,0.8105928998323202,0.794503635386844,2952,0.12703252032520326,1.0,0.2254283137962128,0.2816950852259006,0.3451193069762684,0.42496952465299265,0.13364265862521854,-0.2892802642695639,0.23007445539043037,0.34242571430303675,0.13914724755857338
natural,refit_per_N,tuned_per_N,NSL-KDD-K80n8,20000,5,166,full_test,XGBoost,0.7784050948750844,0.7789212207239177,0.8124497488491058,0.800965594450764,2952,0.11348238482384825,1.0,0.20383328262853667,0.28662333317957633,0.37865208280574686,0.4660551940322959,0.09122988025652373,-0.3316185935160655,0.2609913727855445,0.4042842490320929,0.12100262070969042
natural,refit_per_N,tuned_per_N,NSL-KDD-K80n8,20000,6,166,fixed_300,QSVM_ZZ,0.7954644521688592,0.7966666666666666,0.8356459330143541,0.8158344964206925,30,0.2,1.0,0.3333333333333333,0.810326063384839,0.7710789296723919,1.030937690633136,0.43400290646205114,-0.3211134270334507,0.5858220192370477,0.5865913099475674,0.3197059685682081
natural,refit_per_N,tuned_per_N,NSL-KDD-K80n8,20000,6,166,fixed_300,QSVM_Z,0.8632953598221729,0.8633333333333333,0.8798146802325582,0.8764801224618433,30,0.4666666666666667,1.0,0.6363636363636364,1.1238515889661147,1.0277305263738727,1.3930804520517355,0.6153042198569024,0.22929712077814007,1.6172202190869485,1.388778217259945,0.8598101359515771
natural,refit_per_N,tuned_per_N,NSL-KDD-K80n8,20000,6,166,fixed_300,SVM_Linear,0.7925866452562559,0.7933333333333333,0.8242068155111634,0.8105443248840665,30,0.03333333333333333,1.0,0.06451612903225806,1.7260400198914787,1.9950873764449584,2.266255469605809,1.3504347212652514,-1.3464529078393541,0.7178326885855162,1.3511633339486884,0.7089265454358639
natural,refit_per_N,tuned_per_N,NSL-KDD-K80n8,20000,6,166,fixed_300,SVM_Poly2,0.8092348196655473,0.81,0.8433786078098472,0.827810544324884,30,0.1,1.0,0.18181818181818182,1.0351555813413191,1.166564007525566,1.3795462043492024,0.7275100901718836,-0.7767585631505999,0.4750308457253573,0.8756716888004353,0.2494138393348017
natural,refit_per_N,tuned_per_N,NSL-KDD-K80n8,20000,6,166,fixed_300,SVM_RBF,0.7987117552334944,0.8,0.8409625822565925,0.819593894916933,30,0.06666666666666667,1.0,0.125,1.2196372979101973,1.2100843674051884,1.5054340650711966,0.8279417796048918,-0.5394022409456192,0.6229122270897091,0.6007454393399916,0.5639852279157828
natural,refit_per_N,tuned_per_N,NSL-KDD-K80n8,20000,6,166,fixed_300,RandomForest,0.8261722232126939,0.8266666666666667,0.8563822334314137,0.8435459907253162,30,0.26666666666666666,1.0,0.42105263157894735,0.34547552973170553,0.29431512247482333,0.43402083717928824,0.1326674257493625,-0.15953883048102033,0.25978552532767196,0.2679210174869361,0.1454630055711454
natural,refit_per_N,tuned_per_N,NSL-KDD-K80n8,20000,6,166,fixed_300,XGBoost,0.8532289628180039,0.8533333333333334,0.8731428571428572,0.8674980865336994,30,0.23333333333333334,1.0,0.3783783783783784,0.3512198175986608,0.32351748760861054,0.4685349140564601,0.09216267884957362,-0.2545375168323517,0.3217579912634404,0.382798832654953,0.14758931578901366
natural,refit_per_N,tuned_per_N,NSL-KDD-K80n8,20000,6,166,full_test,QSVM_ZZ,0.7356232750299706,0.7382008516678495,0.7947309365172117,0.7665762864239307,2952,0.14566395663956638,1.0,0.25428740390301596,0.6957760244699456,0.8486234985835314,1.0007397024127518,0.45031785062352575,-0.4984688474010113,0.6174554504652612,0.7077783417294462,0.3588484974432339
natural,refit_per_N,tuned_per_N,NSL-KDD-K80n8,20000,6,166,full_test,QSVM_Z,0.8161348032062581,0.8161816891412349,0.8377929066919867,0.8343951705897894,2952,0.3628048780487805,1.0,0.5324384787472036,0.9625948880130545,1.14624313118785,1.3448527922482438,0.6571401687663707,-0.16536396524675254,1.5487336420528939,1.3399450342046157,0.7940204281622366
natural,refit_per_N,tuned_per_N,NSL-KDD-K80n8,20000,6,166,full_test,SVM_Linear,0.7371329757289187,0.7379790631653655,0.7727381275090681,0.760419122858673,2952,0.021341463414634148,1.0,0.041791044776119404,1.5120091958793291,2.0801688765259225,2.1645288964660847,1.3885564517347098,-1.3827570094871635,0.6038477996631192,1.3952666227020076,0.5743519513483065
natural,refit_per_N,tuned_per_N,NSL-KDD-K80n8,20000,6,166,full_test,SVM_Poly2,0.741763080836281,0.7434350603264727,0.7901817400360978,0.7693324934445577,2952,0.041666666666666664,1.0,0.08,0.8366307857471862,1.2534221031926187,1.325125635674158,0.7176768702632967,-0.8968856239413312,0.37444227557845156,0.9378506934046335,0.25504297099400414
natural,refit_per_N,tuned_per_N,NSL-KDD-K80n8,20000,6,166,full_test,SVM_RBF,0.7498776688098938,0.7516412349183819,0.8011336490657501,0.7781938985805336,2952,0.028455284552845527,1.0,0.05533596837944664,0.9793831130308019,1.324514255265275,1.442563715028508,0.7953233446680541,-0.9491099357909953,0.8055672077224211,0.9722380849520944,0.7774968183494834
natural,refit_per_N,tuned_per_N,NSL-KDD-K80n8,20000,6,166,full_test,RandomForest,0.7755938764123887,0.7764371894960965,0.8160607722839655,0.8002743079244832,2952,0.15345528455284552,1.0,0.26607929515418505,0.2906756827908074,0.3393793481684818,0.4259839863295765,0.1349382744810711,-0.2675730525836355,0.2542954820818877,0.33912006163950914,0.14580505639311742
natural,refit_per_N,tuned_per_N,NSL-KDD-K80n8,20000,6,166,full_test,XGBoost,0.8011449533854544,0.8013662171753017,0.8294465076930225,0.8217450981860135,2952,0.14532520325203252,1.0,0.25377107364685003,0.3010464538499512,0.3708150683612819,0.46969376109683236,0.08672112249114852,-0.3333610522088804,0.28276082090282917,0.41450816672547725,0.138802927509969
natural,refit_per_N,tuned_per_N,NSL-KDD-K80n8,20000,7,166,fixed_300,QSVM_ZZ,0.7850521696296628,0.7866666666666666,0.8300324439494455,0.8068524604925487,30,0.23333333333333334,1.0,0.3783783783783784,0.7796651123746847,0.7302006029540454,0.9901635691714584,0.40080757764084235,-0.20229395103709916,0.6362515130527396,0.5588217709384626,0.3653177504766246
natural,refit_per_N,tuned_per_N,NSL-KDD-K80n8,20000,7,166,fixed_300,QSVM_Z,0.846496106785317,0.8466666666666667,0.8688163152817969,0.8615100625816037,30,0.36666666666666664,1.0,0.5365853658536586,1.0836659729117908,0.986339254153756,1.367683642219182,0.5259643713575272,-0.0971037282160932,1.2224622040846718,1.135234877388536,0.4637723014687862
natural,refit_per_N,tuned_per_N,NSL-KDD-K80n8,20000,7,166,fixed_300,SVM_Linear,0.7891542743671839,0.79,0.8221561969439728,0.8075503129080186,30,0.03333333333333333,1.0,0.06451612903225806,1.7610079413524928,2.072273516862142,2.3049137793254935,1.4432044096628198,-1.344357573891268,0.7443110127804078,1.3497313308641963,0.734521275871964
natural,refit_per_N,tuned_per_N,NSL-KDD-K80n8,20000,7,166,fixed_300,SVM_Poly2,0.8090644156366193,0.81,0.8465995440729484,0.8285759308450767,30,0.1,1.0,0.18181818181818182,1.4354694364756952,1.6272800859623466,1.7890861325016976,1.227918479263013,-0.6723216382567682,0.552376390083928,0.7908719561052941,0.3628465386862638
natural,refit_per_N,tuned_per_N,NSL-KDD-K80n8,20000,7,166,fixed_300,SVM_RBF,0.8295739348370927,0.83,0.8584000745017695,0.8465400027013641,30,0.3,1.0,0.46153846153846156,1.4452237569030337,1.3466398057741833,1.7373358031967663,0.940092963989784,-0.44977196883228127,0.8128603319936499,0.7625394477857057,0.5306320135901758
natural,refit_per_N,tuned_per_N,NSL-KDD-K80n8,20000,7,166,fixed_300,RandomForest,0.8193496587715776,0.82,0.8524089306698003,0.8375579667732205,30,0.13333333333333333,1.0,0.23529411764705882,0.3338052892998089,0.3103647593288555,0.4393013773668578,0.12151771410526559,-0.21674710700191144,0.23493440556357434,0.2875471070019114,0.1396071078636019
natural,refit_per_N,tuned_per_N,NSL-KDD-K80n8,20000,7,166,fixed_300,XGBoost,0.8431224201426362,0.8433333333333334,0.866688156198195,0.8585160506055558,30,0.16666666666666666,1.0,0.2857142857142857,0.3402228582898776,0.3379565855302315,0.4737630406022072,0.07426189039836087,-0.2910947412252426,0.31286236008686374,0.4156072904666265,0.09944639178523514
natural,refit_per_N,tuned_per_N,NSL-KDD-K80n8,20000,7,166,full_test,QSVM_ZZ,0.7284707509291419,0.7316359119943222,0.7929782850466227,0.7611856814514871,2952,0.17750677506775067,1.0,0.30149597238204834,0.6683357566599267,0.8115580094151124,0.9628149798971729,0.4222397432284442,-0.41064847109495095,0.6480532636252487,0.6608245493119097,0.3897641778494636
natural,refit_per_N,tuned_per_N,NSL-KDD-K80n8,20000,7,166,full_test,QSVM_Z,0.8104257920735736,0.8105482611781405,0.8356887415979497,0.8299856060678827,2952,0.32926829268292684,1.0,0.4954128440366973,0.9310707444561674,1.1046489906097872,1.3279726379797627,0.5688855740959284,-0.3347272295590813,1.2386710387487816,1.1838572866062522,0.4948031784382204
natural,refit_per_N,tuned_per_N,NSL-KDD-K80n8,20000,7,166,full_test,SVM_Linear,0.7363346195106875,0.737180624556423,0.7718465066728155,0.7595925464180218,2952,0.0260840108401084,1.0,0.050841862000660286,1.5416375540624625,2.156705061481902,2.201282937088624,1.4772868716670526,-1.3661249967985918,0.6411214483745684,1.3809843015700989,0.6084542523976662
natural,refit_per_N,tuned_per_N,NSL-KDD-K80n8,20000,7,166,full_test,SVM_Poly2,0.7421014095883433,0.7443222143364088,0.7980669150538975,0.7719781013614024,2952,0.03421409214092141,1.0,0.06616442843105143,1.154934832226317,1.6976604240987054,1.6889703665079596,1.1676063049241368,-0.8629516148287004,0.4685175692179668,0.9081160063472559,0.37352312005722604
natural,refit_per_N,tuned_per_N,NSL-KDD-K80n8,20000,7,166,full_test,SVM_RBF,0.7813902339221169,0.7820262597586941,0.8184107997356096,0.8049330072990835,2952,0.2181571815718157,1.0,0.3581757508342603,1.1649786270386293,1.4701702505141383,1.644194795436817,0.902883847242876,-0.8780349767479765,1.0028787527589647,1.0687649646061492,0.7965253690615338
natural,refit_per_N,tuned_per_N,NSL-KDD-K80n8,20000,7,166,full_test,RandomForest,0.7609227967592069,0.7622870830376153,0.8081778224527261,0.7878579396198223,2952,0.09823848238482384,1.0,0.17890191239975323,0.2797359912250266,0.3497339848386283,0.4287075062645257,0.12952204063481132,-0.28883268979495125,0.22618262812476064,0.33599177448093637,0.14728350702221193
natural,refit_per_N,tuned_per_N,NSL-KDD-K80n8,20000,7,166,full_test,XGBoost,0.7807448332812885,0.781360894251242,0.8172562310124434,0.8041231093926564,2952,0.1348238482384824,1.0,0.23761194029850746,0.28427768853341673,0.3846172761950311,0.4716482005254587,0.07932356703202281,-0.34368387550155965,0.2748411089038181,0.42187225264383527,0.1252199819216885
natural,refit_per_N,tuned_per_N,NSL-KDD-K80n8,20000,8,166,fixed_300,QSVM_ZZ,0.7917692893287358,0.7933333333333333,0.8372960147208368,0.8136058709648373,30,0.16666666666666666,1.0,0.2857142857142857,0.7874548122975892,0.7388731628514329,0.9948087259765036,0.41996932139588156,-0.2696190664999063,0.5643875135190463,0.5215535284907619,0.34526746640152534
natural,refit_per_N,tuned_per_N,NSL-KDD-K80n8,20000,8,166,fixed_300,QSVM_Z,0.8599439775910365,0.86,0.8775658822993946,0.8734861104857953,30,0.43333333333333335,1.0,0.6046511627906976,1.134901124161939,1.0174524951776993,1.4081144849374752,0.5834584294331765,-0.036933224765715957,1.1907813321980454,1.0812085802165743,0.5003121528296178
natural,refit_per_N,tuned_per_N,NSL-KDD-K80n8,20000,8,166,fixed_300,SVM_Linear,0.7925866452562559,0.7933333333333333,0.8242068155111634,0.8105443248840665,30,0.06666666666666667,1.0,0.125,1.6800387111475845,1.9252851716009685,2.1948283242066577,1.3084271818489568,-1.2885429050755142,0.7106223694101282,1.3008184931307227,0.6878940456608316
natural,refit_per_N,tuned_per_N,NSL-KDD-K80n8,20000,8,166,fixed_300,SVM_Poly2,0.8056213414361678,0.8066666666666666,0.8447018447018446,0.8255819188690288,30,0.1,1.0,0.18181818181818182,1.5100608987526352,1.7143920491102982,1.8802874972055685,1.2976682718810082,-0.7150991343024848,0.5893283279785815,0.8332274728860387,0.40547087252494424
natural,refit_per_N,tuned_per_N,NSL-KDD-K80n8,20000,8,166,fixed_300,SVM_RBF,0.8295739348370927,0.83,0.8584000745017695,0.8465400027013641,30,0.13333333333333333,1.0,0.23529411764705882,1.5948720685850841,1.5465068224703848,1.925580137198845,1.1078995452321427,-0.6878350848705597,0.8266205155415322,0.8112098303227526,0.705944184678059
natural,refit_per_N,tuned_per_N,NSL-KDD-K80n8,20000,8,166,fixed_300,RandomForest,0.846496106785317,0.8466666666666667,0.8688163152817969,0.8615100625816037,30,0.23333333333333334,1.0,0.3783783783783784,0.34481174600073644,0.29597101240789353,0.4368183487997994,0.1252346218808784,-0.16914599031399588,0.26003907689951117,0.27295032364732924,0.14740694819061448
natural,refit_per_N,tuned_per_N,NSL-KDD-K80n8,20000,8,166,fixed_300,XGBoost,0.8532289628180039,0.8533333333333334,0.8731428571428572,0.8674980865336994,30,0.2,1.0,0.3333333333333333,0.3517350486914317,0.32837406831379046,0.47663020650545757,0.06611141705846738,-0.251356428861618,0.32088245945350813,0.3938104609648387,0.10516143755987378
natural,refit_per_N,tuned_per_N,NSL-KDD-K80n8,20000,8,166,full_test,QSVM_ZZ,0.7296363552530822,0.7327004968062456,0.7932429488588704,0.7620581409129195,2952,0.13719512195121952,1.0,0.24128686327077747,0.6719331202126954,0.8342283401654921,0.9793343954762531,0.43397601709219213,-0.5144179252161226,0.6209438413884004,0.7085160440045327,0.38497022135486036
natural,refit_per_N,tuned_per_N,NSL-KDD-K80n8,20000,8,166,full_test,QSVM_Z,0.8307717015603082,0.8307753726046841,0.8486250284714425,0.8476771455927228,2952,0.33875338753387535,1.0,0.5060728744939271,1.00270133718534,1.1263180257186307,1.3792992220920732,0.6095374661070349,-0.3623818447337195,1.2223905846368395,1.1610928626426482,0.5267093193799671
natural,refit_per_N,tuned_per_N,NSL-KDD-K80n8,20000,8,166,full_test,SVM_Linear,0.7377965131977792,0.7386444286728177,0.7735074584996966,0.7611162871941043,2952,0.027439024390243903,1.0,0.05341246290801187,1.4727948261187953,2.0061577899602607,2.095435100257935,1.3427380305433931,-1.3348101277035633,0.5868919867004272,1.3499439347566284,0.5511911230117637
natural,refit_per_N,tuned_per_N,NSL-KDD-K80n8,20000,8,166,full_test,SVM_Poly2,0.7430387413429163,0.7452093683463449,0.7985383362860274,0.7727573423806497,2952,0.034552845528455285,1.0,0.06679764243614932,1.216584501815342,1.7922656804585615,1.7851777249155578,1.2269615356123382,-0.9260418908184685,0.47457451262870687,0.9729471119349454,0.3689830198869157
natural,refit_per_N,tuned_per_N,NSL-KDD-K80n8,20000,8,166,full_test,SVM_RBF,0.7848633318067939,0.7854418026969482,0.8210434181878088,0.8081209745081784,2952,0.06808943089430894,1.0,0.12749762131303521,1.3142669574800274,1.6807268054858135,1.8652204491260345,1.035901977198823,-1.222517371190307,1.0736357340846663,1.2694196871343548,1.0177504951024567
natural,refit_per_N,tuned_per_N,NSL-KDD-K80n8,20000,8,166,full_test,RandomForest,0.8034067942949259,0.8036284599006388,0.8319034019515656,0.8240828894504142,2952,0.1429539295392954,1.0,0.25014819205690575,0.29367544937558193,0.33760696191569967,0.42697714089036276,0.13384413120114758,-0.2809678109103104,0.24746256916435014,0.34468112386048366,0.14620381923679932
natural,refit_per_N,tuned_per_N,NSL-KDD-K80n8,20000,8,166,full_test,XGBoost,0.8074688617969189,0.8076206529453513,0.8337420311653182,0.8273765328473681,2952,0.12161246612466124,1.0,0.21685291452733313,0.3103060836647951,0.365268284285866,0.47366284403482,0.07317304999362022,-0.3314873950712403,0.28303353624786864,0.42348845054705936,0.1031959688424938
natural,refit_per_N,tuned_per_N,NSL-KDD-K80n8,20000,9,166,fixed_300,QSVM_ZZ,0.781289606209132,0.7833333333333333,0.8319270015698588,0.8046238350366934,30,0.2,1.0,0.3333333333333333,0.8879911177210335,0.9198368410863931,1.1284662091314264,0.6009925575411003,-0.25970684909183717,0.7530194191399222,0.6495186692149144,0.46109802798138577
natural,refit_per_N,tuned_per_N,NSL-KDD-K80n8,20000,9,166,fixed_300,QSVM_Z,0.866642958748222,0.8666666666666667,0.8820889432884537,0.8794741344378911,30,0.4666666666666667,1.0,0.6363636363636364,1.3318154539202582,1.2006579520584009,1.584578428117236,0.8392991875889114,0.1057381728183844,1.3576482274955792,1.1605270819767468,0.7124367781153613
natural,refit_per_N,tuned_per_N,NSL-KDD-K80n8,20000,9,166,fixed_300,SVM_Linear,0.7891542743671839,0.79,0.8221561969439728,0.8075503129080186,30,0.03333333333333333,1.0,0.06451612903225806,1.8059780494698578,2.1315802391746623,2.348666405932708,1.5129299867640933,-1.3521365363348863,0.7707818263418057,1.3595557935916314,0.7576185589212703
natural,refit_per_N,tuned_per_N,NSL-KDD-K80n8,20000,9,166,fixed_300,SVM_Poly2,0.8092348196655473,0.81,0.8433786078098472,0.827810544324884,30,0.1,1.0,0.18181818181818182,1.5928203747596044,1.8180111911361208,1.9503124853177565,1.427768415030666,-0.6719762080133679,0.6459168748397319,0.8389100023141371,0.40619040037406795
natural,refit_per_N,tuned_per_N,NSL-KDD-K80n8,20000,9,166,fixed_300,SVM_RBF,0.8193496587715776,0.82,0.8524089306698003,0.8375579667732205,30,0.13333333333333333,1.0,0.23529411764705882,1.5018575031323607,1.5637213919988266,1.8859164276479077,1.0696353488163475,-0.8391781182123307,0.9021285814034732,0.9595783807401195,0.7728293619471257
natural,refit_per_N,tuned_per_N,NSL-KDD-K80n8,20000,9,166,fixed_300,RandomForest,0.8498648783905515,0.85,0.8709677419354839,0.8645040745576515,30,0.3,1.0,0.46153846153846156,0.3437060268237056,0.30021781430555505,0.4404606398429611,0.11941102817776898,-0.16366666666666665,0.27136363467167485,0.28833333333333333,0.13148721948877345
natural,refit_per_N,tuned_per_N,NSL-KDD-K80n8,20000,9,166,fixed_300,XGBoost,0.8363593859580768,0.8366666666666667,0.8625,0.85252802665346,30,0.2,1.0,0.3333333333333333,0.34112032274405163,0.33678827624971297,0.4724991105000178,0.08083321214049896,-0.22458608349164327,0.3553672867747531,0.4017468273639679,0.12379137332928801
natural,refit_per_N,tuned_per_N,NSL-KDD-K80n8,20000,9,166,full_test,QSVM_ZZ,0.7278424187825316,0.7310149041873669,0.7922680649785834,0.760552531071684,2952,0.18292682926829268,1.0,0.30927835051546393,0.7608548388682825,0.9920608175813118,1.0968202397163676,0.6000584249536962,-0.46486790465645994,0.8045099448102019,0.7793094696101738,0.5059794172237755
natural,refit_per_N,tuned_per_N,NSL-KDD-K80n8,20000,9,166,full_test,QSVM_Z,0.8259219476182398,0.8259403832505323,0.845701556246941,0.8435430156088211,2952,0.3814363143631436,1.0,0.5522314860225601,1.144501581011148,1.283267079613048,1.514050163986932,0.815052371008614,-0.21919981418524223,1.370300549485515,1.2036339002211631,0.6906790779352884
natural,refit_per_N,tuned_per_N,NSL-KDD-K80n8,20000,9,166,full_test,SVM_Linear,0.7369602764384038,0.7378016323633783,0.7724704450918021,0.760213170845492,2952,0.028455284552845527,1.0,0.05533596837944664,1.5849969243775843,2.216334273121368,2.2443715685829657,1.5450401686154516,-1.3888557688290066,0.6519499600435125,1.4044477905997943,0.6176451250432604
natural,refit_per_N,tuned_per_N,NSL-KDD-K80n8,20000,9,166,full_test,SVM_Poly2,0.7442285868066751,0.7462739531582683,0.7982846949086037,0.7734920163664205,2952,0.04031165311653116,1.0,0.07749918593292088,1.2987026987229482,1.8999163298677209,1.8458276000614562,1.3744930814739167,-0.8833474193820863,0.5224647223801479,0.947285598328278,0.3948696552795525
natural,refit_per_N,tuned_per_N,NSL-KDD-K80n8,20000,9,166,full_test,SVM_RBF,0.7689143502799796,0.7700053229240597,0.8129310420322771,0.7947625960106022,2952,0.08163956639566396,1.0,0.15095521453178828,1.2035309647795993,1.7123228798384376,1.8302577507498843,1.0152305126529089,-1.3805542318408917,1.073591962055108,1.4326425364250186,1.0030279412203928
natural,refit_per_N,tuned_per_N,NSL-KDD-K80n8,20000,9,166,full_test,RandomForest,0.7872736601644805,0.7877484031227822,0.82131863898393,0.8098213263975667,2952,0.18495934959349594,1.0,0.31217838765008576,0.2912712001145094,0.3422247389478845,0.4316477217359901,0.12504770403419496,-0.2622002032520325,0.25697066167564403,0.33799627371273716,0.14332266570131175
natural,refit_per_N,tuned_per_N,NSL-KDD-K80n8,20000,9,166,full_test,XGBoost,0.783825407148415,0.7843772178850248,0.8192818708545683,0.8068476845720942,2952,0.11924119241192412,1.0,0.21307506053268765,0.28988808806856065,0.3827049164189577,0.47350471104958575,0.07931863128632075,-0.3378535221989562,0.2836952707973403,0.4224839487938377,0.12702488790226402
natural,refit_per_N,tuned_per_N,NSL-KDD-K80n8,20000,10,166,fixed_300,QSVM_ZZ,0.7777777777777778,0.78,0.8301710117786211,0.8016298230606456,30,0.16666666666666666,1.0,0.2857142857142857,0.7655754802418538,0.756440237173692,1.0038043799236667,0.38818090526067783,-0.3195825118174785,0.5643398639472761,0.5778967888002486,0.2943599249115949
natural,refit_per_N,tuned_per_N,NSL-KDD-K80n8,20000,10,166,fixed_300,QSVM_Z,0.8261722232126939,0.8266666666666667,0.8563822334314137,0.8435459907253162,30,0.4,1.0,0.5714285714285714,1.01740263008923,1.0036922239372899,1.3213658900902128,0.5445166449345377,-0.20448980058727378,0.9373914322861345,0.8409299451061972,0.46190432265931625
natural,refit_per_N,tuned_per_N,NSL-KDD-K80n8,20000,10,166,fixed_300,SVM_Linear,0.7960116373688846,0.7966666666666666,0.8262743628185907,0.8135383368601143,30,0.06666666666666667,1.0,0.125,1.7181420609517044,1.9823647317253048,2.2444927649206625,1.3579522448961565,-1.317576026743001,0.7186930638308467,1.3302649118562302,0.6949255863260309
natural,refit_per_N,tuned_per_N,NSL-KDD-K80n8,20000,10,166,fixed_300,SVM_Poly2,0.8125,0.8133333333333334,0.8485163977095262,0.8315699428211246,30,0.1,1.0,0.18181818181818182,1.1646139428781603,1.317516420302677,1.5344405328267794,0.85887566325497,-0.7817349157445027,0.49611491858810447,0.8866976045161071,0.26647110365880883
natural,refit_per_N,tuned_per_N,NSL-KDD-K80n8,20000,10,166,fixed_300,SVM_RBF,0.8021705357043064,0.8033333333333333,0.8428229665071771,0.8225879068929809,30,0.13333333333333333,1.0,0.23529411764705882,1.408922752205018,1.6247019933328566,1.8825160145170923,1.0396409687519068,-1.002814124391446,0.8488970808194863,1.1320448342002543,0.666885983705871
natural,refit_per_N,tuned_per_N,NSL-KDD-K80n8,20000,10,166,fixed_300,RandomForest,0.8159283347650018,0.8166666666666667,0.8504527447651387,0.8345639547971726,30,0.16666666666666666,1.0,0.2857142857142857,0.3284716164116565,0.317044254085513,0.4418073259157704,0.11496498860036443,-0.22084521418723624,0.2447996318712066,0.30317854752056955,0.12954627249366246
natural,refit_per_N,tuned_per_N,NSL-KDD-K80n8,20000,10,166,fixed_300,XGBoost,0.8193496587715776,0.82,0.8524089306698003,0.8375579667732205,30,0.1,1.0,0.18181818181818182,0.32929820358753203,0.3497005944816366,0.47439499100049337,0.07534723074159765,-0.3197019547224045,0.2702412387744657,0.39775443971157076,0.13050315198269577
natural,refit_per_N,tuned_per_N,NSL-KDD-K80n8,20000,10,166,full_test,QSVM_ZZ,0.7164613567919953,0.7205464868701207,0.7880329381452273,0.751582954186558,2952,0.11856368563685638,1.0,0.21199273167777105,0.6482533574960953,0.8315361567802881,0.9674456059179097,0.41920614872401435,-0.5299450733455425,0.5630108815332059,0.691652392407897,0.3456009281880513
natural,refit_per_N,tuned_per_N,NSL-KDD-K80n8,20000,10,166,full_test,QSVM_Z,0.7825258959084682,0.7830464868701207,0.8171242328178951,0.8052654666162387,2952,0.3079268292682927,1.0,0.47086247086247085,0.8649386855142747,1.114965409475016,1.2824421175412657,0.5887350925341772,-0.4438169669658208,0.9346031688086862,0.9213314124948929,0.4707494149376536
natural,refit_per_N,tuned_per_N,NSL-KDD-K80n8,20000,10,166,full_test,SVM_Linear,0.7387818248392917,0.7395759403832506,0.7737396913952371,0.7618217566933181,2952,0.027777777777777776,1.0,0.05405405405405406,1.507773052253188,2.0638094135713976,2.1417403684212837,1.3948609489556565,-1.3464362175021694,0.6050687979726841,1.3617814475110444,0.5696929236846657
natural,refit_per_N,tuned_per_N,NSL-KDD-K80n8,20000,10,166,full_test,SVM_Poly2,0.7448727061029585,0.7469393186657204,0.7993574645306638,0.7742518104635161,2952,0.041666666666666664,1.0,0.08,0.931216961782403,1.4022684185167826,1.4679998840732444,0.8237099537104969,-0.9353549474659758,0.4024496617372046,0.9789175959005945,0.2803122337995062
natural,refit_per_N,tuned_per_N,NSL-KDD-K80n8,20000,10,166,full_test,SVM_RBF,0.7503671949789624,0.7521291696238467,0.801697030685785,0.7786976368551168,2952,0.08638211382113821,1.0,0.15902712815715622,1.0995222626741312,1.7255483429603167,1.799493913537002,0.9738007728238972,-1.4641220558230064,0.9497887052758808,1.5228043744399993,0.8525366949307358
natural,refit_per_N,tuned_per_N,NSL-KDD-K80n8,20000,10,166,full_test,RandomForest,0.7619519771489716,0.763262952448545,0.8085251730826211,0.7886650009316629,2952,0.11653116531165311,1.0,0.2087378640776699,0.2769442032417471,0.3534075092594058,0.4310671265009402,0.12560291302499937,-0.2985662152036071,0.22798751880564422,0.3492188332218084,0.1384424072145503
natural,refit_per_N,tuned_per_N,NSL-KDD-K80n8,20000,10,166,full_test,XGBoost,0.77110442436737,0.7718239886444287,0.8085584094957967,0.794831873915449,2952,0.08401084010840108,1.0,0.155,0.27812959523732733,0.38690233368579485,0.4691020658040106,0.0836226011123991,-0.368418197876958,0.24279598767789184,0.428278918017136,0.10610856959482426
