{
  "quantum_z": {
    "n_sv": 73,
    "sv_per_class": [
      37,
      36
    ],
    "sv_ratio": 0.73,
    "margin_mean": 0.8200871961666933,
    "margin_std": 0.36224247652685837,
    "sv_class_dist": [
      37,
      36
    ],
    "df_scores": [
      1.0635485841197418,
      0.154900931577297,
      0.5731531243800104,
      -0.863677520080704,
      0.8730473578650807,
      0.9849954953778722,
      1.139546733200263,
      -1.0795710708531199,
      -1.0630039064827437,
      -0.09722143509286962,
      -0.42752411818071523,
      0.9124406915734563,
      0.03971804047710728,
      -1.122175588122329,
      -1.1090543391291399,
      0.7599826247414933,
      -0.9837096598902519,
      -1.0186309870849124,
      1.3434510924161494,
      1.1370382342774685,
      -1.033382562868061,
      0.9426302227482924,
      0.9128924511700128,
      -1.0208503858527989,
      -1.0253092308480252,
      -0.010272364061704509,
      -0.12865183082565348,
      1.0167907102782179,
      -0.9961103024793111,
      1.0405003321747142,
      0.982926205900443,
      -1.301368175841111,
      -0.580011041143914,
      1.0818310285958144,
      -0.20034532932258475,
      -1.081005427062574,
      0.8983942585973087,
      0.09457326087156465,
      -0.018148134925911275,
      0.9666325023821104,
      -1.0536492414707137,
      -0.17668247940487802,
      -1.0468108595921002,
      -1.0074771052372475,
      -1.0579358921176247,
      1.1585543298986063,
      -0.8334509426432564,
      0.07870216384112239,
      -0.9618161716524717,
      -0.8559871417866363,
      -0.13046002512467864,
      -1.0183299981489298,
      -0.21318174064912881,
      -0.455641951313003,
      1.102615017553966,
      -0.1816332730757635,
      1.0319221796237779,
      -0.983228271832341,
      -0.10033602676582976,
      -0.9985075857943922,
      1.0338882211400882,
      -1.0033656523717838,
      -1.0110265298792114,
      -0.9550596138843329,
      1.0277129329362356,
      -1.0698137042112617,
      1.0918094513734804,
      1.1249481421768186,
      0.9937992769974279,
      1.1058591588144595,
      -1.0959999125159445,
      1.119397968610604,
      -0.916630439328487,
      1.175504586218191,
      -0.15158790609386708,
      1.0523609956889697,
      -0.987454735331969,
      -0.25531501672839796,
      0.19110133876385615,
      0.9983414317973062,
      1.0257427823731335,
      -0.919495018007516,
      -0.9757000518493698,
      -0.5273116273657923,
      -0.8189496256813756,
      -1.128272821387179,
      -0.5337049030712724,
      -1.059854793090017,
      0.9384559491096426,
      -0.7344880934983824,
      0.9730345053862469,
      1.0055043310737068,
      0.9830965777905097,
      -0.3708469730918121,
      1.0977135168524748,
      0.9896054947641696,
      -0.9646303918268944,
      -0.182853210089028,
      -1.072455048932117
    ]
  }
}