regime,repr_mode,arm,dataset,n_train,run_id,n_rare_train,test_split,model,f1_macro,accuracy,precision_macro,recall_macro,n_rare,recall_rare,precision_rare,f1_rare,margin_signed_mean,margin_signed_std,margin_abs_mean,margin_abs_std,rare_margin_signed_mean,rare_margin_signed_std,rare_margin_abs_mean,rare_margin_abs_std
natural,refit_per_N,tuned_per_N,UNSW-NB15,100,1,3,fixed_300,QSVM_ZZ,0.6408295678368672,0.69,0.7676151761517616,0.6595959595959596,6,1.0,1.0,1.0,0.3221415661648823,0.769542858740184,0.7717551514432573,0.3168049657280849,0.886960842417526,0.23337232638714614,0.886960842417526,0.23337232638714614
natural,refit_per_N,tuned_per_N,UNSW-NB15,100,1,3,fixed_300,QSVM_Z,0.6629901960784313,0.7066666666666667,0.7853584578730777,0.6774410774410775,6,1.0,1.0,1.0,0.39739799544665677,0.8675661148778623,0.9210947170818868,0.2493604873133025,0.7730712876078512,0.3697124750660815,0.7730712876078512,0.3697124750660815
natural,refit_per_N,tuned_per_N,UNSW-NB15,100,1,3,fixed_300,SVM_Linear,0.6170343137254902,0.6666666666666666,0.7203811999133636,0.6370370370370371,6,1.0,1.0,1.0,2.26414315435166,5.313743616377384,3.0682625924572138,4.893667347472305,1.6138090079493466,0.9230218804873224,1.6138090079493466,0.9230218804873224
natural,refit_per_N,tuned_per_N,UNSW-NB15,100,1,3,fixed_300,SVM_Poly2,0.6331054725215308,0.6833333333333333,0.7563233965672991,0.6528619528619528,6,1.0,1.0,1.0,0.6985880011339486,1.4260133758141222,1.3024678050789567,0.9083594883425395,1.1110171471067083,0.5989786139295956,1.1110171471067083,0.5989786139295956
natural,refit_per_N,tuned_per_N,UNSW-NB15,100,1,3,fixed_300,SVM_RBF,0.629540044047816,0.6766666666666666,0.7340410373325734,0.6474747474747475,6,1.0,1.0,1.0,0.3793110543983618,0.8306727879334646,0.8773857026805912,0.2531570369032564,0.7600266041243616,0.2802939046488986,0.7600266041243616,0.2802939046488986
natural,refit_per_N,tuned_per_N,UNSW-NB15,100,1,3,fixed_300,RandomForest,0.6475,0.6866666666666666,0.7332242225859247,0.6599326599326599,6,0.8333333333333334,1.0,0.9090909090909091,0.19543699300960682,0.34071826996358184,0.3696820001010736,0.13273950627030048,0.3162062716311183,0.21332249851948265,0.36105040730516763,0.1230264117099244
natural,refit_per_N,tuned_per_N,UNSW-NB15,100,1,3,fixed_300,XGBoost,0.6566993382755362,0.6933333333333334,0.7387739414515406,0.6673400673400673,6,1.0,1.0,1.0,0.1984482686718305,0.40163113809245754,0.4367743026216825,0.09958662055533708,0.42733360330263775,0.11236298210918018,0.42733360330263775,0.11236298210918018
natural,refit_per_N,tuned_per_N,UNSW-NB15,100,1,3,full_test,QSVM_ZZ,0.6447116357213857,0.6899018607588787,0.754144528571868,0.6605749855122925,1682,0.9827586206896551,1.0,0.991304347826087,0.3461103237417457,0.7734251417448277,0.7878619806292579,0.3118530191653846,0.9010863134539046,0.25787277763952826,0.9216736937710793,0.17021314858684786
natural,refit_per_N,tuned_per_N,UNSW-NB15,100,1,3,full_test,QSVM_Z,0.6672986601700872,0.7091531846669582,0.7830852604962852,0.6802254549617119,1682,0.9797859690844233,1.0,0.9897897897897898,0.4280066241227098,0.8694253148124567,0.9366310178621152,0.2486209659466309,0.9463891911089376,0.24202424749794596,0.9656719489803298,0.14732930590112603
natural,refit_per_N,tuned_per_N,UNSW-NB15,100,1,3,full_test,SVM_Linear,0.6397245814105251,0.6863673905650294,0.751112333360119,0.6566798097400321,1682,0.985731272294887,1.0,0.9928143712574851,2.4444442844753276,5.628533522968183,3.252644643686203,5.203460416009732,2.0470209246271374,1.888294517884611,2.2783716366387194,1.6015534763143622
natural,refit_per_N,tuned_per_N,UNSW-NB15,100,1,3,full_test,SVM_Poly2,0.6540004060473747,0.6986469416508769,0.7704499463560008,0.6691472749993441,1682,0.9827586206896551,1.0,0.991304347826087,0.7094017018478092,1.3494320241457147,1.266754238721962,0.8482636742514157,1.4292286817319095,0.5039130292291774,1.4645341756442383,0.38956721381824333
natural,refit_per_N,tuned_per_N,UNSW-NB15,100,1,3,full_test,SVM_RBF,0.6541241656147267,0.698246125443327,0.7679516271928528,0.6689521905652233,1682,0.9839476813317479,1.0,0.9919089002097693,0.4062460247457633,0.8335014826912509,0.8934384688251606,0.24804889980324707,0.9584883263117951,0.23087196332239202,0.971990835043286,0.16503197179994591
natural,refit_per_N,tuned_per_N,UNSW-NB15,100,1,3,full_test,RandomForest,0.6768857017119337,0.7088859738619249,0.7526469768881476,0.6840437767247527,1682,0.964922711058264,1.0,0.9821482602118004,0.19807056864479963,0.3427840239866165,0.37359562335095087,0.13099292910972732,0.410665858975184,0.15550786108066708,0.42796537661375,0.098360454480248
natural,refit_per_N,tuned_per_N,UNSW-NB15,100,1,3,full_test,XGBoost,0.6734378010448177,0.7066997036389253,0.7523051326219801,0.6813803529992536,1682,0.9684898929845422,1.0,0.9839927514346118,0.2041523282675929,0.4008152277847177,0.4388712518474963,0.09860549813780947,0.45357375727538973,0.15093782001762043,0.47189367271065,0.07633963882701857
natural,refit_per_N,tuned_per_N,UNSW-NB15,100,2,3,fixed_300,QSVM_ZZ,0.6641623961391114,0.7,0.7483825507654859,0.674074074074074,6,0.8333333333333334,1.0,0.9090909090909091,0.387532100609558,0.6655910699526312,0.6922455143720528,0.3376221989670063,0.5045678738130398,0.5425440262072878,0.6228618135231185,0.4012305084513361
natural,refit_per_N,tuned_per_N,UNSW-NB15,100,2,3,fixed_300,QSVM_Z,0.5867609006295138,0.6433333333333333,0.688572719060524,0.6124579124579125,6,0.8333333333333334,1.0,0.9090909090909091,0.31978434316945964,0.9139597967808986,0.9217518207572035,0.2965773376353699,0.8120740148901356,0.5558712337205515,0.9540541572299078,0.24132488311428327
natural,refit_per_N,tuned_per_N,UNSW-NB15,100,2,3,fixed_300,SVM_Linear,0.5102812303110144,0.62,0.7742897504316434,0.5784511784511784,6,1.0,1.0,1.0,0.2887452137820286,1.009851473030895,1.0274869093763712,0.21781746285569173,1.1844899471698018,0.1838331100466681,1.1844899471698018,0.1838331100466681
natural,refit_per_N,tuned_per_N,UNSW-NB15,100,2,3,fixed_300,SVM_Poly2,0.5361344537815126,0.6166666666666667,0.6730769230769231,0.5808080808080809,6,1.0,1.0,1.0,0.3036796607326221,1.0082109681683726,0.9752793090653622,0.39691430055703164,0.959381830043252,0.24440995251833225,0.959381830043252,0.24440995251833225
natural,refit_per_N,tuned_per_N,UNSW-NB15,100,2,3,fixed_300,SVM_RBF,0.6198108014695529,0.67,0.7283372365339578,0.6400673400673401,6,0.8333333333333334,1.0,0.9090909090909091,0.3544441257943627,0.8472794883016949,0.8648077101281457,0.30922612132519633,0.6789310062229962,0.4642196016649906,0.7766400334716684,0.2706980018213994
natural,refit_per_N,tuned_per_N,UNSW-NB15,100,2,3,fixed_300,RandomForest,0.6820409232035312,0.7166666666666667,0.7748640248640248,0.6905723905723906,6,0.8333333333333334,1.0,0.9090909090909091,0.19903333333333334,0.3081172377881871,0.3278333333333333,0.16454727453092488,0.23666666666666666,0.2665312155993907,0.28833333333333333,0.2095564098014873
natural,refit_per_N,tuned_per_N,UNSW-NB15,100,2,3,fixed_300,XGBoost,0.6716254540026867,0.7066666666666667,0.7579911600794311,0.6808080808080809,6,1.0,1.0,1.0,0.18993625919024149,0.35191143463084257,0.37665984749794007,0.13433093337704807,0.30968063076337177,0.17819346000910505,0.30968063076337177,0.17819346000910505
natural,refit_per_N,tuned_per_N,UNSW-NB15,100,2,3,full_test,QSVM_ZZ,0.6518746816477194,0.684776271680513,0.7156937795918032,0.6604284927299133,1682,0.9274673008323424,1.0,0.9623689080814312,0.3736058474636382,0.6925689373429279,0.7077926493621922,0.34389333773742176,0.8005967990798942,0.4185542513121267,0.8668733817369908,0.25430972459640805
natural,refit_per_N,tuned_per_N,UNSW-NB15,100,2,3,full_test,QSVM_Z,0.6358523775417952,0.6794684934168974,0.729834918801599,0.6511128610300939,1682,0.9482758620689655,1.0,0.9734513274336283,0.383268891580215,0.8845604102299897,0.9126171537466592,0.3105995706479982,0.9197781838365469,0.39766409507055633,0.976958350393858,0.2228923990755471
natural,refit_per_N,tuned_per_N,UNSW-NB15,100,2,3,full_test,SVM_Linear,0.5234998656126156,0.626852256716708,0.7730769622906022,0.5857195787952428,1682,0.995243757431629,1.0,0.9976162097735399,0.2970159433382126,1.0039792207077924,1.0275303477343907,0.2009331498159432,1.2440617818284663,0.23976586063882857,1.2517404962263117,0.19576290517154568
natural,refit_per_N,tuned_per_N,UNSW-NB15,100,2,3,full_test,SVM_Poly2,0.5755542199989404,0.6466622941262207,0.7273991445034957,0.611503171794401,1682,0.9827586206896551,1.0,0.991304347826087,0.3555586422900016,0.979474754689417,0.965915266579505,0.39089696976268157,0.9485533648252398,0.2667965001147775,0.9684510420960875,0.18175928437848987
natural,refit_per_N,tuned_per_N,UNSW-NB15,100,2,3,full_test,SVM_RBF,0.6318254775111114,0.6777437691298644,0.732116926291748,0.6486475110953184,1682,0.9589774078478003,1.0,0.9790591805766312,0.3870762038252511,0.8230691909110142,0.8527467859253174,0.31637604158456734,0.9196901480006794,0.34604882371448625,0.9593809001157045,0.21252775163933674
natural,refit_per_N,tuned_per_N,UNSW-NB15,100,2,3,full_test,RandomForest,0.6977382454492727,0.7209590438711558,0.749200020994041,0.7000792078145383,1682,0.9363852556480381,1.0,0.9671476819158735,0.1996101758732935,0.3040759416618804,0.32369716513627755,0.16591125908889956,0.390166468489893,0.18304053303934809,0.40964328180737214,0.13388835475607724
natural,refit_per_N,tuned_per_N,UNSW-NB15,100,2,3,full_test,XGBoost,0.6920665393846455,0.7175095952970898,0.7495317027610344,0.6955434285428108,1682,0.9322235434007135,1.0,0.9649230769230769,0.19819717769631084,0.3422778342938348,0.3691004606907954,0.14213052808423485,0.4069498372170077,0.18598013455479445,0.4335779487271655,0.11048503445042691
natural,refit_per_N,tuned_per_N,UNSW-NB15,100,3,3,fixed_300,QSVM_ZZ,0.5311936530833032,0.61,0.6536544850498339,0.5747474747474748,6,0.8333333333333334,1.0,0.9090909090909091,0.314667197382751,0.6783682709168768,0.6527065333396449,0.3649289484697141,0.6620156030086423,0.5347569844718549,0.7772473193208164,0.34657797921525973
natural,refit_per_N,tuned_per_N,UNSW-NB15,100,3,3,fixed_300,QSVM_Z,0.7306133726284767,0.74,0.7446082905038667,0.7286195286195286,6,0.5,1.0,0.6666666666666666,0.44936606412714863,0.8041074647936604,0.8744394851417207,0.2896105339090672,0.22992190849130853,0.8236429787912405,0.818617881986412,0.24721772551432092
natural,refit_per_N,tuned_per_N,UNSW-NB15,100,3,3,fixed_300,SVM_Linear,0.7275079045702788,0.7366666666666667,0.7404306220095693,0.7255892255892256,6,0.5,1.0,0.6666666666666666,0.7132701176012499,1.1097658035853744,1.1568477677222126,0.6340643829979142,0.7054622659013345,1.8556642104131416,1.8548801215112032,0.7075213108037512
natural,refit_per_N,tuned_per_N,UNSW-NB15,100,3,3,fixed_300,SVM_Poly2,0.6797240699679724,0.6966666666666667,0.7052696078431373,0.6804713804713804,6,0.5,1.0,0.6666666666666666,0.5028407097634341,0.9581163179611032,1.0283745131557636,0.3365731998100599,0.22350165027970795,0.90229875488612,0.8997784404612252,0.23344118922752438
natural,refit_per_N,tuned_per_N,UNSW-NB15,100,3,3,fixed_300,SVM_RBF,0.723706023208694,0.7333333333333333,0.7374033334934436,0.7218855218855218,6,0.5,1.0,0.6666666666666666,0.46208939056552195,0.765730743753192,0.8550202767861786,0.26231756152899577,0.18103806976798933,0.8690702976179643,0.8664694296857371,0.19310280248398706
natural,refit_per_N,tuned_per_N,UNSW-NB15,100,3,3,fixed_300,RandomForest,0.7013888888888888,0.7133333333333334,0.7179487179487178,0.7003367003367004,6,0.6666666666666666,1.0,0.8,0.2015662424457311,0.31714131269803414,0.33429036118891375,0.1716319222339163,0.2347037187932063,0.2854191569712528,0.32062054642353677,0.1837182516589297
natural,refit_per_N,tuned_per_N,UNSW-NB15,100,3,3,fixed_300,XGBoost,0.7127644668628275,0.7266666666666667,0.737072214684155,0.7117845117845119,6,0.8333333333333334,1.0,0.9090909090909091,0.21132301410039267,0.3574581102153963,0.39023715813954674,0.14194603641668743,0.313111479083697,0.2894011393984467,0.4184525062640508,0.08178824989223153
natural,refit_per_N,tuned_per_N,UNSW-NB15,100,3,3,full_test,QSVM_ZZ,0.5814813696028208,0.6395812077928388,0.6828076597981236,0.6081030439687019,1682,0.9262782401902497,1.0,0.9617283950617284,0.33062310852640486,0.6597818567759002,0.638991923719773,0.3692059856546494,0.8235456018715447,0.4241506973178306,0.8799503356016081,0.28951438525880546
natural,refit_per_N,tuned_per_N,UNSW-NB15,100,3,3,full_test,QSVM_Z,0.7358023320755515,0.7422751785454016,0.7424361831664666,0.7339515895936526,1682,0.8234244946492271,1.0,0.9031626997065536,0.46703268663629466,0.8055900659183559,0.8873294173709743,0.282385179783118,0.705439039403305,0.7148266434243182,0.9929861687355157,0.1503324221966014
natural,refit_per_N,tuned_per_N,UNSW-NB15,100,3,3,full_test,SVM_Linear,0.7396099722919448,0.7455060000971676,0.7451815110160781,0.7378343023602443,1682,0.8204518430439952,1.0,0.9013716525146963,0.6754202212749887,1.1004499919257356,1.131807456072967,0.6214455265058593,1.7204262411268896,1.3212331491592182,2.0139450979580977,0.8059457971884528
natural,refit_per_N,tuned_per_N,UNSW-NB15,100,3,3,full_test,SVM_Poly2,0.6976488240837464,0.7082422387407084,0.7100971811678292,0.6964319697797152,1682,0.8258026159334126,1.0,0.9045913383262781,0.5215380965330448,0.9274512984348332,1.0163786532398977,0.3148687509773258,0.777002091660114,0.7422025264448274,1.0630197245749347,0.15679893453052257
natural,refit_per_N,tuned_per_N,UNSW-NB15,100,3,3,full_test,SVM_RBF,0.742951261632053,0.748457464898217,0.7478578331731784,0.7412373074565786,1682,0.8210463733650416,1.0,0.9017303297420829,0.47908996978947943,0.7621776714696871,0.8627957012470865,0.256954431659364,0.7269565362783109,0.6820311438007042,0.9858119068251887,0.1476725130602907
natural,refit_per_N,tuned_per_N,UNSW-NB15,100,3,3,full_test,RandomForest,0.7294899195310721,0.7363843948889861,0.7366027719130009,0.7276806861569061,1682,0.8418549346016647,1.0,0.9141381536475145,0.20380670701044584,0.31504558919004844,0.33466818698166806,0.1696705681989358,0.3622998480160561,0.2740643616823007,0.4363229356304611,0.12647035249259334
natural,refit_per_N,tuned_per_N,UNSW-NB15,100,3,3,full_test,XGBoost,0.7358924513948524,0.7429796433950348,0.7440337080099371,0.7339182106309963,1682,0.8549346016646849,1.0,0.9217948717948717,0.2201984374705339,0.35333151194163276,0.39196644027369054,0.14033110451569958,0.36368098073637867,0.29671601979695605,0.45881444532933613,0.09896240150004178
natural,refit_per_N,tuned_per_N,UNSW-NB15,100,4,3,fixed_300,QSVM_ZZ,0.5428273315119647,0.63,0.7272224679345423,0.5922558922558923,6,1.0,1.0,1.0,0.2608734253257316,0.7201679119536673,0.7062397132822857,0.296516833977162,0.7773751228113109,0.23643698233823846,0.7773751228113109,0.23643698233823846
natural,refit_per_N,tuned_per_N,UNSW-NB15,100,4,3,fixed_300,QSVM_Z,0.4957010582010582,0.5933333333333334,0.6387470207694927,0.5548821548821549,6,1.0,1.0,1.0,0.27935839335868723,0.8263459625292502,0.8038011829142537,0.3388103010151647,0.9767429837913645,0.13994741458460863,0.9767429837913645,0.13994741458460863
natural,refit_per_N,tuned_per_N,UNSW-NB15,100,4,3,fixed_300,SVM_Linear,0.5165361742181149,0.6233333333333333,0.776268115942029,0.5821548821548821,6,1.0,1.0,1.0,0.2844579881817123,0.9807958776146061,1.006663846234712,0.171769616842236,0.9828644513519613,0.07429356089882795,0.9828644513519613,0.07429356089882795
natural,refit_per_N,tuned_per_N,UNSW-NB15,100,4,3,fixed_300,SVM_Poly2,0.4713345864661654,0.6,0.760340885470796,0.5562289562289562,6,1.0,1.0,1.0,0.21670092939585117,0.9510327513075417,0.9628045730383757,0.1563008029314287,0.9970946050689119,0.011145456015729811,0.9970946050689119,0.011145456015729811
natural,refit_per_N,tuned_per_N,UNSW-NB15,100,4,3,fixed_300,SVM_RBF,0.5336620926243567,0.6133333333333333,0.6631509558338826,0.5777777777777777,6,1.0,1.0,1.0,0.2923968469895988,0.9276354269419423,0.9159229927930488,0.32724375123177407,0.9310067702939203,0.1884520597211356,0.9310067702939203,0.1884520597211356
natural,refit_per_N,tuned_per_N,UNSW-NB15,100,4,3,fixed_300,RandomForest,0.5994865211810013,0.6533333333333333,0.7031539888682746,0.6228956228956228,6,1.0,1.0,1.0,0.17401666666666665,0.33653967035436144,0.33185000000000003,0.1828013334196444,0.345,0.18071616788027942,0.345,0.18071616788027942
natural,refit_per_N,tuned_per_N,UNSW-NB15,100,4,3,fixed_300,XGBoost,0.6332201296696511,0.67,0.7003105590062111,0.6447811447811448,6,0.8333333333333334,1.0,0.9090909090909091,0.1806633922457695,0.3766909759386994,0.3920862153172493,0.14423505957150012,0.3638437936703364,0.19424185612014438,0.38153356810410816,0.15666633738990982
natural,refit_per_N,tuned_per_N,UNSW-NB15,100,4,3,full_test,QSVM_ZZ,0.5709741342460687,0.6440144779672545,0.7256833318601252,0.6084901638601453,1682,0.9791914387633769,1.0,0.9894863322319015,0.30355410651400055,0.7107312678251382,0.7146748984340742,0.29414931615437634,0.785120916172217,0.2949840835978018,0.8063219630139158,0.23081454579060123
natural,refit_per_N,tuned_per_N,UNSW-NB15,100,4,3,full_test,QSVM_Z,0.5438646651850998,0.6224189865422922,0.6824411074860843,0.5864278047128572,1682,0.9815695600475625,1.0,0.9906990699069907,0.30717597560864945,0.8117136036780295,0.8039799836186591,0.32688260939921426,0.9369552165971142,0.2626233363885616,0.9511231906845117,0.20547693512051118
natural,refit_per_N,tuned_per_N,UNSW-NB15,100,4,3,full_test,SVM_Linear,0.5438252651375685,0.6380629645824224,0.7797423794667911,0.5981925517682158,1682,0.995243757431629,1.0,0.9976162097735399,0.3086752818832761,0.9724095798834971,1.0094016028252681,0.14822019062428285,1.0405595505068983,0.16163111462698493,1.049113236793674,0.09083067626622984
natural,refit_per_N,tuned_per_N,UNSW-NB15,100,4,3,full_test,SVM_Poly2,0.5047605754147372,0.6174512947578098,0.7724873296325034,0.5750663847028887,1682,0.9958382877526754,1.0,0.9979148048853143,0.25416179602124855,0.9465655255126814,0.9708195051092378,0.13451394405525305,0.9861986240106642,0.12349876115309012,0.9933414741342148,0.03335244776235505
natural,refit_per_N,tuned_per_N,UNSW-NB15,100,4,3,full_test,SVM_RBF,0.563529759520047,0.6365568673176893,0.7063068034289224,0.6013205014773885,1682,0.9869203329369798,1.0,0.9934171154997008,0.3144021837419132,0.9114723570280013,0.9100773205552863,0.3184177466454634,1.0115894890975936,0.25231555731592475,1.025673251390088,0.1870048563520785
natural,refit_per_N,tuned_per_N,UNSW-NB15,100,4,3,full_test,RandomForest,0.6340101185359468,0.6708691638730991,0.701115865970769,0.6453628592414881,1682,0.9524375743162902,1.0,0.9756394640682094,0.1806406986347957,0.32915350963517387,0.3301360345916533,0.1788387362193053,0.42468489892984546,0.1656392922784681,0.4348454221165279,0.13675926802181795
natural,refit_per_N,tuned_per_N,UNSW-NB15,100,4,3,full_test,XGBoost,0.6769167164655924,0.6992056551523101,0.7167288302834992,0.679584784687626,1682,0.9215219976218787,1.0,0.9591584158415841,0.19497768096008633,0.3596682691346559,0.3809165708886832,0.1492652870472547,0.4122267434911694,0.19077980429692404,0.4392886483570058,0.11555650220382192
natural,refit_per_N,tuned_per_N,UNSW-NB15,100,5,3,fixed_300,QSVM_ZZ,0.6315289648622981,0.6766666666666666,0.7291666666666667,0.6481481481481481,6,0.8333333333333334,1.0,0.9090909090909091,0.34099170411223023,0.7055566020287919,0.711302857022542,0.3288368995890621,0.6827858344622822,0.4286181862325666,0.7259880211154663,0.3505016954431168
natural,refit_per_N,tuned_per_N,UNSW-NB15,100,5,3,fixed_300,QSVM_Z,0.5950780359319102,0.6566666666666666,0.7281746031746033,0.623905723905724,6,1.0,1.0,1.0,0.4009852899573334,0.9735340576017348,0.9607464776941522,0.43072493504665443,1.029591390687889,0.40505295588416285,1.029591390687889,0.40505295588416285
natural,refit_per_N,tuned_per_N,UNSW-NB15,100,5,3,fixed_300,SVM_Linear,0.5712625716231918,0.6433333333333333,0.7228682170542635,0.6084175084175084,6,1.0,1.0,1.0,0.35106848724535034,0.8861048895460844,0.8882720311083036,0.34554848685089906,0.973471261679323,0.13659947888483276,0.973471261679323,0.13659947888483276
natural,refit_per_N,tuned_per_N,UNSW-NB15,100,5,3,fixed_300,SVM_Poly2,0.5056818181818181,0.6133333333333333,0.7345454545454546,0.5723905723905724,6,1.0,1.0,1.0,0.2756062874215495,0.8996287510759007,0.9112497460651677,0.23433867739842293,1.0115044128879862,0.016347746012664144,1.0115044128879862,0.016347746012664144
natural,refit_per_N,tuned_per_N,UNSW-NB15,100,5,3,fixed_300,SVM_RBF,0.5276907001044931,0.6233333333333333,0.7314814814814815,0.5841750841750841,6,1.0,1.0,1.0,0.286856847004087,0.8173827844173381,0.8203976844437719,0.2781170730003173,0.9815622096650539,0.0723401061610265,0.9815622096650539,0.0723401061610265
natural,refit_per_N,tuned_per_N,UNSW-NB15,100,5,3,fixed_300,RandomForest,0.6919359710057384,0.7166666666666667,0.7471590909090908,0.6952861952861953,6,0.8333333333333334,1.0,0.9090909090909091,0.1953333333333333,0.28915086412152086,0.30843333333333334,0.16319378732728224,0.29000000000000004,0.21100947846009194,0.29000000000000004,0.21100947846009194
natural,refit_per_N,tuned_per_N,UNSW-NB15,100,5,3,fixed_300,XGBoost,0.7262222222222222,0.7433333333333333,0.7658730158730158,0.7255892255892256,6,1.0,1.0,1.0,0.22952693670988084,0.34573592595835567,0.39760153184334435,0.1188653315711913,0.40497978528340656,0.0954584751519013,0.40497978528340656,0.0954584751519013
natural,refit_per_N,tuned_per_N,UNSW-NB15,100,5,3,full_test,QSVM_ZZ,0.6274938440047424,0.6745615313608317,0.7287514700559374,0.6451963865391908,1682,0.9512485136741974,1.0,0.9750152346130408,0.34556470324674915,0.708043983441878,0.7083570894554444,0.3449224266939854,0.8113820755591968,0.3905807985750043,0.8634561173299619,0.25561253138237394
natural,refit_per_N,tuned_per_N,UNSW-NB15,100,5,3,full_test,QSVM_Z,0.6325504296248682,0.6792620123402808,0.7370559834837555,0.6498349772608575,1682,0.9803804994054697,1.0,0.9900930651456019,0.45973490259323935,0.9493448297255569,0.9600883981999058,0.4368547287497308,1.2402915250904498,0.41096088907691886,1.2619237435357857,0.3387630219824982
natural,refit_per_N,tuned_per_N,UNSW-NB15,100,5,3,full_test,SVM_Linear,0.6042726253513695,0.6628892775591507,0.7333593778753988,0.6303967425909983,1682,0.990487514863258,1.0,0.995221027479092,0.379136094226762,0.8659899004116417,0.8817945455410529,0.3407654105312583,0.9850522201436945,0.2495663261816974,0.9999055349009396,0.18110811370095284
natural,refit_per_N,tuned_per_N,UNSW-NB15,100,5,3,full_test,SVM_Poly2,0.5434700115115386,0.6326215809162902,0.7400436938096844,0.5939839442813502,1682,0.9928656361474435,1.0,0.9964200477326969,0.3126599405785797,0.9059346096379082,0.923018535762878,0.2578963707006036,0.9847284426226716,0.17477455480951376,0.9971138737231743,0.07746078716164338
natural,refit_per_N,tuned_per_N,UNSW-NB15,100,5,3,full_test,SVM_RBF,0.5655637516142752,0.6428849050187048,0.7347495372666268,0.6064013416928797,1682,0.9928656361474435,1.0,0.9964200477326969,0.3156893207242435,0.8079488300529881,0.8231852145843492,0.2735089791817546,0.9544858462044497,0.2296577161178591,0.9617234329078714,0.1971647427229179
natural,refit_per_N,tuned_per_N,UNSW-NB15,100,5,3,full_test,RandomForest,0.7044988855322845,0.7225501627556722,0.7397020442784596,0.7047554975782278,1682,0.9369797859690844,1.0,0.9674647022713321,0.19356635330126803,0.28261943667396566,0.2985721833551961,0.16791762993435855,0.3816498216409037,0.1880119198680055,0.3977675386444709,0.15095050040230504
natural,refit_per_N,tuned_per_N,UNSW-NB15,100,5,3,full_test,XGBoost,0.7151716414826301,0.7303964436671039,0.7439457200298603,0.7143148089411215,1682,0.9542211652794292,1.0,0.9765743839367204,0.2182500630295706,0.34864229737647146,0.39160851007174957,0.12580666266831791,0.4162556941883459,0.17814422411914885,0.4409252143288906,0.10290346398570444
natural,refit_per_N,tuned_per_N,UNSW-NB15,100,6,3,fixed_300,QSVM_ZZ,0.5977393200416046,0.6433333333333333,0.6708156779661016,0.6158249158249158,6,1.0,1.0,1.0,0.32404104748460666,0.6637012349681207,0.6559037436478226,0.33954706422217984,0.8350283874202099,0.21345875431517314,0.8350283874202099,0.21345875431517314
natural,refit_per_N,tuned_per_N,UNSW-NB15,100,6,3,fixed_300,QSVM_Z,0.6126833298905185,0.6666666666666666,0.730883813306852,0.6356902356902356,6,0.8333333333333334,1.0,0.9090909090909091,0.38314002102791034,0.7727066732095856,0.7990919178314113,0.3245365701926515,0.7396890952935592,0.5186085988882071,0.8622741881468445,0.26940315698353184
natural,refit_per_N,tuned_per_N,UNSW-NB15,100,6,3,fixed_300,SVM_Linear,0.5560841365767311,0.6433333333333333,0.7728544776119404,0.6050505050505051,6,1.0,1.0,1.0,0.33293909540106176,0.9397068670059021,0.9826850489711926,0.16801051060279032,1.0375303625627668,0.12011741453546225,1.0375303625627668,0.12011741453546225
natural,refit_per_N,tuned_per_N,UNSW-NB15,100,6,3,fixed_300,SVM_Poly2,0.5039611220543199,0.6166666666666667,0.7722367560497057,0.5747474747474748,6,1.0,1.0,1.0,0.25579723172723684,0.9458491371585861,0.9703221957156228,0.1361530408201449,1.005608533844708,0.016931455391248695,1.005608533844708,0.016931455391248695
natural,refit_per_N,tuned_per_N,UNSW-NB15,100,6,3,fixed_300,SVM_RBF,0.5586030758980622,0.6466666666666666,0.7887036814965823,0.608080808080808,6,1.0,1.0,1.0,0.27965760810422857,0.9158289094339519,0.9447621986115342,0.15612609391213217,0.992570066970042,0.0718165231119171,0.992570066970042,0.0718165231119171
natural,refit_per_N,tuned_per_N,UNSW-NB15,100,6,3,fixed_300,RandomForest,0.7109283196239717,0.7266666666666667,0.7406931964056482,0.7104377104377104,6,0.8333333333333334,1.0,0.9090909090909091,0.19019999999999998,0.30568250413350995,0.3239333333333333,0.15711469978613996,0.26,0.26586337343329813,0.325,0.18071616788027942
natural,refit_per_N,tuned_per_N,UNSW-NB15,100,6,3,fixed_300,XGBoost,0.6770334928229665,0.7,0.7195622435020519,0.6801346801346801,6,0.8333333333333334,1.0,0.9090909090909091,0.19375347753365835,0.3560619972353058,0.37801452577114103,0.14637477322817655,0.2527802586555481,0.30688034492384775,0.37709110975265503,0.1259988103596881
natural,refit_per_N,tuned_per_N,UNSW-NB15,100,6,3,full_test,QSVM_ZZ,0.6149114250845815,0.659743477627168,0.6968209746462013,0.631682981534433,1682,0.8549346016646849,1.0,0.9217948717948717,0.33016611918864724,0.666632906620227,0.6653186994404916,0.33280644017782657,0.7170916476518154,0.46228903997227433,0.7923428953536678,0.3164242781346737
natural,refit_per_N,tuned_per_N,UNSW-NB15,100,6,3,full_test,QSVM_Z,0.6340574364905518,0.6801000825924306,0.7369968507783302,0.6508692445644269,1682,0.9417360285374554,1.0,0.969993876301286,0.3909995274092221,0.7687849010344098,0.7954591683229527,0.3334000090337112,0.8574705419306252,0.37077268311369765,0.9021996606167831,0.24241263416969805
natural,refit_per_N,tuned_per_N,UNSW-NB15,100,6,3,full_test,SVM_Linear,0.5593820514037935,0.6460185590050042,0.7776300280944621,0.6073643103970466,1682,0.9928656361474435,1.0,0.9964200477326969,0.3397491552600605,0.9242581895084752,0.9705460517004665,0.16650240509387407,1.0602805196001919,0.22787466135287857,1.0730636097434725,0.15702270846807811
natural,refit_per_N,tuned_per_N,UNSW-NB15,100,6,3,full_test,SVM_Poly2,0.5172438552479938,0.6240829811009085,0.7766432947763164,0.5824397955265775,1682,0.9964328180737217,1.0,0.9982132221560452,0.27124728630537925,0.9446810489592109,0.9735333651745706,0.1350191152488547,0.9969174773642604,0.12756776650692692,1.0040267936627896,0.04525692580262821
natural,refit_per_N,tuned_per_N,UNSW-NB15,100,6,3,full_test,SVM_RBF,0.5589532300488897,0.6468323373657873,0.7859306879072876,0.6078847303140076,1682,0.995243757431629,1.0,0.9976162097735399,0.28996169053562754,0.9101589110721041,0.9433936128138662,0.14991836673416103,1.0078278712829534,0.1366910945061501,1.0135872373326649,0.08391892377976758
natural,refit_per_N,tuned_per_N,UNSW-NB15,100,6,3,full_test,RandomForest,0.7123544697543711,0.7258660059272215,0.7349970177344585,0.7112165822842166,1682,0.8703923900118906,1.0,0.9307056579783852,0.19624884613516008,0.30069957206333986,0.3211559296506826,0.16060109308053688,0.3390309155766944,0.23542492055394212,0.38592746730083227,0.14637911366505346
natural,refit_per_N,tuned_per_N,UNSW-NB15,100,6,3,full_test,XGBoost,0.6934088243632813,0.7103070495068746,0.7217553208919496,0.693652426184236,1682,0.8781212841854935,1.0,0.9351060462171573,0.1991787688271017,0.35340518905518026,0.37939331183432723,0.1436249439964684,0.3574589113843285,0.2463725502352105,0.4135654166110489,0.13206041428376677
natural,refit_per_N,tuned_per_N,UNSW-NB15,100,7,3,fixed_300,QSVM_ZZ,0.5507126626730015,0.6133333333333333,0.6392177832098388,0.5818181818181818,6,0.6666666666666666,1.0,0.8,0.25563004138495926,0.6778199655957209,0.6475525339972438,0.32474965670868505,0.3321329186570435,0.5711099566848739,0.5522722257592122,0.3625937767463894
natural,refit_per_N,tuned_per_N,UNSW-NB15,100,7,3,fixed_300,QSVM_Z,0.6641623961391114,0.7,0.7483825507654859,0.674074074074074,6,0.5,1.0,0.6666666666666666,0.3823965551729256,0.7989970867178433,0.8405679629915185,0.27940824895484073,0.08625022943759802,0.9150506170194613,0.9005782367525486,0.1836180091205803
natural,refit_per_N,tuned_per_N,UNSW-NB15,100,7,3,fixed_300,SVM_Linear,0.6762166405023547,0.7066666666666667,0.7457606662241265,0.6828282828282828,6,0.5,1.0,0.6666666666666666,0.39835517386557057,0.7873454617748062,0.7829714180918415,0.4068850933299262,0.3201611566072334,0.7137766836500641,0.7061674935009902,0.3366122271176348
natural,refit_per_N,tuned_per_N,UNSW-NB15,100,7,3,fixed_300,SVM_Poly2,0.5899442538593482,0.66,0.7620303230059328,0.6249158249158249,6,0.8333333333333334,1.0,0.9090909090909091,0.31134205323349706,0.8626195091972457,0.8808803597294066,0.25513934154171114,0.6274843004458869,0.4209896180956045,0.6594621985005864,0.3688880786893501
natural,refit_per_N,tuned_per_N,UNSW-NB15,100,7,3,fixed_300,SVM_RBF,0.6410172437681854,0.6833333333333333,0.7348197343453511,0.6555555555555556,6,0.5,1.0,0.6666666666666666,0.36891140840132314,0.7909453299003606,0.8055232479597956,0.3358905165915524,0.2500052532845643,0.7917284088643327,0.7602558248803226,0.33368784935665147
natural,refit_per_N,tuned_per_N,UNSW-NB15,100,7,3,fixed_300,RandomForest,0.7057587221521648,0.72,0.7295341474445952,0.705050505050505,6,0.5,1.0,0.6666666666666666,0.17886666666666667,0.3028262134551029,0.30946666666666667,0.16711487732162633,0.08666666666666667,0.3303995897226401,0.325,0.10511898020814317
natural,refit_per_N,tuned_per_N,UNSW-NB15,100,7,3,fixed_300,XGBoost,0.69662098545873,0.71,0.716131907308378,0.6959595959595959,6,0.5,1.0,0.6666666666666666,0.18523340046405792,0.3096183863958849,0.3276722365617752,0.1510161025469588,0.10764816403388977,0.34908498592010895,0.3449641366799672,0.12020066147636112
natural,refit_per_N,tuned_per_N,UNSW-NB15,100,7,3,full_test,QSVM_ZZ,0.5913818598393407,0.644949715784871,0.6853582154378909,0.6146025777387729,1682,0.8787158145065398,1.0,0.9354430379746835,0.28876082871158326,0.6732682061831563,0.6525502598813933,0.33294301612139504,0.6302808230648564,0.4609348863937573,0.7016346874749435,0.34267134509625563
natural,refit_per_N,tuned_per_N,UNSW-NB15,100,7,3,full_test,QSVM_Z,0.6687967245032181,0.7003716659379099,0.7375830821742229,0.6760486512719373,1682,0.9209274673008323,1.0,0.9588362735995049,0.3919290081379812,0.794946486409727,0.8423742393020377,0.275597359630867,0.7931779960671145,0.4689409524175437,0.9004270478513722,0.19562229371157872
natural,refit_per_N,tuned_per_N,UNSW-NB15,100,7,3,full_test,SVM_Linear,0.6777456726075104,0.7022664334645096,0.7251679801141927,0.6813285430493584,1682,0.896551724137931,1.0,0.9454545454545454,0.41828266425384797,0.7680723142677827,0.7685630770037998,0.41738023890262965,0.8197721991012534,0.456944040866562,0.8864827569455987,0.3081763075593215
natural,refit_per_N,tuned_per_N,UNSW-NB15,100,7,3,full_test,SVM_Poly2,0.595117572357327,0.6637394937569839,0.7658448118682019,0.6285136661412141,1682,0.9785969084423306,1.0,0.9891826923076923,0.33324808883447077,0.848940183648837,0.873117461946883,0.263476036422635,0.9172867671762113,0.24010766907165002,0.932184341575224,0.1734908046715222
natural,refit_per_N,tuned_per_N,UNSW-NB15,100,7,3,full_test,SVM_RBF,0.6561185252051966,0.6910192877617451,0.7299527984694516,0.6655960540969806,1682,0.9292508917954816,1.0,0.9633281972265023,0.37869960517210083,0.7827034797875082,0.8047896976417126,0.3291681497331417,0.8568789989821072,0.42224336743505425,0.928226719303044,0.2256684244890726
natural,refit_per_N,tuned_per_N,UNSW-NB15,100,7,3,full_test,RandomForest,0.6950809198845376,0.710137006267308,0.7185106294023278,0.6947647363237233,1682,0.8347205707491082,1.0,0.9099157485418017,0.17610710294903562,0.3060338606175957,0.31129415051255893,0.16663249206045178,0.25322235434007134,0.22991808865500554,0.3030439952437574,0.15858191944544361
natural,refit_per_N,tuned_per_N,UNSW-NB15,100,7,3,full_test,XGBoost,0.6950304566698337,0.7046956226011757,0.7051224039251196,0.6937850393851012,1682,0.7164090368608799,1.0,0.8347765846899896,0.17548234649742797,0.316207022730414,0.3268392170105541,0.15478068800791603,0.1987433254931401,0.2652181610887678,0.28913147037009423,0.16199560253601686
natural,refit_per_N,tuned_per_N,UNSW-NB15,100,8,3,fixed_300,QSVM_ZZ,0.41699438417162704,0.5766666666666667,0.7825342465753424,0.5296296296296297,6,1.0,1.0,1.0,0.20205129835962043,0.8611349640872885,0.8715535068760566,0.1509060575141762,0.8676263272602306,0.14167486570724766,0.8676263272602306,0.14167486570724766
natural,refit_per_N,tuned_per_N,UNSW-NB15,100,8,3,fixed_300,QSVM_Z,0.41699438417162704,0.5766666666666667,0.7825342465753424,0.5296296296296297,6,1.0,1.0,1.0,0.19141312416608997,0.8854834105388928,0.8816258208918555,0.208460467185926,0.9338499685524427,0.08272399229089754,0.9338499685524427,0.08272399229089754
natural,refit_per_N,tuned_per_N,UNSW-NB15,100,8,3,fixed_300,SVM_Linear,0.6595967530767216,0.6966666666666667,0.7457264957264957,0.6703703703703704,6,1.0,1.0,1.0,0.8045312873655807,1.4231976902080823,1.3964716431831483,0.8500760010429047,1.4178073795694424,0.8785769066625191,1.4178073795694424,0.8785769066625191
natural,refit_per_N,tuned_per_N,UNSW-NB15,100,8,3,fixed_300,SVM_Poly2,0.5336183443451225,0.6266666666666667,0.7347403765439502,0.5878787878787879,6,1.0,1.0,1.0,0.3444937605161111,0.9607392733426133,0.958277245475335,0.35128424841092554,1.1912516153536146,0.2793330829795412,1.1912516153536146,0.2793330829795412
natural,refit_per_N,tuned_per_N,UNSW-NB15,100,8,3,fixed_300,SVM_RBF,0.49942241047362346,0.61,0.7309782608695652,0.5686868686868687,6,1.0,1.0,1.0,0.26936102635485565,0.834653338875731,0.8288573984015486,0.2867001425363502,0.9293199486211728,0.09306337347966206,0.9293199486211728,0.09306337347966206
natural,refit_per_N,tuned_per_N,UNSW-NB15,100,8,3,fixed_300,RandomForest,0.6936740121580547,0.7133333333333334,0.7312423451727994,0.694949494949495,6,0.8333333333333334,1.0,0.9090909090909091,0.1873521112244814,0.3174712372367741,0.3192114895438696,0.18437143215829996,0.28059494680923364,0.20342596880857514,0.2888636196266424,0.19150315458701592
natural,refit_per_N,tuned_per_N,UNSW-NB15,100,8,3,fixed_300,XGBoost,0.684981684981685,0.7133333333333334,0.7511111111111111,0.6902356902356903,6,1.0,1.0,1.0,0.192474946975708,0.3459790048752424,0.3630161348978678,0.158010641513721,0.3752798835436503,0.13228864864160192,0.3752798835436503,0.13228864864160192
natural,refit_per_N,tuned_per_N,UNSW-NB15,100,8,3,full_test,QSVM_ZZ,0.43938920936726145,0.587062138658116,0.7797369322081574,0.5406594673293252,1682,1.0,1.0,1.0,0.22183387459349577,0.8576152794695189,0.8730397455140855,0.15005278487733853,0.9491517797367345,0.10417569153768887,0.9491517797367345,0.10417569153768887
natural,refit_per_N,tuned_per_N,UNSW-NB15,100,8,3,full_test,QSVM_Z,0.43934020582971217,0.5869771170383326,0.778596405495152,0.5405822591761442,1682,1.0,1.0,1.0,0.21443664312770694,0.8667339848414894,0.8653351363183727,0.2200135819624563,0.9410289438758791,0.1495451163785468,0.9410289438758791,0.1495451163785468
natural,refit_per_N,tuned_per_N,UNSW-NB15,100,8,3,full_test,SVM_Linear,0.6773320930346276,0.7044405577418258,0.7337482739697967,0.6820932662566387,1682,0.9268727705112961,1.0,0.9620487503856834,0.7878438896623945,1.3780591716899762,1.3311971856959763,0.8646728444633531,1.8769408748982408,0.8634724986654968,1.93202799608027,0.7319560274889916
natural,refit_per_N,tuned_per_N,UNSW-NB15,100,8,3,full_test,SVM_Poly2,0.569476691011267,0.6463707914298207,0.7435486748274132,0.6098475428132624,1682,0.9803804994054697,1.0,0.9900930651456019,0.36941593807961925,0.9255136209842194,0.9263744051823567,0.3672520379216452,1.2002822838602492,0.40294800253392343,1.2194580283077445,0.3405389418123031
natural,refit_per_N,tuned_per_N,UNSW-NB15,100,8,3,full_test,SVM_RBF,0.5347216813291943,0.6282126026332411,0.7393914854756547,0.5888798366883605,1682,0.9809750297265161,1.0,0.9903961584633854,0.2950462814013259,0.8065361531340565,0.8033750118985916,0.30354812590093644,0.9320267116636792,0.24412679636997733,0.939325588952604,0.2143341361037084
natural,refit_per_N,tuned_per_N,UNSW-NB15,100,8,3,full_test,RandomForest,0.6895924244907063,0.7061531360831754,0.7160120463145823,0.6898429997543647,1682,0.9078478002378121,1.0,0.9516983483951387,0.18296007725855312,0.31804418745271634,0.3191396617641465,0.18104245726342888,0.39149015807096266,0.20024116875625378,0.4135972246278519,0.14932650572298278
natural,refit_per_N,tuned_per_N,UNSW-NB15,100,8,3,full_test,XGBoost,0.6714833178922599,0.6947845309235777,0.7125118117189139,0.674742862866396,1682,0.9310344827586207,1.0,0.9642857142857143,0.18156318100329386,0.3506219645901137,0.3638625907384231,0.1533132929989719,0.40905483589728014,0.19638606118668173,0.4366493931706822,0.12341252466036362
natural,refit_per_N,tuned_per_N,UNSW-NB15,100,9,3,fixed_300,QSVM_ZZ,0.5944849959448499,0.65,0.6998644986449865,0.6191919191919192,6,0.8333333333333334,1.0,0.9090909090909091,0.3160881804898092,0.6656937671805572,0.657752354128354,0.33229771312335016,0.6002840883525876,0.4963332083673695,0.6622122012709291,0.4100763842815802
natural,refit_per_N,tuned_per_N,UNSW-NB15,100,9,3,fixed_300,QSVM_Z,0.5606794824005538,0.6333333333333333,0.6988507827345941,0.5986531986531987,6,1.0,1.0,1.0,0.3211027583226199,0.8379434580418095,0.8477693779650856,0.29418242990048254,1.000566374162859,0.026544614576101855,1.000566374162859,0.026544614576101855
natural,refit_per_N,tuned_per_N,UNSW-NB15,100,9,3,fixed_300,SVM_Linear,0.644633972992182,0.6833333333333333,0.7263014763014763,0.6569023569023569,6,0.8333333333333334,1.0,0.9090909090909091,0.40597935325522594,0.8317787449484041,0.8110180235799065,0.4460099564426966,0.5842068290069303,0.4454418979476912,0.6173199729821249,0.3982865230746862
natural,refit_per_N,tuned_per_N,UNSW-NB15,100,9,3,fixed_300,SVM_Poly2,0.5712625716231918,0.6433333333333333,0.7228682170542635,0.6084175084175084,6,1.0,1.0,1.0,0.3447885336546641,1.239127062089787,1.0292619987451954,0.771320132553303,0.9326233071472618,0.2487297555879363,0.9326233071472618,0.2487297555879363
natural,refit_per_N,tuned_per_N,UNSW-NB15,100,9,3,fixed_300,SVM_RBF,0.655,0.6933333333333334,0.7430441898527005,0.6666666666666667,6,1.0,1.0,1.0,0.3781163850853266,0.7641335740767685,0.772865932097291,0.3599310638229451,0.6837606435955053,0.36049126115050023,0.6837606435955053,0.36049126115050023
natural,refit_per_N,tuned_per_N,UNSW-NB15,100,9,3,fixed_300,RandomForest,0.5942474966187291,0.6366666666666667,0.6559330628803246,0.6104377104377104,6,0.8333333333333334,1.0,0.9090909090909091,0.13398666666666667,0.3093015354346341,0.2997066666666667,0.15425881051733226,0.17333333333333334,0.2284693025818178,0.228,0.1739501844398754
natural,refit_per_N,tuned_per_N,UNSW-NB15,100,9,3,fixed_300,XGBoost,0.5832872367887303,0.6233333333333333,0.633406432748538,0.5983164983164984,6,0.6666666666666666,1.0,0.8,0.12783060252666473,0.32984803217821657,0.32210408210754393,0.1462509745739444,0.18356512983640036,0.242036913838468,0.2697633405526479,0.1396630396568133
natural,refit_per_N,tuned_per_N,UNSW-NB15,100,9,3,full_test,QSVM_ZZ,0.6093861003383241,0.6598406451926347,0.7078817599965535,0.6299208053019048,1682,0.9090368608799049,1.0,0.9523512924322641,0.3324547153031241,0.680697858767288,0.6720981719647802,0.349513604741293,0.7645024539426002,0.4416359741307834,0.8312886580060342,0.29743150942902835
natural,refit_per_N,tuned_per_N,UNSW-NB15,100,9,3,full_test,QSVM_Z,0.6216821528686829,0.6720594665500655,0.7318850424337653,0.6417022424347933,1682,0.9560047562425684,1.0,0.9775075987841946,0.3779757642209497,0.8292476420393762,0.8597422943763867,0.30225902373081054,0.8770533334984204,0.33310562359636076,0.9183177633792801,0.19202705990117278
natural,refit_per_N,tuned_per_N,UNSW-NB15,100,9,3,full_test,SVM_Linear,0.6610790983160735,0.6965335471019773,0.7405464706343414,0.670670616305885,1682,0.9363852556480381,1.0,0.9671476819158735,0.42307559444797577,0.8084528995623,0.7934955474627191,0.4505040128401056,0.8406995384398633,0.38356450732621,0.8665063006587534,0.32103625361021026
natural,refit_per_N,tuned_per_N,UNSW-NB15,100,9,3,full_test,SVM_Poly2,0.6056673404592139,0.6655613856094835,0.7430530048273534,0.6325997445870825,1682,0.9821640903686087,1.0,0.991001799640072,0.4314518819625934,1.215941887202267,1.0094193556305187,0.8035782251781978,0.9110524942949348,0.36461851021708613,0.9225524416076718,0.33445522546025985
natural,refit_per_N,tuned_per_N,UNSW-NB15,100,9,3,full_test,SVM_RBF,0.6646911185392133,0.6999101200019433,0.7457618070884366,0.6740150660234046,1682,0.9399524375743162,1.0,0.9690468893656145,0.3809783033556974,0.7533617699864487,0.7618287370476868,0.36375183781422593,0.8524807285970273,0.35118985656199336,0.880051285022688,0.27489533228352137
natural,refit_per_N,tuned_per_N,UNSW-NB15,100,9,3,full_test,RandomForest,0.646102161591557,0.6822499149783802,0.7181752485681088,0.6566316223132159,1682,0.896551724137931,1.0,0.9454545454545454,0.15922875674099984,0.30243901583705285,0.304524048972453,0.15520392672607436,0.24131866825208087,0.1897015729975659,0.27366349583828775,0.1390312104898614
natural,refit_per_N,tuned_per_N,UNSW-NB15,100,9,3,full_test,XGBoost,0.643824913269962,0.6781931691201477,0.7081852607462733,0.6534494134565166,1682,0.8620689655172413,1.0,0.9259259259259259,0.15798224516146697,0.32542699003922987,0.3322225248778011,0.14314087325453118,0.24278423298199026,0.19333850768756386,0.28653050420471377,0.11926538684672941
natural,refit_per_N,tuned_per_N,UNSW-NB15,100,10,3,fixed_300,QSVM_ZZ,0.5760715967969854,0.63,0.6592333998290111,0.6003367003367004,6,0.8333333333333334,1.0,0.9090909090909091,0.3137626936782265,0.7066094878435474,0.6838947958315127,0.36059936839838,0.6895402904286924,0.6453264064014375,0.9265368542456925,0.18287001024764746
natural,refit_per_N,tuned_per_N,UNSW-NB15,100,10,3,fixed_300,QSVM_Z,0.6463624970530208,0.6833333333333333,0.7224898580121704,0.6575757575757576,6,0.8333333333333334,1.0,0.9090909090909091,0.40083767256345465,0.8681929924500321,0.8810075708655514,0.3718273416022673,0.5460774816380565,0.7243153293353898,0.8529060061848383,0.3088440656321971
natural,refit_per_N,tuned_per_N,UNSW-NB15,100,10,3,fixed_300,SVM_Linear,0.6332201296696511,0.67,0.7003105590062111,0.6447811447811448,6,0.8333333333333334,1.0,0.9090909090909091,0.5731891086574107,1.0540397743189172,1.0270473267842772,0.6202575180318423,0.5776129545567209,0.5365928603341662,0.6506157852269295,0.4452726390054664
natural,refit_per_N,tuned_per_N,UNSW-NB15,100,10,3,fixed_300,SVM_Poly2,0.4625234962406015,0.5933333333333334,0.729162336312617,0.5494949494949495,6,1.0,1.0,1.0,0.25244861175344063,0.9201398328112658,0.921853534069769,0.24611719815011004,0.9855195985947498,0.09640352603791587,0.9855195985947498,0.09640352603791587
natural,refit_per_N,tuned_per_N,UNSW-NB15,100,10,3,fixed_300,SVM_RBF,0.7345874464518531,0.7466666666666667,0.7578486491865267,0.7326599326599326,6,0.8333333333333334,1.0,0.9090909090909091,0.49511072017390384,0.9261287887143197,0.9626443651300065,0.4197201267511741,0.6479209184446667,0.7641688959214764,0.9288457548593358,0.3755012406528363
natural,refit_per_N,tuned_per_N,UNSW-NB15,100,10,3,fixed_300,RandomForest,0.64,0.68,0.723404255319149,0.6531986531986532,6,0.8333333333333334,1.0,0.9090909090909091,0.16966666666666663,0.3241651670916472,0.33546666666666664,0.14605460926957728,0.2308333333333333,0.31110577872414324,0.3541666666666667,0.15696115938522992
natural,refit_per_N,tuned_per_N,UNSW-NB15,100,10,3,fixed_300,XGBoost,0.644633972992182,0.6833333333333333,0.7263014763014763,0.6569023569023569,6,0.8333333333333334,1.0,0.9090909090909091,0.16627021739880243,0.3426846703130075,0.35530013968547186,0.1372602608217828,0.20218275984128317,0.28778607895752206,0.31823308269182843,0.14975446804432585
natural,refit_per_N,tuned_per_N,UNSW-NB15,100,10,3,full_test,QSVM_ZZ,0.6217305402587402,0.6642982072584172,0.7005717060007357,0.636872254191896,1682,0.9405469678953626,1.0,0.9693627450980392,0.3657635813442743,0.6950011112433326,0.6936629289702192,0.3682951031981194,0.8349263740973202,0.4396404997882244,0.8979573587500147,0.28992826885979084
natural,refit_per_N,tuned_per_N,UNSW-NB15,100,10,3,full_test,QSVM_Z,0.6549090149112993,0.6855171743671963,0.7124313346281417,0.6621593957850906,1682,0.9191438763376932,1.0,0.9578686493184635,0.4335985286580114,0.8439490033402648,0.8688989942903005,0.38114582775457867,0.8502086624673643,0.4827056283137218,0.9495223779293637,0.23295224221212446
natural,refit_per_N,tuned_per_N,UNSW-NB15,100,10,3,full_test,SVM_Linear,0.6282274539830177,0.6665452072098333,0.6967311226420193,0.6406166266416421,1682,0.9417360285374554,1.0,0.969993876301286,0.5324295224144202,1.0489870955882719,1.0082176223334072,0.6060959899764535,0.9695690993863563,0.4336937243737855,1.0063519373963457,0.33972086062633305
natural,refit_per_N,tuned_per_N,UNSW-NB15,100,10,3,full_test,SVM_Poly2,0.4988211991149218,0.6099208084341446,0.729510441777631,0.5680913405243239,1682,0.9946492271105827,1.0,0.9973174366616989,0.270658795944174,0.9225350326219925,0.9306297300904445,0.24136150419774383,0.9707848938875793,0.1759558644589447,0.9790913628793891,0.12150670587582171
natural,refit_per_N,tuned_per_N,UNSW-NB15,100,10,3,full_test,SVM_RBF,0.7165915926833433,0.7280765680415877,0.73409238412332,0.7150272166192487,1682,0.8745541022592153,1.0,0.9330796067237551,0.4756139001100966,0.9180855639518828,0.9580366262981098,0.38891581015191357,0.8976733768278391,0.681967123814591,1.091923088185318,0.2803580191777648
natural,refit_per_N,tuned_per_N,UNSW-NB15,100,10,3,full_test,RandomForest,0.6655646044989423,0.6935699363552447,0.7194539316967142,0.6711585956820669,1682,0.9161712247324614,1.0,0.9562519391870927,0.18019445659039013,0.32117820505264727,0.33799567604333675,0.14623407456114362,0.3691082045184304,0.19406313605865214,0.39977407847800234,0.11866782881978755
natural,refit_per_N,tuned_per_N,UNSW-NB15,100,10,3,full_test,XGBoost,0.657484968580661,0.689695379682262,0.7220076526807432,0.665476739776925,1682,0.9227110582639715,1.0,0.9598021026592455,0.17217382737184958,0.3430379054187407,0.3596018259368519,0.1341840458803891,0.36020781698677684,0.18239960970522345,0.39219606427672926,0.09592463815329624
natural,refit_per_N,tuned_per_N,UNSW-NB15,500,1,14,fixed_300,QSVM_ZZ,0.674732640086738,0.7066666666666667,0.7495540931176579,0.6821548821548822,6,0.8333333333333334,1.0,0.9090909090909091,0.4148619055891727,0.7509629068860934,0.7869226190580043,0.34177255571912446,0.7330015282939795,0.5876516862800782,0.9218241353576069,0.18128984621685135
natural,refit_per_N,tuned_per_N,UNSW-NB15,500,1,14,fixed_300,QSVM_Z,0.6033177064551027,0.67,0.7782392026578073,0.6353535353535353,6,1.0,1.0,1.0,0.3712028388497295,0.8619631567261886,0.9069529084475363,0.24126428036911954,0.9551775533061511,0.18476548882677754,0.9551775533061511,0.18476548882677754
natural,refit_per_N,tuned_per_N,UNSW-NB15,500,1,14,fixed_300,SVM_Linear,0.5079792923458691,0.6166666666666667,0.7536231884057971,0.5754208754208754,6,1.0,1.0,1.0,0.3752709832130284,1.070950680551541,1.09632964921405,0.2929589924710954,1.0108574242970845,0.033131357780397365,1.0108574242970845,0.033131357780397365
natural,refit_per_N,tuned_per_N,UNSW-NB15,500,1,14,fixed_300,SVM_Poly2,0.5899627118194244,0.6566666666666666,0.7423650568181819,0.6225589225589225,6,1.0,1.0,1.0,0.3193671505836937,0.8841741945308333,0.8846089180674208,0.31816103661790934,0.9849414545467073,0.18545052413986923,0.9849414545467073,0.18545052413986923
natural,refit_per_N,tuned_per_N,UNSW-NB15,500,1,14,fixed_300,SVM_RBF,0.6204296632927081,0.6733333333333333,0.7423420670689787,0.6424242424242425,6,1.0,1.0,1.0,0.3448722544247265,0.857901660679744,0.8863111384872233,0.2634097512669911,0.9044870917951434,0.18584642649155628,0.9044870917951434,0.18584642649155628
natural,refit_per_N,tuned_per_N,UNSW-NB15,500,1,14,fixed_300,RandomForest,0.7129186602870814,0.7333333333333333,0.7606019151846786,0.7138047138047138,6,0.8333333333333334,1.0,0.9090909090909091,0.2202333333333333,0.30420515920820423,0.3354333333333333,0.16890227615070463,0.31666666666666665,0.21408072205491918,0.31666666666666665,0.21408072205491918
natural,refit_per_N,tuned_per_N,UNSW-NB15,500,1,14,fixed_300,XGBoost,0.6747036391768906,0.7033333333333334,0.7361372180451128,0.6804713804713804,6,0.8333333333333334,1.0,0.9090909090909091,0.19844913184642793,0.2740793184087483,0.29485198577245075,0.16602360433398458,0.2784401973088582,0.20641477139782952,0.2831372817357381,0.19992318779949309
natural,refit_per_N,tuned_per_N,UNSW-NB15,500,1,14,full_test,QSVM_ZZ,0.6697178609229069,0.7017198659087597,0.7407875151592097,0.6771537306741136,1682,0.9405469678953626,1.0,0.9693627450980392,0.4121801453113695,0.7478683708204236,0.7822587303401933,0.34244831882934545,0.9005103742469177,0.40503038926388685,0.9591948139523957,0.23433706330926088
natural,refit_per_N,tuned_per_N,UNSW-NB15,500,1,14,full_test,QSVM_Z,0.6017515360940371,0.6701161152407327,0.783136475834159,0.6346867793408868,1682,0.9887039239001189,1.0,0.9943198804185351,0.38128971883775564,0.8470436590318051,0.8925544289025803,0.25731576213623736,0.9950095746495496,0.2446935612880516,1.006430637895082,0.19239637129167877
natural,refit_per_N,tuned_per_N,UNSW-NB15,500,1,14,full_test,SVM_Linear,0.5236003333254371,0.6259898945731914,0.7649884666697164,0.585065623949194,1682,0.9928656361474435,1.0,0.9964200477326969,0.38885904821871453,1.061920388729915,1.0968097417481215,0.2754898578682652,1.0278036421296808,0.17643657521024472,1.0402251533580262,0.07376870724248767
natural,refit_per_N,tuned_per_N,UNSW-NB15,500,1,14,full_test,SVM_Poly2,0.6324897825124903,0.6869989797405626,0.7772481990471152,0.6547298382384856,1682,0.9815695600475625,1.0,0.9906990699069907,0.36543365692258195,0.857422271438672,0.8729667138465808,0.3265636625326908,0.9911318901903946,0.28032428846270846,1.005360085691864,0.22399827801158678
natural,refit_per_N,tuned_per_N,UNSW-NB15,500,1,14,full_test,SVM_RBF,0.6548748627965182,0.6990599038041102,0.7698345508800075,0.6697085693299405,1682,0.9678953626634959,1.0,0.9836858006042296,0.3967873776562264,0.8291437696343282,0.8776137023390519,0.2733382579469455,0.9424318562878652,0.30370621235810213,0.9725704385106667,0.18580099382475135
natural,refit_per_N,tuned_per_N,UNSW-NB15,500,1,14,full_test,RandomForest,0.7034282922947547,0.7239469465092552,0.7470425121989189,0.704543585940127,1682,0.9334126040428062,1.0,0.965559655596556,0.21548419812466602,0.29982231033949647,0.3268417504736919,0.17175950502384593,0.39939655172413796,0.18433092769170908,0.4155083234244946,0.14438950653625637
natural,refit_per_N,tuned_per_N,UNSW-NB15,500,1,14,full_test,XGBoost,0.6902800681087475,0.7180926006898897,0.7565443726464974,0.6948831265307486,1682,0.9470868014268727,1.0,0.972824427480916,0.19817041727335385,0.26894614541019957,0.28814435597781174,0.16904547770180522,0.3743794883084212,0.17219613624257926,0.38364540770490446,0.1504251034564572
natural,refit_per_N,tuned_per_N,UNSW-NB15,500,2,14,fixed_300,QSVM_ZZ,0.6439016630159449,0.6766666666666666,0.7035996173164315,0.6528619528619528,6,1.0,1.0,1.0,0.4278046067347498,0.8856071191188946,0.8850117911878984,0.4290348242694636,1.1023215822789538,0.4189622593068034,1.1023215822789538,0.4189622593068034
natural,refit_per_N,tuned_per_N,UNSW-NB15,500,2,14,fixed_300,QSVM_Z,0.6182016518622409,0.6733333333333333,0.7486416253248287,0.6417508417508417,6,1.0,1.0,1.0,0.45764252999182103,0.9220979815069408,0.9682662429986116,0.34951660250386185,0.8638863706388628,0.23901985545492208,0.8638863706388628,0.23901985545492208
natural,refit_per_N,tuned_per_N,UNSW-NB15,500,2,14,fixed_300,SVM_Linear,0.5165361742181149,0.6233333333333333,0.776268115942029,0.5821548821548821,6,1.0,1.0,1.0,0.3193527806498084,0.973141561632837,0.9963879361940062,0.2370691420092676,1.0697485728395433,0.22697366647356343,1.0697485728395433,0.22697366647356343
natural,refit_per_N,tuned_per_N,UNSW-NB15,500,2,14,fixed_300,SVM_Poly2,0.5497427101200686,0.6266666666666667,0.6914022035973255,0.5912457912457912,6,1.0,1.0,1.0,0.364796624731242,0.9569632994841375,0.9564086192247002,0.36624839528327835,0.887742064516627,0.24078919883506147,0.887742064516627,0.24078919883506147
natural,refit_per_N,tuned_per_N,UNSW-NB15,500,2,14,fixed_300,SVM_RBF,0.6225930680359435,0.6733333333333333,0.7365491651205937,0.6430976430976431,6,1.0,1.0,1.0,0.3419655890804218,0.8725501530820244,0.8963063564871605,0.27371362603877697,0.920691699867945,0.15129718572441797,0.920691699867945,0.15129718572441797
natural,refit_per_N,tuned_per_N,UNSW-NB15,500,2,14,fixed_300,RandomForest,0.6658757445160041,0.6933333333333334,0.7186551348874506,0.6713804713804714,6,0.8333333333333334,1.0,0.9090909090909091,0.1998455409330638,0.3186480977257427,0.3347349473806985,0.17154406261105157,0.3416776034236804,0.23569251159319787,0.39432239657631957,0.12963175637461424
natural,refit_per_N,tuned_per_N,UNSW-NB15,500,2,14,fixed_300,XGBoost,0.6656239887822242,0.69,0.7083333333333333,0.6696969696969697,6,0.8333333333333334,1.0,0.9090909090909091,0.20748633176088332,0.35544505987978126,0.3813377546270688,0.15483308870042628,0.3431817988554637,0.2789037488419414,0.43397681911786395,0.08500099206539538
natural,refit_per_N,tuned_per_N,UNSW-NB15,500,2,14,full_test,QSVM_ZZ,0.6940922707832009,0.71663508720789,0.7413823557896708,0.696294197047131,1682,0.9381688466111772,1.0,0.9680981595092024,0.48348871938047044,0.8767435316374,0.9086625903211063,0.4204436454355392,1.0452030225083384,0.551872737043862,1.1060622669113354,0.41670029741746933
natural,refit_per_N,tuned_per_N,UNSW-NB15,500,2,14,full_test,QSVM_Z,0.6649440440946205,0.7042462226108925,0.7650294521040437,0.6765145747529935,1682,0.9619500594530321,1.0,0.9806060606060606,0.5009835355625769,0.8913893668602558,0.953403794310817,0.3695682768448138,0.9249014431902547,0.3136150419514559,0.959081450816369,0.18428197104871166
natural,refit_per_N,tuned_per_N,UNSW-NB15,500,2,14,full_test,SVM_Linear,0.544107562988205,0.638342321333139,0.7808566276108275,0.5984611383641649,1682,0.995243757431629,1.0,0.9976162097735399,0.35314963651371306,0.9417905363609492,0.9791086638033359,0.23028309667463212,1.1721374905751942,0.2559180629308662,1.1800430225290852,0.21656134633544702
natural,refit_per_N,tuned_per_N,UNSW-NB15,500,2,14,full_test,SVM_Poly2,0.6217217601562541,0.6736991692173152,0.7394261279352431,0.6427690146689529,1682,0.9500594530321046,1.0,0.974390243902439,0.41557394954901333,0.9043294710171297,0.9214723932540211,0.37603474329454484,0.9102392675632504,0.3581491302824118,0.9508383165628256,0.22959272525954003
natural,refit_per_N,tuned_per_N,UNSW-NB15,500,2,14,full_test,SVM_RBF,0.6629609763056408,0.7008696497109265,0.7546574908196578,0.6738308098091915,1682,0.9458977407847801,1.0,0.972196761380996,0.3967138740563365,0.8401830982895415,0.8825088404355428,0.2906332449554147,0.9085210406508234,0.3730197182784362,0.9657399018423264,0.17860748449981795
natural,refit_per_N,tuned_per_N,UNSW-NB15,500,2,14,full_test,RandomForest,0.708703017207925,0.7299106058397706,0.7571600872690063,0.7098747379692407,1682,0.9143876337693222,1.0,0.9552795031055901,0.21427357645139783,0.3103145636454004,0.3383851270783865,0.1664445846155785,0.38906986619818423,0.21319369258035403,0.42286173385426357,0.13421946722173153
natural,refit_per_N,tuned_per_N,UNSW-NB15,500,2,14,full_test,XGBoost,0.7172977296097187,0.734951173298353,0.7553496026130153,0.7170054015897129,1682,0.9197384066587396,1.0,0.9581913905233819,0.2287859391591752,0.3507137030200924,0.3945360142968026,0.1403012504071314,0.40476367503014815,0.214075314314908,0.44279015179409,0.11661369686749813
natural,refit_per_N,tuned_per_N,UNSW-NB15,500,3,14,fixed_300,QSVM_ZZ,0.6135443503864557,0.6733333333333333,0.7630140442351359,0.6404040404040404,6,1.0,1.0,1.0,0.35855756057779153,0.783954437706352,0.797484700415349,0.32736254711011165,0.911288609063809,0.222090812199073,0.911288609063809,0.222090812199073
natural,refit_per_N,tuned_per_N,UNSW-NB15,500,3,14,fixed_300,QSVM_Z,0.5593020222682903,0.6433333333333333,0.7603936311366652,0.6057239057239057,6,1.0,1.0,1.0,0.37105700027559335,0.9337646906030614,0.9662759863819671,0.2755186255266769,1.108653821306462,0.29046474460371413,1.108653821306462,0.29046474460371413
natural,refit_per_N,tuned_per_N,UNSW-NB15,500,3,14,fixed_300,SVM_Linear,0.6004694154722504,0.6633333333333333,0.7477747346799042,0.62996632996633,6,1.0,1.0,1.0,0.39083686248015326,1.0627770027227472,0.8771702490971572,0.7161150498966682,0.5373568843822881,0.5027915043815632,0.5373568843822881,0.5027915043815632
natural,refit_per_N,tuned_per_N,UNSW-NB15,500,3,14,fixed_300,SVM_Poly2,0.5738636363636364,0.6466666666666666,0.7337790752424899,0.6114478114478115,6,1.0,1.0,1.0,0.4937826674993933,1.3912382021108562,1.3045734068575314,0.6909799446117069,1.0333091037881117,0.3830069952497501,1.0333091037881117,0.3830069952497501
natural,refit_per_N,tuned_per_N,UNSW-NB15,500,3,14,fixed_300,SVM_RBF,0.5453042328042328,0.6333333333333333,0.7408920667347634,0.5952861952861953,6,1.0,1.0,1.0,0.31750663382628014,0.8875822142282913,0.8901314245139541,0.3102880865113109,0.9632839787832431,0.21455029917028648,0.9632839787832431,0.21455029917028648
natural,refit_per_N,tuned_per_N,UNSW-NB15,500,3,14,fixed_300,RandomForest,0.6302952503209243,0.68,0.7476808905380334,0.6498316498316499,6,0.8333333333333334,1.0,0.9090909090909091,0.2059330642233144,0.322858453565725,0.3462596867364318,0.16355499784611668,0.3269100008504166,0.23457128263481478,0.3349100008504166,0.22300028390864324
natural,refit_per_N,tuned_per_N,UNSW-NB15,500,3,14,fixed_300,XGBoost,0.641968411964857,0.6866666666666666,0.7473802658414797,0.6579124579124579,6,0.8333333333333334,1.0,0.9090909090909091,0.19543125281731288,0.3372494937204124,0.36297727396090823,0.14204961872643915,0.2989642719427745,0.23472994360808322,0.3288820683956146,0.1905632897815038
natural,refit_per_N,tuned_per_N,UNSW-NB15,500,3,14,full_test,QSVM_ZZ,0.625030114735837,0.6748287421658651,0.7360684905671665,0.644549848445463,1682,0.9720570749108205,1.0,0.9858305697919807,0.38119396801327177,0.7657562972811168,0.7893127728614063,0.3296617883122446,0.9186076714287515,0.30603744451822745,0.9478089466015877,0.19788171263911428
natural,refit_per_N,tuned_per_N,UNSW-NB15,500,3,14,full_test,QSVM_Z,0.6003161302080239,0.6661322450566001,0.7628206549502601,0.6315334922410277,1682,0.9940546967895363,1.0,0.9970184853905785,0.41476004784345816,0.9190110861878498,0.9685984863368844,0.28004329324084115,1.1936787338859869,0.2930193217490566,1.2009579670331476,0.2615897629295523
natural,refit_per_N,tuned_per_N,UNSW-NB15,500,3,14,full_test,SVM_Linear,0.6230988055915606,0.6777073312928145,0.7557322940725253,0.6458003021551508,1682,0.9815695600475625,1.0,0.9906990699069907,0.45000701454555325,1.0169925936400086,0.8526145403057522,0.7140228948136355,0.8820831042543614,0.40759185332618914,0.8928568859809214,0.38341661787843856
natural,refit_per_N,tuned_per_N,UNSW-NB15,500,3,14,full_test,SVM_Poly2,0.6231730117333067,0.6789583636981975,0.7622957356913957,0.6466432792538414,1682,0.9797859690844233,1.0,0.9897897897897898,0.6183856841618657,1.2880399491585242,1.2661947465762402,0.661965730795306,1.2181236545336267,0.39404520188139686,1.2344947827277604,0.33929263221892964
natural,refit_per_N,tuned_per_N,UNSW-NB15,500,3,14,full_test,SVM_RBF,0.5867475392010875,0.6600106884322013,0.7716271309180472,0.6237887811485712,1682,0.9958382877526754,1.0,0.9979148048853143,0.38518078660913446,0.8526430529240392,0.8801516802895705,0.3173285895659312,1.0419769491597244,0.283226551505286,1.049165528454636,0.2553134073257562
natural,refit_per_N,tuned_per_N,UNSW-NB15,500,3,14,full_test,RandomForest,0.6530135991221604,0.6894646067142788,0.7308709434678636,0.6634589848827033,1682,0.9673008323424495,1.0,0.9833786642490179,0.19839051204954994,0.3226685440468899,0.3414371654313922,0.1639952641108837,0.42069830269344927,0.14849042884179228,0.42755022187144986,0.12742557484446512
natural,refit_per_N,tuned_per_N,UNSW-NB15,500,3,14,full_test,XGBoost,0.647477982521073,0.6839382014283633,0.7216158977229793,0.6581324665351843,1682,0.9619500594530321,1.0,0.9806060606060606,0.19136805941124024,0.3380599785419595,0.35923719839270074,0.14783409128336225,0.4160915570650316,0.15073098116459252,0.4247302470394321,0.12432308632537331
natural,refit_per_N,tuned_per_N,UNSW-NB15,500,4,14,fixed_300,QSVM_ZZ,0.6979291771299633,0.7233333333333334,0.759009009009009,0.7013468013468014,6,0.8333333333333334,1.0,0.9090909090909091,0.48291529360164115,0.8107604787695919,0.8667111471447526,0.3732981678820352,0.7266579065445072,0.6124019242648827,0.9387848555359962,0.14748160903392546
natural,refit_per_N,tuned_per_N,UNSW-NB15,500,4,14,fixed_300,QSVM_Z,0.6729282321833607,0.71,0.7701271186440678,0.6831649831649832,6,0.8333333333333334,1.0,0.9090909090909091,0.504954383444662,0.9136081712958516,0.9883342680009302,0.3359377839922067,0.8041537132798612,0.8261802586211666,0.971261783367681,0.6211984887993202
natural,refit_per_N,tuned_per_N,UNSW-NB15,500,4,14,fixed_300,SVM_Linear,0.6889467592592593,0.7133333333333334,0.741417216303061,0.6922558922558922,6,1.0,1.0,1.0,0.7904179512265731,1.2074415886679224,1.1755516162842181,0.8371105811765206,0.7421703198836074,0.36145571550615974,0.7421703198836074,0.36145571550615974
natural,refit_per_N,tuned_per_N,UNSW-NB15,500,4,14,fixed_300,SVM_Poly2,0.5899627118194244,0.6566666666666666,0.7423650568181819,0.6225589225589225,6,1.0,1.0,1.0,0.5542468702641719,1.2164071565332655,1.1481923132251204,0.6844635677037318,0.942589393174615,0.2936748886054811,0.942589393174615,0.2936748886054811
natural,refit_per_N,tuned_per_N,UNSW-NB15,500,4,14,fixed_300,SVM_RBF,0.6521153630344518,0.69,0.736013986013986,0.6636363636363636,6,1.0,1.0,1.0,0.43930835116483763,0.8582969807747644,0.8977255453218963,0.3517874072316238,0.9142760939405786,0.42697146530843494,0.9142760939405786,0.42697146530843494
natural,refit_per_N,tuned_per_N,UNSW-NB15,500,4,14,fixed_300,RandomForest,0.7375328083989501,0.7566666666666667,0.7910052910052909,0.737037037037037,6,0.8333333333333334,1.0,0.9090909090909091,0.22511666666666666,0.315161973788435,0.35191666666666666,0.16173819294018205,0.29583333333333334,0.2503067562456559,0.3525,0.16098007123036484
natural,refit_per_N,tuned_per_N,UNSW-NB15,500,4,14,fixed_300,XGBoost,0.7333333333333334,0.75,0.7738095238095238,0.7323232323232323,6,1.0,1.0,1.0,0.23158176014820733,0.35861421427841705,0.4067392727732658,0.12960490075511455,0.4154229362805684,0.11291942001011486,0.4154229362805684,0.11291942001011486
natural,refit_per_N,tuned_per_N,UNSW-NB15,500,4,14,full_test,QSVM_ZZ,0.7234531422171682,0.7409512704659185,0.7631114293552581,0.7228986874017758,1682,0.9435196195005945,1.0,0.970939125114714,0.5030726058553087,0.7952058169162719,0.8676893129572879,0.3640736109624478,0.9055206253150859,0.46514947264436024,0.9904658024998807,0.23517892943590382
natural,refit_per_N,tuned_per_N,UNSW-NB15,500,4,14,full_test,QSVM_Z,0.692876107398513,0.7230724384200554,0.7715766343004531,0.6984937720743774,1682,0.9548156956004756,1.0,0.9768856447688564,0.5313401208602682,0.8798471926263015,0.967955559239533,0.3457100544466005,1.2446710914222852,0.5400937183642746,1.2997607961148574,0.38926754722396767
natural,refit_per_N,tuned_per_N,UNSW-NB15,500,4,14,full_test,SVM_Linear,0.7055091146318104,0.7255987951221882,0.7483395375274935,0.7064012939967232,1682,0.9078478002378121,1.0,0.9516983483951387,0.7973465006775949,1.1690255658475592,1.1396205226428429,0.8388368614452193,0.8799313376830774,0.4923578376901678,0.9482417034144145,0.34283096604215524
natural,refit_per_N,tuned_per_N,UNSW-NB15,500,4,14,full_test,SVM_Poly2,0.6240776435433872,0.6803915852888306,0.7674284086248055,0.647857855914681,1682,0.9863258026159334,1.0,0.9931158335827597,0.610423243922607,1.1610899315631618,1.1112060239835566,0.6971137196763532,0.9431890325997667,0.33359312317385803,0.9579980980739167,0.2883219851695862
natural,refit_per_N,tuned_per_N,UNSW-NB15,500,4,14,full_test,SVM_RBF,0.6627377494048117,0.696740028178594,0.7373760977370725,0.6714840337116433,1682,0.9381688466111772,1.0,0.9680981595092024,0.47560959780224316,0.8248810171849076,0.874956274164425,0.3756124336785552,1.0226511662567506,0.44082814737897313,1.0666909874155284,0.31986747370489993
natural,refit_per_N,tuned_per_N,UNSW-NB15,500,4,14,full_test,RandomForest,0.7334220005306042,0.7502307729679832,0.7740016997037277,0.7323189167725919,1682,0.9464922711058263,1.0,0.9725106902871106,0.2286682577855512,0.30691392259489286,0.3439714205898071,0.16783619936918612,0.39622473246135553,0.1902886396503531,0.41301426872770514,0.15040950376014703
natural,refit_per_N,tuned_per_N,UNSW-NB15,500,4,14,full_test,XGBoost,0.7377865235399425,0.7516761405042997,0.7680758028974963,0.7359214980885765,1682,0.9310344827586207,1.0,0.9642857142857143,0.24278557325688857,0.34708108944543686,0.4014487751119658,0.13508885295763554,0.4120533107719013,0.2083053165163218,0.44959355562960773,0.10509362751079102
natural,refit_per_N,tuned_per_N,UNSW-NB15,500,5,14,fixed_300,QSVM_ZZ,0.6332201296696511,0.67,0.7003105590062111,0.6447811447811448,6,0.5,1.0,0.6666666666666666,0.37805405107065887,0.8563344264678682,0.8611168972284916,0.36703025051426547,0.2772308487549742,0.7571170362969318,0.7270682630457621,0.3485037891100631
natural,refit_per_N,tuned_per_N,UNSW-NB15,500,5,14,fixed_300,QSVM_Z,0.6495861053273069,0.6933333333333334,0.7579295309093467,0.6646464646464647,6,0.6666666666666666,1.0,0.8,0.403358138991889,0.8644438942509701,0.9171190576769271,0.26239982592328,0.4332759243966681,0.6579366309990504,0.7178872895685237,0.32441713356129426
natural,refit_per_N,tuned_per_N,UNSW-NB15,500,5,14,fixed_300,SVM_Linear,0.5180111618467782,0.62,0.7411477411477412,0.5797979797979798,6,1.0,1.0,1.0,0.41650962628849164,0.9883749730204769,0.9805671108296429,0.43457277554330836,0.6877781469847285,0.3514802622604882,0.6877781469847285,0.3514802622604882
natural,refit_per_N,tuned_per_N,UNSW-NB15,500,5,14,fixed_300,SVM_Poly2,0.581996950418003,0.6466666666666666,0.7125557144058532,0.6134680134680135,6,0.6666666666666666,1.0,0.8,0.4233536037307662,0.9410316379762655,0.9600559478430012,0.37823457599140314,0.454915232176613,0.5910091929206261,0.64166060168643,0.38014655966666366
natural,refit_per_N,tuned_per_N,UNSW-NB15,500,5,14,fixed_300,SVM_RBF,0.6657754010695187,0.7,0.7442123094297007,0.6747474747474748,6,0.6666666666666666,1.0,0.8,0.453469128496745,0.8803307745599013,0.9488932046569941,0.2832281929692256,0.30554812773379997,0.7845672548291883,0.7590690452368936,0.3643070412097329
natural,refit_per_N,tuned_per_N,UNSW-NB15,500,5,14,fixed_300,RandomForest,0.7027185138313494,0.7233333333333334,0.7469571832210389,0.704040404040404,6,1.0,1.0,1.0,0.20342140816388588,0.2982749173420601,0.3184771652484421,0.1700602564684281,0.26278985261574267,0.19037809314078138,0.26278985261574267,0.19037809314078138
natural,refit_per_N,tuned_per_N,UNSW-NB15,500,5,14,fixed_300,XGBoost,0.6724391854146565,0.7133333333333334,0.7895773261129475,0.6848484848484848,6,1.0,1.0,1.0,0.18619561662276585,0.2960723626339502,0.3193263104557991,0.14268272150428002,0.29991579055786133,0.13356862353759252,0.29991579055786133,0.13356862353759252
natural,refit_per_N,tuned_per_N,UNSW-NB15,500,5,14,full_test,QSVM_ZZ,0.6793050789735109,0.7071126657921586,0.7393771715917494,0.6843211060261709,1682,0.9357907253269917,1.0,0.9668304668304668,0.4448468987325348,0.8335406646692382,0.86960341434657,0.3694167087801759,0.8646632828342355,0.429480212470319,0.935369012455936,0.23912477103477692
natural,refit_per_N,tuned_per_N,UNSW-NB15,500,5,14,full_test,QSVM_Z,0.6639533705304841,0.7045377253072924,0.7695423009473994,0.6762949518388061,1682,0.9625445897740785,1.0,0.980914874280521,0.44053159764018596,0.838849271188869,0.9064196179962518,0.27593416679534316,0.9209006073703828,0.2940299814244167,0.9523101783718245,0.1661832807505222
natural,refit_per_N,tuned_per_N,UNSW-NB15,500,5,14,full_test,SVM_Linear,0.5400704437798998,0.632026429577807,0.7476851014944228,0.5928473806463306,1682,0.9928656361474435,1.0,0.9964200477326969,0.41460076286329123,0.972690487309361,0.967785060063261,0.42592564396534693,0.9716722053969199,0.2830718284505777,0.983049560605166,0.2406036080304232
natural,refit_per_N,tuned_per_N,UNSW-NB15,500,5,14,full_test,SVM_Poly2,0.6225195423658445,0.6726181800514988,0.7323244116660375,0.6423288316111047,1682,0.9542211652794292,1.0,0.9765743839367204,0.454296726103104,0.9141124467178157,0.9336723622334051,0.4126051388360588,0.8999296292991663,0.34937265269394724,0.9339368873254048,0.24432862835507949
natural,refit_per_N,tuned_per_N,UNSW-NB15,500,5,14,full_test,SVM_RBF,0.6839739703353716,0.713477141330224,0.7536120887078579,0.6896188349736836,1682,0.93935790725327,1.0,0.9687308399754752,0.4903135355856521,0.8479445412078023,0.9288769088567237,0.31081344297727936,0.915658633871674,0.4237639178059637,0.9812786386929606,0.23473138917258188
natural,refit_per_N,tuned_per_N,UNSW-NB15,500,5,14,full_test,RandomForest,0.7076822002116585,0.7269834329300879,0.7484139668680905,0.7082324364866057,1682,0.8692033293697978,1.0,0.9300254452926209,0.20638008085308704,0.29215834125623813,0.31618327364042703,0.1672643763882378,0.25884193629059504,0.19844525099227497,0.2859327934528143,0.15691431818773485
natural,refit_per_N,tuned_per_N,UNSW-NB15,500,5,14,full_test,XGBoost,0.6832364390512727,0.7193436330952728,0.7838238466219691,0.6922662017881289,1682,0.9780023781212842,1.0,0.9888788698527202,0.1923779794264076,0.28887149451780675,0.3137051600251411,0.1484759235928142,0.3267676497363307,0.13677665804735223,0.33533034283184976,0.11418630512054294
natural,refit_per_N,tuned_per_N,UNSW-NB15,500,6,14,fixed_300,QSVM_ZZ,0.6410172437681854,0.6833333333333333,0.7348197343453511,0.6555555555555556,6,1.0,1.0,1.0,0.3768912463696071,0.7887754196172512,0.8073820238209273,0.3351834449868159,0.9576092751133382,0.1575303562493567,0.9576092751133382,0.1575303562493567
natural,refit_per_N,tuned_per_N,UNSW-NB15,500,6,14,fixed_300,QSVM_Z,0.665409340969185,0.7033333333333334,0.7601959745762712,0.6764309764309764,6,0.8333333333333334,1.0,0.9090909090909091,0.423256806432745,0.851208524226923,0.9018752226437978,0.30053844793873236,0.8873525036875624,0.49354971359005395,0.9554920576804996,0.34354142878973765
natural,refit_per_N,tuned_per_N,UNSW-NB15,500,6,14,fixed_300,SVM_Linear,0.6629417094533374,0.69,0.7130681818181819,0.6683501683501684,6,1.0,1.0,1.0,0.44079115515163303,0.831826219619079,0.8567148276632282,0.39021968962066056,0.8964952619997253,0.3356034917032439,0.8964952619997253,0.3356034917032439
natural,refit_per_N,tuned_per_N,UNSW-NB15,500,6,14,fixed_300,SVM_Poly2,0.6673402000887092,0.7,0.740328433482994,0.6754208754208755,6,1.0,1.0,1.0,0.6554150653085463,1.2051406280846841,1.193299603007106,0.676733994089876,1.0536695992943101,0.3025285623739342,1.0536695992943101,0.3025285623739342
natural,refit_per_N,tuned_per_N,UNSW-NB15,500,6,14,fixed_300,SVM_RBF,0.684981684981685,0.7133333333333334,0.7511111111111111,0.6902356902356903,6,0.8333333333333334,1.0,0.9090909090909091,0.4532482893360167,0.8670433659424772,0.9376194751720167,0.27940638859739386,0.9231155595215191,0.47560619603794485,0.9623103095920261,0.39025947521272364
natural,refit_per_N,tuned_per_N,UNSW-NB15,500,6,14,fixed_300,RandomForest,0.7303419264372775,0.75,0.7827380952380952,0.7303030303030302,6,1.0,1.0,1.0,0.21843333333333334,0.31767207235694417,0.34886666666666666,0.16407533500058916,0.4458333333333333,0.07981314984943827,0.4458333333333333,0.07981314984943827
natural,refit_per_N,tuned_per_N,UNSW-NB15,500,6,14,fixed_300,XGBoost,0.7242087417471555,0.7433333333333333,0.7714083894805477,0.7242424242424242,6,1.0,1.0,1.0,0.22659178833166757,0.3652541492898936,0.4101275795698166,0.12864602826761068,0.44192609190940857,0.10376648415258719,0.44192609190940857,0.10376648415258719
natural,refit_per_N,tuned_per_N,UNSW-NB15,500,6,14,full_test,QSVM_ZZ,0.6716082291392935,0.7063960549968421,0.7559258614833817,0.6804265383799046,1682,0.9619500594530321,1.0,0.9806060606060606,0.41791855872145584,0.775976135061204,0.8143344428813004,0.33712653269291176,0.9316357559061132,0.3783546841033632,0.9696200886948062,0.2663350000754441
natural,refit_per_N,tuned_per_N,UNSW-NB15,500,6,14,full_test,QSVM_Z,0.6822021686017452,0.7157848710100568,0.769099687421797,0.6899534867082736,1682,0.9447086801426873,1.0,0.9715683277285234,0.4472366051717391,0.8273035193088851,0.8906208176956751,0.3020699474517385,0.9263320323268733,0.3947808181482493,0.9792130134559826,0.23470151846779916
natural,refit_per_N,tuned_per_N,UNSW-NB15,500,6,14,full_test,SVM_Linear,0.6674752339152723,0.6959505417091775,0.7239271330276357,0.6732310079867214,1682,0.9256837098692033,1.0,0.9614078419265205,0.431351908605335,0.8134660267990523,0.8340178362017094,0.39013548250719265,0.8778112952999206,0.43045697179115955,0.9400950641797805,0.2684532455094443
natural,refit_per_N,tuned_per_N,UNSW-NB15,500,6,14,full_test,SVM_Poly2,0.7038264980953008,0.7291089734246708,0.7669825954004605,0.7067797355725088,1682,0.93935790725327,1.0,0.9687308399754752,0.6846342390744425,1.1702550045487374,1.168821594321401,0.6870785236291296,0.9687394242734764,0.541572017123679,1.0466490748272734,0.36916396903859594
natural,refit_per_N,tuned_per_N,UNSW-NB15,500,6,14,full_test,SVM_RBF,0.703398812108611,0.7276514599426711,0.761849878590495,0.7059429875918449,1682,0.9262782401902497,1.0,0.9617283950617284,0.4822928253454497,0.8405166021009761,0.9263365957562009,0.2845611342925802,0.925776746284827,0.4974318488294711,1.0280159063621337,0.21836740704159002
natural,refit_per_N,tuned_per_N,UNSW-NB15,500,6,14,full_test,RandomForest,0.7105338491048465,0.7332871787397367,0.7662605625763621,0.7122082903074256,1682,0.9482758620689655,1.0,0.9734513274336283,0.21831213865811594,0.315580162842609,0.3473690059758053,0.16305153403948391,0.4084185493460167,0.17479305470924758,0.42516052318668257,0.1288287737585088
natural,refit_per_N,tuned_per_N,UNSW-NB15,500,6,14,full_test,XGBoost,0.7107439806177704,0.7310644706796872,0.7565566597543105,0.7115286045774001,1682,0.9458977407847801,1.0,0.972196761380996,0.22481240777648387,0.3636519335983619,0.4067450069187508,0.13168844613994363,0.42792399766258055,0.1856428709434294,0.45526142322705276,0.10158375770230864
natural,refit_per_N,tuned_per_N,UNSW-NB15,500,7,14,fixed_300,QSVM_ZZ,0.6182016518622409,0.6733333333333333,0.7486416253248287,0.6417508417508417,6,1.0,1.0,1.0,0.3510885362101202,0.7844282590203301,0.795331393742344,0.32563603599063107,0.9405843924284413,0.1237968822868865,0.9405843924284413,0.1237968822868865
natural,refit_per_N,tuned_per_N,UNSW-NB15,500,7,14,fixed_300,QSVM_Z,0.641968411964857,0.6866666666666666,0.7473802658414797,0.6579124579124579,6,0.6666666666666666,1.0,0.8,0.406076979445702,0.8001741808462891,0.8413805131426718,0.311859046738345,0.5021327087609829,0.6428254583083486,0.6810996789218103,0.44884858742073286
natural,refit_per_N,tuned_per_N,UNSW-NB15,500,7,14,fixed_300,SVM_Linear,0.7536945812807883,0.76,0.7616645649432534,0.7515151515151515,6,0.5,1.0,0.6666666666666666,1.2282575751599862,1.6809283854804034,1.6857212725168278,1.221671273066487,0.12443167120105662,1.002455565466957,1.0015651638070162,0.13140633235041924
natural,refit_per_N,tuned_per_N,UNSW-NB15,500,7,14,fixed_300,SVM_Poly2,0.6503715585408338,0.69,0.740333686440678,0.662962962962963,6,0.6666666666666666,1.0,0.8,0.43132181958324395,0.8500443720566461,0.825796408213625,0.4761031807237314,0.49816996350459447,0.5710431621843816,0.5774666222970932,0.4907095941068334
natural,refit_per_N,tuned_per_N,UNSW-NB15,500,7,14,fixed_300,SVM_RBF,0.7306133726284767,0.74,0.7446082905038667,0.7286195286195286,6,0.5,1.0,0.6666666666666666,0.486852156911296,0.7882288376638813,0.8398722244443053,0.39108102718120835,0.45783079119630093,0.6786598578094444,0.6724473948254367,0.4669076323662416
natural,refit_per_N,tuned_per_N,UNSW-NB15,500,7,14,fixed_300,RandomForest,0.7150455927051672,0.7333333333333333,0.7552052824964055,0.7151515151515151,6,0.8333333333333334,1.0,0.9090909090909091,0.22839333333333334,0.3210286258610316,0.35863333333333336,0.16311047040443344,0.319,0.24003819140572888,0.359,0.17463772024775556
natural,refit_per_N,tuned_per_N,UNSW-NB15,500,7,14,fixed_300,XGBoost,0.6966337309177744,0.7233333333333334,0.7625704887218046,0.7006734006734007,6,0.8333333333333334,1.0,0.9090909090909091,0.21995571315288542,0.31944219328840745,0.3596055374542872,0.14528485135662264,0.3106013238430023,0.2690913928451062,0.39265687266985577,0.12125980546526348
natural,refit_per_N,tuned_per_N,UNSW-NB15,500,7,14,full_test,QSVM_ZZ,0.6361897474431516,0.6878006121556625,0.7693303191631236,0.6564066037713351,1682,0.9797859690844233,1.0,0.9897897897897898,0.3858844609990477,0.7733451177093417,0.8047447106780727,0.31520697797013647,0.9493612607038577,0.2621333020685531,0.9650874401132455,0.19648639727534387
natural,refit_per_N,tuned_per_N,UNSW-NB15,500,7,14,full_test,QSVM_Z,0.6636886977829777,0.7024972064324928,0.7602420684571564,0.6750330951705257,1682,0.9560047562425684,1.0,0.9775075987841946,0.4358128826991062,0.7768867923851964,0.8348644249554897,0.31062412793085437,0.9595936474077529,0.3979597524456871,1.0062420055348138,0.2582033288112747
natural,refit_per_N,tuned_per_N,UNSW-NB15,500,7,14,full_test,SVM_Linear,0.7591917276786564,0.763396978088714,0.7621166945577109,0.7577844157578562,1682,0.8186682520808561,1.0,0.900294213795358,1.2186367343797222,1.6632054207729745,1.6696420998029156,1.2098028850329265,0.7503429325758519,0.8253553882893133,1.089535757591159,0.23903528269900243
natural,refit_per_N,tuned_per_N,UNSW-NB15,500,7,14,full_test,SVM_Poly2,0.6781182889360257,0.7097361900597581,0.753054509518712,0.685034430662905,1682,0.9470868014268727,1.0,0.972824427480916,0.45644844429099896,0.796475797510573,0.7946385854093596,0.45963942051828865,0.8893567262489404,0.4326666034847602,0.9146896811547932,0.37616294804806893
natural,refit_per_N,tuned_per_N,UNSW-NB15,500,7,14,full_test,SVM_RBF,0.7497160300040685,0.7549069620560657,0.7543308473832804,0.7479932247609826,1682,0.8210463733650416,1.0,0.9017303297420829,0.5232692019254561,0.7505483058319437,0.822469230881329,0.40084633130961794,0.8867234684600843,0.5554579426423276,0.9789298102377693,0.36947051599576175
natural,refit_per_N,tuned_per_N,UNSW-NB15,500,7,14,full_test,RandomForest,0.7205375540394657,0.7360443084098528,0.7517796679685755,0.7195752764588466,1682,0.9143876337693222,1.0,0.9552795031055901,0.22870995481708206,0.3153461968931517,0.353355438954477,0.16398597832953582,0.3975112960760999,0.21099727287091244,0.42810344827586205,0.13878947093126087
natural,refit_per_N,tuned_per_N,UNSW-NB15,500,7,14,full_test,XGBoost,0.7106042385800174,0.7306393625807706,0.755243592253013,0.7112965580068731,1682,0.9310344827586207,1.0,0.9642857142857143,0.22373621566063207,0.30964765524616494,0.3495826438859902,0.1540504452809846,0.3832822084143386,0.21274798535987774,0.41701003870130576,0.1351650257425888
natural,refit_per_N,tuned_per_N,UNSW-NB15,500,8,14,fixed_300,QSVM_ZZ,0.6463624970530208,0.6833333333333333,0.7224898580121704,0.6575757575757576,6,0.8333333333333334,1.0,0.9090909090909091,0.36550411677697847,0.7917656699768875,0.80462689719179,0.3362464748519768,0.868514224951965,0.4266822190269438,0.8865824020018646,0.38774517332685565
natural,refit_per_N,tuned_per_N,UNSW-NB15,500,8,14,fixed_300,QSVM_Z,0.6182016518622409,0.6733333333333333,0.7486416253248287,0.6417508417508417,6,1.0,1.0,1.0,0.38336151796105206,0.8607139734670555,0.9074420681562719,0.2536601870911503,0.7965214610536254,0.22506710992449136,0.7965214610536254,0.22506710992449136
natural,refit_per_N,tuned_per_N,UNSW-NB15,500,8,14,fixed_300,SVM_Linear,0.6629417094533374,0.69,0.7130681818181819,0.6683501683501684,6,1.0,1.0,1.0,0.43983263567769515,0.9065776467789213,0.9107460408833763,0.431135043880279,0.8210831966656377,0.29556047917890566,0.8210831966656377,0.29556047917890566
natural,refit_per_N,tuned_per_N,UNSW-NB15,500,8,14,fixed_300,SVM_Poly2,0.6492362804119608,0.6866666666666666,0.7291653321375953,0.6606060606060606,6,1.0,1.0,1.0,0.5130465696712515,1.0064985891598253,1.0260519095839225,0.4727300196426531,0.952422475143477,0.24485301800655435,0.952422475143477,0.24485301800655435
natural,refit_per_N,tuned_per_N,UNSW-NB15,500,8,14,fixed_300,SVM_RBF,0.6417732225483854,0.68,0.7195567228236499,0.6538720538720539,6,1.0,1.0,1.0,0.4186700731248546,0.8776660951867697,0.9286616304320732,0.28839206114941257,0.9115916485008534,0.1223834488813793,0.9115916485008534,0.1223834488813793
natural,refit_per_N,tuned_per_N,UNSW-NB15,500,8,14,fixed_300,RandomForest,0.6805641001372391,0.7,0.7133392922866607,0.6821548821548822,6,0.5,1.0,0.6666666666666666,0.21240376306944986,0.3001661432851901,0.3222775611459673,0.1770656537066846,0.19443976745805217,0.2617711296140293,0.2539039113639468,0.20460633241088944
natural,refit_per_N,tuned_per_N,UNSW-NB15,500,8,14,fixed_300,XGBoost,0.6757769345309573,0.7,0.7219476986286159,0.6794612794612795,6,0.5,1.0,0.6666666666666666,0.21113815238078434,0.35739367448284004,0.3893720147013664,0.14387144302646185,0.13593070209026337,0.3541579065967725,0.3346216430266698,0.17869900557611426
natural,refit_per_N,tuned_per_N,UNSW-NB15,500,8,14,full_test,QSVM_ZZ,0.6483966560046401,0.6846548122236797,0.7223753843141393,0.6589049260590335,1682,0.9476813317479191,1.0,0.9731379731379731,0.38818492814050504,0.7622739383496459,0.7828585269185087,0.3447921436945907,0.9149568448846208,0.40233378868969777,0.9601008737200131,0.27789353681705853
natural,refit_per_N,tuned_per_N,UNSW-NB15,500,8,14,full_test,QSVM_Z,0.6221709897800474,0.6756911043093815,0.7479970472693498,0.6442003572442114,1682,0.9738406658739596,1.0,0.9867469879518073,0.38759864425721435,0.8522136733529078,0.8977753787711806,0.2655187815427569,0.8840235078540821,0.3304836602577573,0.9247686377107881,0.188467447699952
natural,refit_per_N,tuned_per_N,UNSW-NB15,500,8,14,full_test,SVM_Linear,0.6794483833576599,0.7045012874702424,0.7294437951669912,0.6832065040863682,1682,0.9114149821640903,1.0,0.9536547433903577,0.4288287347368,0.8726415009818504,0.8657899444308564,0.44249863852246624,0.8636370934269244,0.47209032263608225,0.9444004236157688,0.27721136654888984
natural,refit_per_N,tuned_per_N,UNSW-NB15,500,8,14,full_test,SVM_Poly2,0.6556670212108365,0.6919423796336783,0.7346786285229061,0.6659152045807388,1682,0.93935790725327,1.0,0.9687308399754752,0.508795702455803,0.9710678430601357,0.9953856453570142,0.4594053108967707,0.9126843253822315,0.4385782298983999,0.9848466084910473,0.23541601322534242
natural,refit_per_N,tuned_per_N,UNSW-NB15,500,8,14,full_test,SVM_RBF,0.6531089188369621,0.6895253364426954,0.7308945970391272,0.6635315200049604,1682,0.9399524375743162,1.0,0.9690468893656145,0.4329080707045672,0.8540990764617434,0.9092138724501062,0.3003743734712326,0.9000687902634901,0.403112325296188,0.9643469700367945,0.2065388471763512
natural,refit_per_N,tuned_per_N,UNSW-NB15,500,8,14,full_test,RandomForest,0.7276954010951537,0.7415707136957683,0.7551505659902072,0.7261635536975253,1682,0.9268727705112961,1.0,0.9620487503856834,0.21879091970834946,0.2868737102948587,0.3160253643526996,0.17405160525231417,0.3671040196347562,0.1969333402007388,0.3901957384849714,0.1459293917714425
natural,refit_per_N,tuned_per_N,UNSW-NB15,500,8,14,full_test,XGBoost,0.7135623484077016,0.7296798328717874,0.7449091506406207,0.7129760481826573,1682,0.9161712247324614,1.0,0.9562519391870927,0.2214602223624932,0.34556330050505957,0.3836920909496332,0.1457360768220876,0.3945553915998173,0.2092370614926518,0.4306253824697522,0.11838870265082135
natural,refit_per_N,tuned_per_N,UNSW-NB15,500,9,14,fixed_300,QSVM_ZZ,0.6821250800847667,0.7133333333333334,0.7587797527523218,0.6888888888888889,6,0.6666666666666666,1.0,0.8,0.41575727020498815,0.7875495274187285,0.8311044731561869,0.31992768021154916,0.4183210978574176,0.7940531139794738,0.8476623299420721,0.29492619946405546
natural,refit_per_N,tuned_per_N,UNSW-NB15,500,9,14,fixed_300,QSVM_Z,0.630977198275304,0.6833333333333333,0.7628722084367245,0.6521885521885522,6,0.6666666666666666,1.0,0.8,0.3883526252133078,0.8567174073690881,0.8879616062216242,0.3103331491729384,0.5665491732950608,0.5816618048277532,0.7243830403073689,0.36684824092783797
natural,refit_per_N,tuned_per_N,UNSW-NB15,500,9,14,fixed_300,SVM_Linear,0.5102812303110144,0.62,0.7742897504316434,0.5784511784511784,6,1.0,1.0,1.0,0.3519956898747227,1.0543120204772467,1.0552813815548872,0.3490787990652045,1.3289234654807582,0.4879978312533068,1.3289234654807582,0.4879978312533068
natural,refit_per_N,tuned_per_N,UNSW-NB15,500,9,14,fixed_300,SVM_Poly2,0.6066249952260314,0.6566666666666666,0.7019806212596181,0.6272727272727273,6,0.5,1.0,0.6666666666666666,0.40052501418982295,0.9260559969116077,0.9317983169942015,0.3869778971136246,0.47789465854305563,0.7114170074646387,0.6877024446842168,0.5114321174401126
natural,refit_per_N,tuned_per_N,UNSW-NB15,500,9,14,fixed_300,SVM_RBF,0.6893237003374797,0.7166666666666667,0.7537593984962406,0.693939393939394,6,0.5,1.0,0.6666666666666666,0.4555253674560412,0.839077074611415,0.888823032861081,0.3486363632641343,0.4227918936529755,0.6198016062356908,0.6034246217575285,0.44585394726052946
natural,refit_per_N,tuned_per_N,UNSW-NB15,500,9,14,fixed_300,RandomForest,0.719111111111111,0.7366666666666667,0.7579365079365079,0.7188552188552189,6,0.5,1.0,0.6666666666666666,0.2191894688591203,0.30893915084233253,0.34214959192571137,0.1625456210637308,0.16847062549962746,0.3402968878090844,0.3298627078337059,0.1880822093909987
natural,refit_per_N,tuned_per_N,UNSW-NB15,500,9,14,fixed_300,XGBoost,0.7021935983729601,0.7266666666666667,0.7616129217022739,0.705050505050505,6,0.6666666666666666,1.0,0.8,0.20898381700118382,0.31549093339859896,0.34812961727380753,0.14837295711111165,0.18551630278428397,0.3117455148666465,0.3070797671874364,0.19314135036892147
natural,refit_per_N,tuned_per_N,UNSW-NB15,500,9,14,full_test,QSVM_ZZ,0.6926964592202141,0.7210805033279891,0.762933589058097,0.6974672852063217,1682,0.9423305588585018,1.0,0.9703091521273339,0.4450986413120573,0.7816641134266482,0.8468792501945883,0.30316187475795714,0.9411959635187475,0.436123248501893,1.0137788894647917,0.21978556118034914
natural,refit_per_N,tuned_per_N,UNSW-NB15,500,9,14,full_test,QSVM_Z,0.6361281361955538,0.6867439148812127,0.7637596430774685,0.6557152646778959,1682,0.9768133174791914,1.0,0.9882706766917293,0.39321756733913554,0.8393925159486653,0.8798820703178128,0.29156027409092883,0.9510345098921462,0.2595754935184541,0.9662755237658862,0.19533992938492115
natural,refit_per_N,tuned_per_N,UNSW-NB15,500,9,14,full_test,SVM_Linear,0.5234896971137868,0.6269737161735413,0.7742277203927018,0.5858124897155162,1682,0.995243757431629,1.0,0.9976162097735399,0.3483077254245103,1.0418746651562216,1.0470954191079553,0.33228342234893465,1.5315099813567261,0.4532044165369519,1.5391374483809421,0.426582912404238
natural,refit_per_N,tuned_per_N,UNSW-NB15,500,9,14,full_test,SVM_Poly2,0.6328879457350146,0.6752052664820483,0.7191331224538465,0.6474773824826326,1682,0.9197384066587396,1.0,0.9581913905233819,0.4091812738890346,0.90414121949881,0.9218038953870813,0.3676659328078295,0.936354189129972,0.4632968014545602,1.0081247464731784,0.27402114751906165
natural,refit_per_N,tuned_per_N,UNSW-NB15,500,9,14,full_test,SVM_RBF,0.684019082723561,0.7107685954428412,0.7424772193481353,0.6883737709296697,1682,0.9191438763376932,1.0,0.9578686493184635,0.4598533134303296,0.8333470706524636,0.886360632343463,0.3468389243865101,0.8803514049304642,0.4112397265519385,0.9420002463452867,0.23826926940538218
natural,refit_per_N,tuned_per_N,UNSW-NB15,500,9,14,full_test,RandomForest,0.7278548803314612,0.7422873244910849,0.7573381690590243,0.7264218713110004,1682,0.9233055885850179,1.0,0.9601236476043277,0.22358294113171429,0.3026452005535758,0.33913612556745476,0.16300348866916095,0.38283637459746117,0.19824425130457865,0.4090695194312027,0.13611245777872583
natural,refit_per_N,tuned_per_N,UNSW-NB15,500,9,14,full_test,XGBoost,0.7127188388645573,0.7312223679735704,0.7523304223851068,0.7128393664996506,1682,0.9351961950059453,1.0,0.9665130568356375,0.2108925496105555,0.30966080458882383,0.34282792719540844,0.15111086564088658,0.3878897719094076,0.18570177437107824,0.410889801103068,0.12693776233249224
natural,refit_per_N,tuned_per_N,UNSW-NB15,500,10,14,fixed_300,QSVM_ZZ,0.6776556776556777,0.7066666666666667,0.7422222222222222,0.6835016835016835,6,0.8333333333333334,1.0,0.9090909090909091,0.4086677856119457,0.752124093911206,0.7946410644000917,0.3181911224528634,0.7583580114198677,0.5244576937120062,0.8930736553822923,0.22930807234051617
natural,refit_per_N,tuned_per_N,UNSW-NB15,500,10,14,fixed_300,QSVM_Z,0.7200930661029159,0.7366666666666667,0.7555392976588629,0.7195286195286195,6,0.8333333333333334,1.0,0.9090909090909091,0.46259164431333194,0.8343518252884183,0.8983308924629445,0.32114732662340045,0.6446957001910198,1.0345802403465327,1.1607542490022378,0.37234176905570265
natural,refit_per_N,tuned_per_N,UNSW-NB15,500,10,14,fixed_300,SVM_Linear,0.5102812303110144,0.62,0.7742897504316434,0.5784511784511784,6,1.0,1.0,1.0,0.3355122127764053,1.0337632612329084,1.0615989478454202,0.23290040603338416,1.0383666964643206,0.07350867881424183,1.0383666964643206,0.07350867881424183
natural,refit_per_N,tuned_per_N,UNSW-NB15,500,10,14,fixed_300,SVM_Poly2,0.5573364378443503,0.6366666666666667,0.7244877460827641,0.6003367003367004,6,1.0,1.0,1.0,0.33105454172366167,0.902516202262063,0.9109981328939705,0.3069446314974423,0.9805576756225288,0.060275809568625924,0.9805576756225288,0.060275809568625924
natural,refit_per_N,tuned_per_N,UNSW-NB15,500,10,14,fixed_300,SVM_RBF,0.6774388402295379,0.7033333333333334,0.7301136363636364,0.6818181818181819,6,0.8333333333333334,1.0,0.9090909090909091,0.4854002183563131,0.8356816541111317,0.9104458238999545,0.3241382432564948,0.6530788501599925,0.8329184715826528,1.0308982837285814,0.23982054423119187
natural,refit_per_N,tuned_per_N,UNSW-NB15,500,10,14,fixed_300,RandomForest,0.7477931904161412,0.76,0.7747625508819539,0.7454545454545454,6,1.0,1.0,1.0,0.22444423706691538,0.2905971746667081,0.32494722368584966,0.17097144584895269,0.35000168678127475,0.20141309716370973,0.35000168678127475,0.20141309716370973
natural,refit_per_N,tuned_per_N,UNSW-NB15,500,10,14,fixed_300,XGBoost,0.7736276174306735,0.7866666666666666,0.8128408913822658,0.7703703703703704,6,1.0,1.0,1.0,0.24686222076416015,0.3130779226554099,0.37369304021199545,0.13896853381955104,0.39067405462265015,0.14140927412582122,0.39067405462265015,0.14140927412582122
natural,refit_per_N,tuned_per_N,UNSW-NB15,500,10,14,full_test,QSVM_ZZ,0.6809692289187094,0.7112665792158578,0.7520983447045442,0.6871171512993626,1682,0.9464922711058263,1.0,0.9725106902871106,0.4295433948302035,0.7413513562841421,0.7934072097381358,0.32344143371271816,0.9061192669013606,0.38694293580923655,0.9593566959029282,0.22452548062246008
natural,refit_per_N,tuned_per_N,UNSW-NB15,500,10,14,full_test,QSVM_Z,0.7165265589752379,0.73308069766312,0.7502905708029026,0.7159575718840697,1682,0.8840665873959572,1.0,0.9384663931839697,0.4772615728500837,0.8177183951347732,0.8845926744910191,0.33754671217173876,0.9256357742182519,0.6422789170427681,1.0761010089830105,0.33366212289680147
natural,refit_per_N,tuned_per_N,UNSW-NB15,500,10,14,full_test,SVM_Linear,0.5235516237691308,0.6269251323908079,0.7735008573567789,0.585785757212255,1682,0.995243757431629,1.0,0.9976162097735399,0.3462221859293339,1.0272600433407322,1.0629709642562497,0.21266341439520775,1.0758319001199173,0.17505418203460232,1.0853500844102597,0.10036651948771431
natural,refit_per_N,tuned_per_N,UNSW-NB15,500,10,14,full_test,SVM_Poly2,0.5766801022140524,0.6480590778798038,0.7318192150732884,0.6127790427858371,1682,0.9696789536266349,1.0,0.9846060971928765,0.35040802324508524,0.8826138242266391,0.8943466922970923,0.31927564806566566,0.924037752566159,0.31451847889445683,0.9550700664115415,0.20151627720423673
natural,refit_per_N,tuned_per_N,UNSW-NB15,500,10,14,full_test,SVM_RBF,0.6849886416941477,0.7068576009328086,0.7263445379832304,0.6872314599078033,1682,0.8882282996432818,1.0,0.9408060453400504,0.4897241884373919,0.8369698305307295,0.9085140601996917,0.3390434785964354,0.8994427839788992,0.5865155317750668,1.0399783120651938,0.2672880489268699
natural,refit_per_N,tuned_per_N,UNSW-NB15,500,10,14,full_test,RandomForest,0.741387771383359,0.754846232327649,0.771049357395527,0.7393317875803979,1682,0.9167657550535078,1.0,0.956575682382134,0.22247045096275841,0.29507671941239905,0.32826241821663693,0.16972671173778908,0.39698955150382914,0.2037021888839204,0.42463628161575295,0.13703763751195783
natural,refit_per_N,tuned_per_N,UNSW-NB15,500,10,14,full_test,XGBoost,0.7483088790704411,0.7644658213088471,0.7919599303342593,0.7464702697933088,1682,0.9375743162901308,1.0,0.967781528076097,0.2367519286601848,0.3232444940958859,0.37494868835602546,0.1412514063212064,0.41357484254343757,0.18206690221463856,0.43906803983712167,0.10682585670356992
natural,refit_per_N,tuned_per_N,UNSW-NB15,1000,1,29,fixed_300,QSVM_ZZ,0.5792763553311696,0.65,0.7367109634551494,0.6151515151515151,6,1.0,1.0,1.0,0.3531378269974563,0.8192952754558273,0.8424541270884153,0.29363602808991535,0.7284051964300806,0.4819033061808239,0.7284051964300806,0.4819033061808239
natural,refit_per_N,tuned_per_N,UNSW-NB15,1000,1,29,fixed_300,QSVM_Z,0.592391304347826,0.6533333333333333,0.7189202374176762,0.6208754208754208,6,0.8333333333333334,1.0,0.9090909090909091,0.38845504243034656,0.872563434614571,0.9088509556851413,0.29369066680121886,0.8404036537426656,0.5255782342083255,0.8992048005661936,0.41706295464387094
natural,refit_per_N,tuned_per_N,UNSW-NB15,1000,1,29,fixed_300,SVM_Linear,0.5079792923458691,0.6166666666666667,0.7536231884057971,0.5754208754208754,6,1.0,1.0,1.0,0.36004121363337094,1.0487848147947647,1.0766760529612387,0.2652318612808182,1.0182351921579706,0.06829827888130698,1.0182351921579706,0.06829827888130698
natural,refit_per_N,tuned_per_N,UNSW-NB15,1000,1,29,fixed_300,SVM_Poly2,0.6198108014695529,0.67,0.7283372365339578,0.6400673400673401,6,1.0,1.0,1.0,0.4931401411977527,1.0200477504851262,1.0515735915379916,0.4217553718806612,0.9639579364975202,0.4640748757577161,0.9639579364975202,0.4640748757577161
natural,refit_per_N,tuned_per_N,UNSW-NB15,1000,1,29,fixed_300,SVM_RBF,0.6343507186024071,0.68,0.7368310007736127,0.6511784511784512,6,0.8333333333333334,1.0,0.9090909090909091,0.5203416474123191,0.9911445004286561,1.0448451789846864,0.4017728247582149,1.1265551503537778,0.6851952260320621,1.131297492566693,0.6773366872376434
natural,refit_per_N,tuned_per_N,UNSW-NB15,1000,1,29,fixed_300,RandomForest,0.7130102040816326,0.74,0.7910204574256231,0.7164983164983165,6,0.8333333333333334,1.0,0.9090909090909091,0.2284761571836042,0.3098199486216151,0.34500040647476493,0.17077609463134527,0.2479635856664069,0.25821517213164,0.28629691899974025,0.214930428526931
natural,refit_per_N,tuned_per_N,UNSW-NB15,1000,1,29,fixed_300,XGBoost,0.6695156695156695,0.71,0.78125,0.6818181818181819,6,0.6666666666666666,1.0,0.8,0.22065489868323007,0.3015812289979826,0.34003074924151105,0.15498035864940055,0.23761973778406778,0.27085658856166794,0.30883296330769855,0.1856034270330683
natural,refit_per_N,tuned_per_N,UNSW-NB15,1000,1,29,full_test,QSVM_ZZ,0.6193951820468349,0.6782174610115144,0.7704992801107159,0.6450390488432489,1682,0.974435196195006,1.0,0.9870520927431496,0.39892428451685363,0.7887991990290545,0.8314137617049672,0.3001598207851239,0.9898949410723233,0.3105118867931588,1.0131600899780906,0.22319556061000267
natural,refit_per_N,tuned_per_N,UNSW-NB15,1000,1,29,full_test,QSVM_Z,0.6296311183303643,0.6844361852013798,0.7720989085713246,0.6521864752778898,1682,0.9684898929845422,1.0,0.9839927514346118,0.42342031046808043,0.8406985390071428,0.8909113056282052,0.3038681265112823,1.0389387334674176,0.3485029070106857,1.061385377348335,0.2725968613996006
natural,refit_per_N,tuned_per_N,UNSW-NB15,1000,1,29,full_test,SVM_Linear,0.5236089705859062,0.6260020405188748,0.7650563033573681,0.5850766536853628,1682,0.9928656361474435,1.0,0.9964200477326969,0.37348494748671446,1.0382778227273786,1.0751976143821136,0.24791517338329944,1.0520477815943645,0.179991146030373,1.0629608331890186,0.09651743113582158
natural,refit_per_N,tuned_per_N,UNSW-NB15,1000,1,29,full_test,SVM_Poly2,0.6741253855344223,0.7061652820288588,0.7482051216358964,0.6814116702955493,1682,0.9399524375743162,1.0,0.9690468893656145,0.5414197071623812,0.9659970335723574,1.0129271139149163,0.4475089161909409,1.145024917356526,0.484891505731421,1.189561875638993,0.3621386167257568
natural,refit_per_N,tuned_per_N,UNSW-NB15,1000,1,29,full_test,SVM_RBF,0.6902114216795001,0.7236190059758053,0.782797460164366,0.6975296491232255,1682,0.9667063020214031,1.0,0.9830713422007256,0.5654286531831976,0.9217735688278842,0.9981164420994452,0.41610051915493174,1.429898389731674,0.5750502644886624,1.4549459722121556,0.5083546297510619
natural,refit_per_N,tuned_per_N,UNSW-NB15,1000,1,29,full_test,RandomForest,0.7263566318278079,0.7470485351989505,0.7809152331581592,0.7266621979342794,1682,0.9577883472057075,1.0,0.978439113270574,0.2314531950690325,0.3017303425818081,0.34073222399843694,0.16885891350852011,0.41215881848511204,0.16889552044949205,0.4222002356709991,0.14194206382288882
natural,refit_per_N,tuned_per_N,UNSW-NB15,1000,1,29,full_test,XGBoost,0.7086676683401097,0.7374046543263858,0.7917505490652859,0.7129221300626489,1682,0.9673008323424495,1.0,0.9833786642490179,0.22531041154766526,0.29453945365960255,0.33638470615573185,0.1560884389645734,0.4083752491457142,0.15333962721574687,0.4150614008112555,0.13419172458123746
natural,refit_per_N,tuned_per_N,UNSW-NB15,1000,2,29,fixed_300,QSVM_ZZ,0.6148908857509627,0.6666666666666666,0.7254174397031541,0.6363636363636364,6,1.0,1.0,1.0,0.37378616433315165,0.8113570197575454,0.8368233560867157,0.3126387385857698,1.0111280036590722,0.053603829426304594,1.0111280036590722,0.053603829426304594
natural,refit_per_N,tuned_per_N,UNSW-NB15,1000,2,29,fixed_300,QSVM_Z,0.6391263057929724,0.6833333333333333,0.7395833333333334,0.6548821548821548,6,1.0,1.0,1.0,0.4103312997359559,0.8655863632672615,0.9076727822116302,0.3061725791925872,0.9875064331642954,0.13547800127580484,0.9875064331642954,0.13547800127580484
natural,refit_per_N,tuned_per_N,UNSW-NB15,1000,2,29,fixed_300,SVM_Linear,0.5142045454545454,0.62,0.7563636363636363,0.5791245791245792,6,1.0,1.0,1.0,0.37206880732878006,1.1018374719489354,1.1157313135306202,0.3280619575402162,1.0044695667176902,0.06184149736487712,1.0044695667176902,0.06184149736487712
natural,refit_per_N,tuned_per_N,UNSW-NB15,1000,2,29,fixed_300,SVM_Poly2,0.5873015873015873,0.6533333333333333,0.7320261437908497,0.6195286195286195,6,1.0,1.0,1.0,0.6533694236473453,1.255958233242852,1.1946058607060592,0.7597628083648909,1.6982105130564893,0.7679308778288878,1.6982105130564893,0.7679308778288878
natural,refit_per_N,tuned_per_N,UNSW-NB15,1000,2,29,fixed_300,SVM_RBF,0.629540044047816,0.6766666666666666,0.7340410373325734,0.6474747474747475,6,1.0,1.0,1.0,0.613286938803817,1.0693349875157945,1.1434578433683438,0.4605457037821298,1.4026795168091732,0.3728369737920631,1.4026795168091732,0.3728369737920631
natural,refit_per_N,tuned_per_N,UNSW-NB15,1000,2,29,fixed_300,RandomForest,0.7139997139997141,0.7333333333333333,0.7578112352274566,0.7144781144781145,6,0.8333333333333334,1.0,0.9090909090909091,0.22550031746028207,0.31396217301990026,0.35221708870773494,0.15926632313302574,0.295,0.30385029208476994,0.39999999999999997,0.13910427743243556
natural,refit_per_N,tuned_per_N,UNSW-NB15,1000,2,29,fixed_300,XGBoost,0.7015783985905871,0.7233333333333334,0.7496693121693121,0.7033670033670034,6,0.6666666666666666,1.0,0.8,0.22004689435164135,0.31527858132595077,0.34968873918056487,0.1598092777250852,0.2801073839267095,0.2960910348370436,0.3636600722869237,0.18406900680289934
natural,refit_per_N,tuned_per_N,UNSW-NB15,1000,2,29,full_test,QSVM_ZZ,0.6786161234427344,0.7154690764222902,0.7788573071871892,0.6882484767040048,1682,0.9714625445897741,1.0,0.985524728588661,0.44999492705166044,0.7945494004445458,0.8635583585159836,0.2967678310669743,0.9424959017395842,0.29106730503722433,0.9685156782289281,0.18707239743560272
natural,refit_per_N,tuned_per_N,UNSW-NB15,1000,2,29,full_test,QSVM_Z,0.6785534493724374,0.7137200602438906,0.770198009769833,0.6872861065866007,1682,0.960166468489893,1.0,0.9796784956020624,0.4677934409450357,0.822063775889117,0.8920901775303044,0.3143161945783561,0.9198987086480978,0.3201857897554519,0.9523837533175549,0.2042002951773752
natural,refit_per_N,tuned_per_N,UNSW-NB15,1000,2,29,full_test,SVM_Linear,0.5434866843236807,0.6370548510907059,0.7728398286828764,0.5973565645412464,1682,0.9928656361474435,1.0,0.9964200477326969,0.3860806095621351,1.0909292704302476,1.1135019096220395,0.3151164981866449,1.0961933259829817,0.2599714197196542,1.1093055994346601,0.19663680749949472
natural,refit_per_N,tuned_per_N,UNSW-NB15,1000,2,29,full_test,SVM_Poly2,0.6487787003629091,0.6931448282563281,0.7582908165445399,0.663976940100782,1682,0.9684898929845422,1.0,0.9839927514346118,0.7542929523658704,1.3978998080804605,1.1874043140826727,1.0550605320634767,1.8519271825501165,0.9164685128725291,1.8911080911817146,0.832621770086423
natural,refit_per_N,tuned_per_N,UNSW-NB15,1000,2,29,full_test,SVM_RBF,0.6838189752951478,0.7184934168974396,0.7774602506448858,0.6920678728229686,1682,0.9803804994054697,1.0,0.9900930651456019,0.6421201801134092,1.010704500673805,1.1041798551153879,0.46328043445468753,1.4861867021839006,0.5315476841617531,1.502263387549315,0.4842505226789508
natural,refit_per_N,tuned_per_N,UNSW-NB15,1000,2,29,full_test,RandomForest,0.729823875263463,0.7479594811252004,0.7746047213545675,0.7292082020695363,1682,0.9387633769322236,1.0,0.9684145967494634,0.2282412358767194,0.31303528113785994,0.3526105825988273,0.16047095073846496,0.4083972898679168,0.1851660019629703,0.4287092837007342,0.13146537461709581
natural,refit_per_N,tuned_per_N,UNSW-NB15,1000,2,29,full_test,XGBoost,0.7180133711115573,0.7382062867414857,0.7664292342786949,0.7184835233627698,1682,0.9453032104637337,1.0,0.9718826405867971,0.22607838936841088,0.31167965689115484,0.3513143860378859,0.15758759095190872,0.4041294894767006,0.18111573162128652,0.42283315113197467,0.13166502500367064
natural,refit_per_N,tuned_per_N,UNSW-NB15,1000,3,29,fixed_300,QSVM_ZZ,0.6790507683330091,0.7066666666666667,0.7389202725525597,0.6841750841750842,6,1.0,1.0,1.0,0.47341750926849596,0.8726600222236607,0.9286635534604126,0.35106075961813993,0.9623857192133461,0.4226802378174598,0.9623857192133461,0.4226802378174598
natural,refit_per_N,tuned_per_N,UNSW-NB15,1000,3,29,fixed_300,QSVM_Z,0.6428525710774587,0.69,0.7612704918032787,0.6602693602693602,6,1.0,1.0,1.0,0.5173163653096515,0.9307448980263835,0.9725097317496512,0.43373622015177987,1.0515789696843034,0.7195291428790883,1.0515789696843034,0.7195291428790883
natural,refit_per_N,tuned_per_N,UNSW-NB15,1000,3,29,fixed_300,SVM_Linear,0.7229789002262339,0.7333333333333333,0.7386082998402015,0.7212121212121212,6,0.5,1.0,0.6666666666666666,0.6738538687825807,1.058878416327956,1.1165524581822979,0.5732478915491269,0.877029816894491,1.5647230930281304,1.5630690741431732,0.8799742763482955
natural,refit_per_N,tuned_per_N,UNSW-NB15,1000,3,29,fixed_300,SVM_Poly2,0.5845526755852843,0.6466666666666666,0.7067241239125133,0.6141414141414141,6,0.6666666666666666,1.0,0.8,0.39008921521029305,1.0255926148475139,0.9743054084506323,0.5047165328350057,0.5163725417962627,0.4957967940570793,0.5940283708725086,0.3994813606627529
natural,refit_per_N,tuned_per_N,UNSW-NB15,1000,3,29,fixed_300,SVM_RBF,0.6121302116002509,0.6633333333333333,0.7173594847775175,0.6333333333333333,6,0.6666666666666666,1.0,0.8,0.39703243666385674,0.9312092760554948,0.9255795464505454,0.40998533481996746,0.6500235145272186,0.6265416961432062,0.7401809462248924,0.5169305884642017
natural,refit_per_N,tuned_per_N,UNSW-NB15,1000,3,29,fixed_300,RandomForest,0.7251157407407407,0.7466666666666667,0.7836969389480805,0.7259259259259259,6,1.0,1.0,1.0,0.22524601470921377,0.31750245617385436,0.3558933329586592,0.15774508668858947,0.38200000000000006,0.15408222912890807,0.38200000000000006,0.15408222912890807
natural,refit_per_N,tuned_per_N,UNSW-NB15,1000,3,29,fixed_300,XGBoost,0.7406215476247658,0.76,0.7969018932874354,0.7400673400673401,6,1.0,1.0,1.0,0.2323286473751068,0.34726329949923257,0.3928274899721146,0.14231993076322322,0.4149542848269145,0.08435914580240672,0.4149542848269145,0.08435914580240672
natural,refit_per_N,tuned_per_N,UNSW-NB15,1000,3,29,full_test,QSVM_ZZ,0.6964664396691947,0.7172423844920566,0.7383410293836872,0.6979137081138316,1682,0.9381688466111772,1.0,0.9680981595092024,0.4924133771215498,0.8498787166100475,0.9092054728371808,0.37163177350424353,0.9286867235809099,0.4455042219584101,1.0008135936668017,0.24352657569545888
natural,refit_per_N,tuned_per_N,UNSW-NB15,1000,3,29,full_test,QSVM_Z,0.6770722185905529,0.7115216440752077,0.764057962492382,0.6854884265276483,1682,0.9726516052318668,1.0,0.9861362266425557,0.5230390445353782,0.8992968406272348,0.954886840672466,0.41291133573827243,1.395399637397978,0.5543781915501407,1.4131189374351336,0.5075137396948106
natural,refit_per_N,tuned_per_N,UNSW-NB15,1000,3,29,full_test,SVM_Linear,0.7382998808823706,0.744716513627751,0.744999004261041,0.7364119767433541,1682,0.8210463733650416,1.0,0.9017303297420829,0.6491794867351471,1.0540880257097134,1.0965195541686918,0.5746132954152763,1.6866497784808612,1.2000102292111676,1.9204609363983856,0.7724259299303811
natural,refit_per_N,tuned_per_N,UNSW-NB15,1000,3,29,full_test,SVM_Poly2,0.6495984345725665,0.6892702715833455,0.7382128713164111,0.6619983962167408,1682,0.941141498216409,1.0,0.9696784073506891,0.44697187847813186,0.965430995638049,0.9435220037972964,0.4915354471849196,0.8390945967551665,0.36801345122198464,0.8780525751281972,0.2617963290322711
natural,refit_per_N,tuned_per_N,UNSW-NB15,1000,3,29,full_test,SVM_RBF,0.6628572961929905,0.6989141524559103,0.7461874745029389,0.6727082557277122,1682,0.9375743162901308,1.0,0.967781528076097,0.4524329411553323,0.8768822458488666,0.8974864854961536,0.4100439582278697,1.03606853368814,0.4721665271357301,1.0765137186798717,0.37080648502978164
natural,refit_per_N,tuned_per_N,UNSW-NB15,1000,3,29,full_test,RandomForest,0.7219882081953684,0.7420322596317349,0.7715597173817865,0.7222559435372901,1682,0.9571938168846611,1.0,0.9781287970838396,0.2242155615052531,0.31283791149720164,0.3489408894744645,0.16242054224702124,0.4175312373939427,0.16089289836265785,0.4304753515437644,0.12210581745570517
natural,refit_per_N,tuned_per_N,UNSW-NB15,1000,3,29,full_test,XGBoost,0.7176860842442191,0.7376718651314191,0.7650969291706149,0.7181000498424834,1682,0.950653983353151,1.0,0.9747028345016763,0.22749885997611846,0.33911104230077865,0.38163417965385116,0.14528380233421098,0.4268517023955741,0.17099467035771165,0.44722257262177756,0.10692765622747522
natural,refit_per_N,tuned_per_N,UNSW-NB15,1000,4,29,fixed_300,QSVM_ZZ,0.7251157407407407,0.7466666666666667,0.7836969389480805,0.7259259259259259,6,1.0,1.0,1.0,0.5188442128244678,0.8478582249454969,0.9306773874949538,0.34914536685274544,0.7534045767337622,0.39847414646296414,0.7534045767337622,0.39847414646296414
natural,refit_per_N,tuned_per_N,UNSW-NB15,1000,4,29,fixed_300,QSVM_Z,0.6879550655294362,0.7166666666666667,0.7574144941401579,0.6932659932659933,6,0.8333333333333334,1.0,0.9090909090909091,0.544696963618182,0.8993703877811535,0.9860268665911031,0.3651203841926939,0.7074660774783271,0.91299356684262,1.0065904291523118,0.5664284701686036
natural,refit_per_N,tuned_per_N,UNSW-NB15,1000,4,29,fixed_300,SVM_Linear,0.7536945812807883,0.76,0.7616645649432534,0.7515151515151515,6,0.5,1.0,0.6666666666666666,1.2354884808973896,1.6815855155755206,1.6988828469064037,1.2115934570270352,0.18766741903192677,1.0085862076334415,1.0078117872604226,0.19178268913920532
natural,refit_per_N,tuned_per_N,UNSW-NB15,1000,4,29,fixed_300,SVM_Poly2,0.6659283642726905,0.6966666666666667,0.7305070557282947,0.673063973063973,6,0.5,1.0,0.6666666666666666,0.48734943659028146,1.0110442972783011,1.0146934543809292,0.4797053658656902,0.3439563864349923,0.7084356743278891,0.6897763439899793,0.379994336407329
natural,refit_per_N,tuned_per_N,UNSW-NB15,1000,4,29,fixed_300,SVM_RBF,0.7170453324418868,0.7366666666666667,0.7632579873940448,0.7175084175084174,6,0.6666666666666666,1.0,0.8,0.6252092259218663,0.987083469632676,1.0783493275827225,0.44987007002221435,0.5333768567679312,0.9395616144973827,0.9023386322029315,0.5941816991516228
natural,refit_per_N,tuned_per_N,UNSW-NB15,1000,4,29,fixed_300,RandomForest,0.7272727272727273,0.7466666666666667,0.7770177838577291,0.7272727272727273,6,0.8333333333333334,1.0,0.9090909090909091,0.2381099414166376,0.3128266208690161,0.35919406747214444,0.1598013166985125,0.3105450402954733,0.20662869765661912,0.3250084449296613,0.18303866113963735
natural,refit_per_N,tuned_per_N,UNSW-NB15,1000,4,29,fixed_300,XGBoost,0.6966337309177744,0.7233333333333334,0.7625704887218046,0.7006734006734007,6,0.8333333333333334,1.0,0.9090909090909091,0.2317736361424128,0.3847936522469755,0.43361221889654794,0.11732696554438811,0.36825433373451233,0.26123080165943957,0.4397769669691722,0.10222037650722428
natural,refit_per_N,tuned_per_N,UNSW-NB15,1000,4,29,full_test,QSVM_ZZ,0.7406077470455275,0.7566924160715154,0.780837897767425,0.7390610260397166,1682,0.9435196195005945,1.0,0.970939125114714,0.5459313970909185,0.835684772073495,0.93632589723945,0.34598257580969327,0.9407435349543406,0.44732625544838384,1.0127377933199249,0.24384695887656713
natural,refit_per_N,tuned_per_N,UNSW-NB15,1000,4,29,full_test,QSVM_Z,0.7037020064055879,0.7285866977602876,0.765039171833134,0.7064942239954592,1682,0.9274673008323424,1.0,0.9623689080814312,0.5634819103324569,0.8778910742625469,0.9787013837986623,0.36103767517026125,1.2066150239999596,0.5994583677272177,1.2840927981475287,0.40789194221785535
natural,refit_per_N,tuned_per_N,UNSW-NB15,1000,4,29,full_test,SVM_Linear,0.7591917276786564,0.763396978088714,0.7621166945577109,0.7577844157578562,1682,0.8186682520808561,1.0,0.900294213795358,1.2231740165787737,1.66631147906239,1.6815432209917138,1.2021484999888128,0.8123910288650458,0.8366373268797624,1.1394433380310696,0.248213778677849
natural,refit_per_N,tuned_per_N,UNSW-NB15,1000,4,29,full_test,SVM_Poly2,0.6600388890659687,0.6918573580138949,0.7245843833832311,0.6677356023189871,1682,0.9066587395957194,1.0,0.9510445899594637,0.5094500995892475,0.9867985273762612,0.9937513988501654,0.4957508395220234,0.822151263949246,0.5113899052565057,0.9314007803851778,0.26447102357249347
natural,refit_per_N,tuned_per_N,UNSW-NB15,1000,4,29,full_test,SVM_RBF,0.7025963444975898,0.7236311519214886,0.7478054862829885,0.7039264704128818,1682,0.8983353151010701,1.0,0.946445349201378,0.6308424597753853,0.9805969451009383,1.07550339345111,0.45036099794708917,1.1130096944770018,0.6769218027179487,1.248764204118668,0.370946990157053
natural,refit_per_N,tuned_per_N,UNSW-NB15,1000,4,29,full_test,RandomForest,0.7340520092954299,0.7508259243064666,0.7747256382754938,0.7329165007237892,1682,0.9417360285374554,1.0,0.969993876301286,0.2386925316581712,0.30089398573646087,0.34498249902634903,0.16881466372118167,0.40357539874995224,0.17929491788683005,0.41864447333429583,0.14055808408938353
natural,refit_per_N,tuned_per_N,UNSW-NB15,1000,4,29,full_test,XGBoost,0.7361700560493116,0.7529879026380994,0.7778530661116051,0.734964242191543,1682,0.9458977407847801,1.0,0.972196761380996,0.24960778898680366,0.3661139054793636,0.4253594074178378,0.12414835733661157,0.435431544778605,0.18111494149435675,0.46268788222821516,0.09123144118096488
natural,refit_per_N,tuned_per_N,UNSW-NB15,1000,5,29,fixed_300,QSVM_ZZ,0.6448167432623391,0.69,0.7554146480478768,0.6609427609427609,6,0.8333333333333334,1.0,0.9090909090909091,0.40378508424237697,0.8276283771045573,0.8673792314574307,0.3092966111706749,0.6306116228996426,0.8155290222481588,0.9768696052336628,0.3293696698783704
natural,refit_per_N,tuned_per_N,UNSW-NB15,1000,5,29,fixed_300,QSVM_Z,0.6716254540026867,0.7066666666666667,0.7579911600794311,0.6808080808080809,6,0.5,1.0,0.6666666666666666,0.49110230171239105,0.8797159367334024,0.9479433458577042,0.3412990083988479,0.45957474140744087,1.005514578247951,0.992201708365088,0.48765180193071395
natural,refit_per_N,tuned_per_N,UNSW-NB15,1000,5,29,fixed_300,SVM_Linear,0.7536945812807883,0.76,0.7616645649432534,0.7515151515151515,6,0.5,1.0,0.6666666666666666,1.3598250666665241,1.867796281384701,1.8322928425965714,1.4072988665022477,0.29044980704463597,1.0957430639847587,1.0949117386441853,0.29356811349691925
natural,refit_per_N,tuned_per_N,UNSW-NB15,1000,5,29,fixed_300,SVM_Poly2,0.6296711929076422,0.67,0.706876456876457,0.6434343434343435,6,0.6666666666666666,1.0,0.8,0.40365211950204855,0.9083755697204805,0.8776447182095063,0.4667129287286349,0.5312600071219427,0.5770250147076711,0.6241181741995958,0.4750490157861159
natural,refit_per_N,tuned_per_N,UNSW-NB15,1000,5,29,fixed_300,SVM_RBF,0.6859621470082179,0.71,0.7357910046990379,0.6892255892255892,6,0.5,1.0,0.6666666666666666,0.42489890078963993,0.7973286928666987,0.8147590662541168,0.3904353779020062,0.5346461892817258,0.7848400797599903,0.7763023568034265,0.5469690570156454
natural,refit_per_N,tuned_per_N,UNSW-NB15,1000,5,29,fixed_300,RandomForest,0.7170453324418868,0.7366666666666667,0.7632579873940448,0.7175084175084174,6,0.8333333333333334,1.0,0.9090909090909091,0.22606465033458634,0.31963447531695427,0.35797542472887933,0.15850873550761121,0.36459131472787015,0.18289376209281302,0.3705952715624026,0.17039982301354797
natural,refit_per_N,tuned_per_N,UNSW-NB15,1000,5,29,fixed_300,XGBoost,0.7385355603576929,0.7566666666666667,0.7877091936535536,0.7377104377104378,6,1.0,1.0,1.0,0.24424086729685465,0.36613638891109734,0.4229056517283122,0.12190269184488758,0.3692578474680583,0.17133375112552626,0.3692578474680583,0.17133375112552626
natural,refit_per_N,tuned_per_N,UNSW-NB15,1000,5,29,full_test,QSVM_ZZ,0.6668294299768487,0.7032866929019094,0.7550150037533094,0.6767410551820682,1682,0.9613555291319857,1.0,0.9802970597150652,0.4368630488813311,0.8004104097473649,0.857027502868431,0.3114642946421599,0.9561795264263064,0.363254447023351,0.9962793409899441,0.23164747949355885
natural,refit_per_N,tuned_per_N,UNSW-NB15,1000,5,29,full_test,QSVM_Z,0.7041308713558938,0.7285502599232376,0.7636853317325298,0.706714480076123,1682,0.929845422116528,1.0,0.9636475662353666,0.5202715568478186,0.8491944187928006,0.9350874565275301,0.3426734632541159,1.1425098477376359,0.5421774387969127,1.210184370179466,0.3670680011812321
natural,refit_per_N,tuned_per_N,UNSW-NB15,1000,5,29,full_test,SVM_Linear,0.7591917276786564,0.763396978088714,0.7621166945577109,0.7577844157578562,1682,0.8186682520808561,1.0,0.900294213795358,1.350533192193839,1.8506203565418011,1.8145722258079524,1.3985933092184295,0.9513847938732541,0.9056184429238138,1.2686026978875453,0.3404775838281418
natural,refit_per_N,tuned_per_N,UNSW-NB15,1000,5,29,full_test,SVM_Poly2,0.6770257801945271,0.7044769955788758,0.7345604462028754,0.6819574586056982,1682,0.9078478002378121,1.0,0.9516983483951387,0.45043881418765797,0.8472743699394387,0.839481153729249,0.4648014369776253,0.8455678569495881,0.4271255633519502,0.8859507413279383,0.33542887698514634
natural,refit_per_N,tuned_per_N,UNSW-NB15,1000,5,29,full_test,SVM_RBF,0.7069163892724357,0.7224772870815722,0.7346264778791978,0.70639319041975,1682,0.870986920332937,1.0,0.9310454401016841,0.45800598678828186,0.7601505759992868,0.7952941021693277,0.3938345759080054,0.9945360180798771,0.5721996228467766,1.0728481187829597,0.40683069410755596
natural,refit_per_N,tuned_per_N,UNSW-NB15,1000,5,29,full_test,RandomForest,0.7205349277493995,0.7387042705145023,0.7617564645319713,0.7202769823118804,1682,0.9328180737217598,1.0,0.9652414641648723,0.2242095859540526,0.31362421157802023,0.3512032556452568,0.15901684736465793,0.40041868496111055,0.18897360968124707,0.4221132174048159,0.13366592727430582
natural,refit_per_N,tuned_per_N,UNSW-NB15,1000,5,29,full_test,XGBoost,0.7206218615150441,0.7373560705436525,0.7563582536457425,0.7199617441053513,1682,0.9227110582639715,1.0,0.9598021026592455,0.23247528453822885,0.36351203325255177,0.4112625732671871,0.13057125284757864,0.40981752940151267,0.216893821169648,0.4523116584942542,0.10201715863769245
natural,refit_per_N,tuned_per_N,UNSW-NB15,1000,6,29,fixed_300,QSVM_ZZ,0.6400122549019608,0.6866666666666666,0.7528698288932207,0.6572390572390573,6,1.0,1.0,1.0,0.38670279796899254,0.8380223208813499,0.8807040798526049,0.276008673746656,0.9302710518731757,0.3067472414178398,0.9302710518731757,0.3067472414178398
natural,refit_per_N,tuned_per_N,UNSW-NB15,1000,6,29,fixed_300,QSVM_Z,0.6505331609467607,0.6966666666666667,0.772248243559719,0.667003367003367,6,1.0,1.0,1.0,0.41606767160293584,0.8562528264718716,0.908942870654779,0.2830266207974207,0.9919419243971417,0.2592189925687741,0.9919419243971417,0.2592189925687741
natural,refit_per_N,tuned_per_N,UNSW-NB15,1000,6,29,fixed_300,SVM_Linear,0.6334597120580419,0.6766666666666666,0.7246543778801844,0.6488215488215487,6,1.0,1.0,1.0,0.43426883951591916,0.8956960954865574,0.9062905485918937,0.411701787678135,0.9727252405032639,0.17354866978776204,0.9727252405032639,0.17354866978776204
natural,refit_per_N,tuned_per_N,UNSW-NB15,1000,6,29,fixed_300,SVM_Poly2,0.6176572818908586,0.67,0.733739837398374,0.6393939393939394,6,1.0,1.0,1.0,0.44444004426789635,0.9155826679631516,0.9460344221738113,0.3752831556113805,1.075067313246859,0.2724309944645285,1.075067313246859,0.2724309944645285
natural,refit_per_N,tuned_per_N,UNSW-NB15,1000,6,29,fixed_300,SVM_RBF,0.6806298276886513,0.7133333333333334,0.7630340673818935,0.6882154882154883,6,1.0,1.0,1.0,0.4682586764523712,0.8775702524826882,0.9365906668900584,0.3349532188379311,1.1123900544195724,0.429485636509035,1.1123900544195724,0.429485636509035
natural,refit_per_N,tuned_per_N,UNSW-NB15,1000,6,29,fixed_300,RandomForest,0.7056514913657771,0.7333333333333333,0.7819684991853237,0.7097643097643098,6,0.8333333333333334,1.0,0.9090909090909091,0.24395,0.3237542496503585,0.37511666666666665,0.15367466627767754,0.37833333333333335,0.18942163433873008,0.38833333333333336,0.1679699047117932
natural,refit_per_N,tuned_per_N,UNSW-NB15,1000,6,29,fixed_300,XGBoost,0.6954842543077837,0.7266666666666667,0.7818558253340862,0.7016835016835017,6,1.0,1.0,1.0,0.22807317753632864,0.3083409424871981,0.3535428124666214,0.1486572933918907,0.3912818729877472,0.14189007156099073,0.3912818729877472,0.14189007156099073
natural,refit_per_N,tuned_per_N,UNSW-NB15,1000,6,29,full_test,QSVM_ZZ,0.6601079292705099,0.7022542875188262,0.7698998918009868,0.6735159686731644,1682,0.9768133174791914,1.0,0.9882706766917293,0.4158934790393387,0.8162855484933099,0.8727568816712197,0.2785406758123437,0.963603369071214,0.2602360678201446,0.9817808404880002,0.17989064770176705
natural,refit_per_N,tuned_per_N,UNSW-NB15,1000,6,29,full_test,QSVM_Z,0.6708590611674758,0.7109993684108245,0.781016497491543,0.6826495918401416,1682,0.976218787158145,1.0,0.9879663056558363,0.4466062819651662,0.843043079122364,0.9122392509390554,0.27928185296044056,1.0110824399991833,0.2953928418020894,1.0271955571206965,0.2332679122685293
natural,refit_per_N,tuned_per_N,UNSW-NB15,1000,6,29,full_test,SVM_Linear,0.6515296086175907,0.6892338337462954,0.7333902769268655,0.6627327942077788,1682,0.9453032104637337,1.0,0.9718826405867971,0.43354255455468194,0.8610519266392299,0.8656602869487404,0.4242662307782149,0.9338448462929458,0.39542171163299844,0.9727869101165001,0.2865486947879162
natural,refit_per_N,tuned_per_N,UNSW-NB15,1000,6,29,full_test,SVM_Poly2,0.6498061797012409,0.6928533255599281,0.7538996696615677,0.6641742090188663,1682,0.9673008323424495,1.0,0.9833786642490179,0.4723116439225045,0.8833294812887491,0.9299995216435663,0.3720889023356745,1.03003233377966,0.3369238547790985,1.049212325241161,0.2713628366464655
natural,refit_per_N,tuned_per_N,UNSW-NB15,1000,6,29,full_test,SVM_RBF,0.6879679037851492,0.7200602438905893,0.77214238012028,0.6947201785744096,1682,0.9607609988109393,1.0,0.9799878714372346,0.4830446360953815,0.8509937765596467,0.9194559736806216,0.33484808595359994,1.186908380547976,0.43167667676197224,1.2134985719827662,0.3500249603543528
natural,refit_per_N,tuned_per_N,UNSW-NB15,1000,6,29,full_test,RandomForest,0.713547721938461,0.735388427342953,0.7668565721164401,0.714764700551606,1682,0.9488703923900119,1.0,0.9737644905430141,0.22983366127386679,0.321657966722617,0.36144639994169947,0.16013700190731608,0.4223483947681332,0.16372779794420575,0.4347146254458978,0.12731124383301878
natural,refit_per_N,tuned_per_N,UNSW-NB15,1000,6,29,full_test,XGBoost,0.7010157097202621,0.7290968274789875,0.7752947468596085,0.7053057609802514,1682,0.9690844233055886,1.0,0.9842995169082126,0.2227439878011001,0.30348493899182727,0.34399262579740825,0.1529283024603818,0.4081136864586761,0.1492942686319604,0.41604979146675036,0.12549155645586704
natural,refit_per_N,tuned_per_N,UNSW-NB15,1000,7,29,fixed_300,QSVM_ZZ,0.6428525710774587,0.69,0.7612704918032787,0.6602693602693602,6,1.0,1.0,1.0,0.41488787827515655,0.8518274986972731,0.9118063668601614,0.2575872443072192,0.8395655026605621,0.2956269646679349,0.8395655026605621,0.2956269646679349
natural,refit_per_N,tuned_per_N,UNSW-NB15,1000,7,29,fixed_300,QSVM_Z,0.6359223300970873,0.6866666666666666,0.765258574593232,0.6558922558922559,6,0.8333333333333334,1.0,0.9090909090909091,0.47731966837024475,0.9276369622345775,0.9913522782445209,0.324907771431023,0.903718260575812,0.7250739181889679,0.9969087549650765,0.5904335827254868
natural,refit_per_N,tuned_per_N,UNSW-NB15,1000,7,29,fixed_300,SVM_Linear,0.7536945812807883,0.76,0.7616645649432534,0.7515151515151515,6,0.5,1.0,0.6666666666666666,1.0825791651320564,1.4701548956045678,1.5189986030863023,1.0129048867835322,0.367534134480076,1.1119152476027978,1.111131246567605,0.36989756793027084
natural,refit_per_N,tuned_per_N,UNSW-NB15,1000,7,29,fixed_300,SVM_Poly2,0.6400122549019608,0.6866666666666666,0.7528698288932207,0.6572390572390573,6,0.6666666666666666,1.0,0.8,0.45118586557538104,0.9971605849221773,0.9802095975530885,0.48691586776583573,0.4340393643303631,0.6377363285123323,0.6438107204176584,0.42497711793459053
natural,refit_per_N,tuned_per_N,UNSW-NB15,1000,7,29,fixed_300,SVM_RBF,0.6287854119179421,0.6833333333333333,0.77,0.6515151515151515,6,1.0,1.0,1.0,0.6366279905518714,1.1022003732857593,1.173669046238298,0.49258687673086204,1.2391382337095598,0.7655729099928632,1.2391382337095598,0.7655729099928632
natural,refit_per_N,tuned_per_N,UNSW-NB15,1000,7,29,fixed_300,RandomForest,0.7155222719315308,0.74,0.7825985673519306,0.7178451178451178,6,1.0,1.0,1.0,0.233509556767643,0.322383109503809,0.36574826663568716,0.15711711507075324,0.38751570773356625,0.11878700352464251,0.38751570773356625,0.11878700352464251
natural,refit_per_N,tuned_per_N,UNSW-NB15,1000,7,29,fixed_300,XGBoost,0.7124868071477963,0.7366666666666667,0.7763340263340264,0.7148148148148148,6,1.0,1.0,1.0,0.22688486556212106,0.360039588616968,0.4038239453236262,0.13428130464021515,0.38594840963681537,0.12850332453096527,0.38594840963681537,0.12850332453096527
natural,refit_per_N,tuned_per_N,UNSW-NB15,1000,7,29,full_test,QSVM_ZZ,0.6714673949948406,0.7104649468007579,0.7761530627700269,0.6825890093746796,1682,0.9839476813317479,1.0,0.9919089002097693,0.44821894696888614,0.8318117770824693,0.9034442621527287,0.2767661866961072,0.9727164140721568,0.2631523132519535,0.9907470783073956,0.18397442485467705
natural,refit_per_N,tuned_per_N,UNSW-NB15,1000,7,29,full_test,QSVM_Z,0.6639600861026341,0.7059830928436088,0.7770956395379759,0.6771306051926805,1682,0.9655172413793104,1.0,0.9824561403508771,0.5078874433093848,0.8862343576372086,0.962135454529042,0.3430107270424246,1.2732834662818695,0.49418472969063226,1.3076318697166698,0.39442138109826386
natural,refit_per_N,tuned_per_N,UNSW-NB15,1000,7,29,full_test,SVM_Linear,0.7591917276786564,0.763396978088714,0.7621166945577109,0.7577844157578562,1682,0.8186682520808561,1.0,0.900294213795358,1.069358589413132,1.4587590948487794,1.5002529802672644,1.0103201892246165,1.0407222360054411,0.8549466734000134,1.2923501075645345,0.37929907243737115
natural,refit_per_N,tuned_per_N,UNSW-NB15,1000,7,29,full_test,SVM_Poly2,0.6615385868481065,0.698100374095127,0.7460653267815364,0.6717184018925835,1682,0.9458977407847801,1.0,0.972196761380996,0.4843630127438942,0.9504956058987575,0.9531941332856662,0.4790306558217081,0.8983755567894978,0.38357268065216354,0.9360390314981458,0.27935206083281333
natural,refit_per_N,tuned_per_N,UNSW-NB15,1000,7,29,full_test,SVM_RBF,0.6595349620947072,0.7045012874702424,0.7840131474248208,0.6746325046921093,1682,0.9785969084423306,1.0,0.9891826923076923,0.673450273303695,1.0595704750365533,1.1480474676022705,0.5081455247407206,1.6051439824502851,0.6450205196651185,1.6239488056635456,0.5960947506641581
natural,refit_per_N,tuned_per_N,UNSW-NB15,1000,7,29,full_test,RandomForest,0.7117070741599364,0.7348418597872031,0.7697010272159249,0.7134810050057117,1682,0.9470868014268727,1.0,0.972824427480916,0.230695863381112,0.3200908855852152,0.3604303918095403,0.16052628780329195,0.41065510660767923,0.18246466173667691,0.42690103577914057,0.14030849944440738
natural,refit_per_N,tuned_per_N,UNSW-NB15,1000,7,29,full_test,XGBoost,0.7134881011139533,0.7338823300782199,0.7607555260382157,0.7141967895717123,1682,0.9351961950059453,1.0,0.9665130568356375,0.23316474166776444,0.3553040440436148,0.40282398818734666,0.1354237608825819,0.40960813521913625,0.20076787929740056,0.43890138454159433,0.12430663877181045
natural,refit_per_N,tuned_per_N,UNSW-NB15,1000,8,29,fixed_300,QSVM_ZZ,0.6121302116002509,0.6633333333333333,0.7173594847775175,0.6333333333333333,6,0.8333333333333334,1.0,0.9090909090909091,0.37685118178630506,0.8337017582695433,0.8677877653568582,0.2898617416155733,0.6634159035344581,0.49294541911678613,0.773645704539339,0.2908404565023496
natural,refit_per_N,tuned_per_N,UNSW-NB15,1000,8,29,fixed_300,QSVM_Z,0.6774388402295379,0.7033333333333334,0.7301136363636364,0.6818181818181819,6,0.5,1.0,0.6666666666666666,0.434169876497268,0.8150433352981868,0.8673399943742538,0.3170496084692661,0.37296703279906623,0.7545214576134113,0.7344914328917889,0.41101018547302853
natural,refit_per_N,tuned_per_N,UNSW-NB15,1000,8,29,fixed_300,SVM_Linear,0.7068497068497068,0.7266666666666667,0.7497166909502995,0.7077441077441078,6,1.0,1.0,1.0,0.6047333057590507,0.9890282310090232,1.0263189506592514,0.5390256249426367,0.6642387507950543,0.5466971120041871,0.6642387507950543,0.5466971120041871
natural,refit_per_N,tuned_per_N,UNSW-NB15,1000,8,29,fixed_300,SVM_Poly2,0.6578904497550095,0.6966666666666667,0.7502648305084746,0.6696969696969697,6,1.0,1.0,1.0,0.5509556158927038,1.127621247844693,1.0584600582950718,0.6743471467045177,0.81674784590809,0.426075862877918,0.81674784590809,0.426075862877918
natural,refit_per_N,tuned_per_N,UNSW-NB15,1000,8,29,fixed_300,SVM_RBF,0.6371783936550777,0.6833333333333333,0.7447278426902251,0.6542087542087542,6,1.0,1.0,1.0,0.5893982451106449,1.0233924724459016,1.0948032721075238,0.44286368035898166,0.8581617875770128,0.6345258825204844,0.8581617875770128,0.6345258825204844
natural,refit_per_N,tuned_per_N,UNSW-NB15,1000,8,29,fixed_300,RandomForest,0.6586121737446129,0.6866666666666666,0.7100635775244859,0.6646464646464647,6,0.8333333333333334,1.0,0.9090909090909091,0.20463311149263438,0.337404439703235,0.35961268015027326,0.1624659549744136,0.24058914264597553,0.27373406998929417,0.3039224759793088,0.20110844146041154
natural,refit_per_N,tuned_per_N,UNSW-NB15,1000,8,29,fixed_300,XGBoost,0.6672453703703703,0.6933333333333334,0.7160493827160493,0.672053872053872,6,0.6666666666666666,1.0,0.8,0.20438415348529815,0.38587620687542545,0.41747824092706043,0.12800487327018187,0.23778394858042398,0.27216484552579684,0.2991006374359131,0.2028637918111782
natural,refit_per_N,tuned_per_N,UNSW-NB15,1000,8,29,full_test,QSVM_ZZ,0.6614246525688723,0.7008332118738765,0.7588440053716946,0.6732016140379328,1682,0.9565992865636147,1.0,0.977818292312367,0.42461367430463165,0.7907995846630609,0.8468933903087291,0.29737575718463727,0.918982808364175,0.34626984965348634,0.9617854820440327,0.19849659286063764
natural,refit_per_N,tuned_per_N,UNSW-NB15,1000,8,29,full_test,QSVM_Z,0.7112945388125996,0.7310280328426372,0.7550414510020933,0.71186063063858,1682,0.9137931034482759,1.0,0.954954954954955,0.475585902155349,0.7689070738813976,0.8360300340214554,0.3441712085690122,0.895076009818427,0.4461139550747529,0.9567013643244456,0.2913781456538219
natural,refit_per_N,tuned_per_N,UNSW-NB15,1000,8,29,full_test,SVM_Linear,0.7223718423184631,0.7343074381771365,0.7422520838715683,0.7207053414925558,1682,0.8751486325802615,1.0,0.9334178820545339,0.6071774913420639,0.9512442691975018,0.9942503932033373,0.5338504671614894,0.9296588715589681,0.608956730818915,1.0554572482274658,0.3479998773592604
natural,refit_per_N,tuned_per_N,UNSW-NB15,1000,8,29,full_test,SVM_Poly2,0.69130596276347,0.7210926492736724,0.7669893476615832,0.6967927923953248,1682,0.9708680142687277,1.0,0.9852187028657617,0.6249180391637653,1.102851229908479,1.0429489366158098,0.7204588167236775,0.9541057777606097,0.48948813472311375,1.0013973294647749,0.38356206503212475
natural,refit_per_N,tuned_per_N,UNSW-NB15,1000,8,29,full_test,SVM_RBF,0.6887773966910075,0.7214934654812224,0.7766555505572399,0.6958080825906644,1682,0.9696789536266349,1.0,0.9846060971928765,0.6416102657567866,0.9674726900029021,1.062437503164728,0.467860760157383,1.2170510449726786,0.4895708924239035,1.2355247182368703,0.4408759183755996
natural,refit_per_N,tuned_per_N,UNSW-NB15,1000,8,29,full_test,RandomForest,0.7270564586194503,0.7427610163727347,0.761007376251339,0.7259206145172792,1682,0.917360285374554,1.0,0.9568992248062016,0.23354624283833278,0.3067508158230013,0.3469415956511622,0.16814113047973656,0.3948983132018548,0.20940444584652512,0.42399747553213046,0.14149572591545287
natural,refit_per_N,tuned_per_N,UNSW-NB15,1000,8,29,full_test,XGBoost,0.7320840416133322,0.7457975027935675,0.7601218152684257,0.7303819198179915,1682,0.9161712247324614,1.0,0.9562519391870927,0.24271111648799623,0.3569052772085132,0.4099353624506246,0.13506687817007662,0.40683401151871423,0.2252174957207725,0.45153476164967493,0.11114491589414577
natural,refit_per_N,tuned_per_N,UNSW-NB15,1000,9,29,fixed_300,QSVM_ZZ,0.6966337309177744,0.7233333333333334,0.7625704887218046,0.7006734006734007,6,0.6666666666666666,1.0,0.8,0.47806446949817283,0.7943141996746785,0.8691253482733687,0.3226481268969189,0.46692420598219986,0.7629134702636453,0.7410221997478832,0.5009403923847967
natural,refit_per_N,tuned_per_N,UNSW-NB15,1000,9,29,fixed_300,QSVM_Z,0.6775,0.7133333333333334,0.7725040916530278,0.6868686868686869,6,0.6666666666666666,1.0,0.8,0.48936729440836985,0.9130710188664212,0.976295836880513,0.34644692698898455,0.5236762196024473,1.1133142539485035,1.152417649107454,0.4308584141544322
natural,refit_per_N,tuned_per_N,UNSW-NB15,1000,9,29,fixed_300,SVM_Linear,0.7536945812807883,0.76,0.7616645649432534,0.7515151515151515,6,0.5,1.0,0.6666666666666666,1.2821379343790837,1.6975428860129056,1.75489876479209,1.202439128587425,0.5290764772331105,1.318160124070217,1.3176592332941042,0.5303227096447986
natural,refit_per_N,tuned_per_N,UNSW-NB15,1000,9,29,fixed_300,SVM_Poly2,0.7228426752113764,0.7366666666666667,0.7492927864214993,0.7215488215488215,6,0.5,1.0,0.6666666666666666,0.5078336919554232,0.8935580938594894,0.9331380850384591,0.43080673165311295,0.24911633635705632,0.9334136633252049,0.9283984774080652,0.2672008290940112
natural,refit_per_N,tuned_per_N,UNSW-NB15,1000,9,29,fixed_300,SVM_RBF,0.6880570409982174,0.72,0.7724449463579899,0.694949494949495,6,0.6666666666666666,1.0,0.8,0.5980482189671009,0.9529573139396904,1.0227510065150576,0.4687960036874334,0.3137432170572381,0.8660504688406471,0.8370752043431002,0.3844259656975406
natural,refit_per_N,tuned_per_N,UNSW-NB15,1000,9,29,fixed_300,RandomForest,0.7262116336039195,0.7466666666666667,0.7802454055854755,0.7265993265993266,6,0.6666666666666666,1.0,0.8,0.2326667987050475,0.33475048106119387,0.3764188515732473,0.1565265855074896,0.20666666666666664,0.29182852651666674,0.2866666666666667,0.21376908621740007
natural,refit_per_N,tuned_per_N,UNSW-NB15,1000,9,29,fixed_300,XGBoost,0.7094571691443514,0.7333333333333333,0.7702044790652385,0.7117845117845117,6,0.8333333333333334,1.0,0.9090909090909091,0.23173376391331355,0.3540598361235977,0.4022214089830716,0.1314414053826753,0.2328419884045919,0.28311147404872206,0.3111206293106079,0.19383356860878262
natural,refit_per_N,tuned_per_N,UNSW-NB15,1000,9,29,full_test,QSVM_ZZ,0.713260835083014,0.736530146237186,0.7726848623155274,0.7150240734425416,1682,0.9429250891795482,1.0,0.9706242350061199,0.5004536488737207,0.7870059309949501,0.8754661314871828,0.3215450865914703,0.9548244881930043,0.44985451257300063,1.0251787541891584,0.2511322514025027
natural,refit_per_N,tuned_per_N,UNSW-NB15,1000,9,29,full_test,QSVM_Z,0.66768337532859,0.7044891415245591,0.7581690302079769,0.677751034410392,1682,0.9530321046373365,1.0,0.975951293759513,0.490199583567689,0.8723003505014219,0.9394983686300071,0.3443056034344989,1.2242463977604765,0.5369276186873119,1.2776777797359682,0.3932047829155907
natural,refit_per_N,tuned_per_N,UNSW-NB15,1000,9,29,full_test,SVM_Linear,0.7591917276786564,0.763396978088714,0.7621166945577109,0.7577844157578562,1682,0.8186682520808561,1.0,0.900294213795358,1.2632237386609626,1.6906108695031337,1.737548020044797,1.1978423118412231,1.2721689018404199,1.056420727072712,1.5740607753020632,0.5067259052526956
natural,refit_per_N,tuned_per_N,UNSW-NB15,1000,9,29,full_test,SVM_Poly2,0.7311248204669248,0.7393601515814021,0.7417362110558721,0.7291162450723908,1682,0.8418549346016647,1.0,0.9141381536475145,0.5273625783958473,0.8465342697231745,0.9006963965310336,0.4283428068545982,0.8635370410811157,0.5979244679624715,1.0025079726883332,0.31334909510585945
natural,refit_per_N,tuned_per_N,UNSW-NB15,1000,9,29,full_test,SVM_RBF,0.6894639751029386,0.7162221250546568,0.7508609198381628,0.6936192081961076,1682,0.9274673008323424,1.0,0.9623689080814312,0.6037388861220708,0.9374490191985174,1.0001204961391057,0.4930216013671714,0.9386576685580882,0.4685549185957629,1.0063878352076094,0.2963198535861703
natural,refit_per_N,tuned_per_N,UNSW-NB15,1000,9,29,full_test,RandomForest,0.7395340725109156,0.7558543458193655,0.7803758283556529,0.7380814018377329,1682,0.9607609988109393,1.0,0.9799878714372346,0.23893528024244118,0.3171616224886629,0.36384616363882566,0.15905197933217916,0.4170051430033979,0.16688191284540596,0.43104200388330277,0.12627609834997594
natural,refit_per_N,tuned_per_N,UNSW-NB15,1000,9,29,full_test,XGBoost,0.7418834127419447,0.7582106592819317,0.7836799441674505,0.7403403919670133,1682,0.9613555291319857,1.0,0.9802970597150652,0.24452051051333493,0.3328304140336535,0.38955919916543325,0.13714953486286954,0.42459160791140815,0.15844315946853643,0.4386958681870868,0.11370225823063158
natural,refit_per_N,tuned_per_N,UNSW-NB15,1000,10,29,fixed_300,QSVM_ZZ,0.6673402000887092,0.7,0.740328433482994,0.6754208754208755,6,1.0,1.0,1.0,0.4786886666007038,0.8421493116094902,0.9008813545100888,0.356049277028287,1.0015164974080868,0.17766841049523813,1.0015164974080868,0.17766841049523813
natural,refit_per_N,tuned_per_N,UNSW-NB15,1000,10,29,fixed_300,QSVM_Z,0.6359223300970873,0.6866666666666666,0.765258574593232,0.6558922558922559,6,1.0,1.0,1.0,0.44729932533773253,0.8602594212637931,0.9278357695854489,0.28150265184982654,1.0703728497000455,0.23997998335054233,1.0703728497000455,0.23997998335054233
natural,refit_per_N,tuned_per_N,UNSW-NB15,1000,10,29,fixed_300,SVM_Linear,0.5102812303110144,0.62,0.7742897504316434,0.5784511784511784,6,1.0,1.0,1.0,0.32879519899746673,1.023338277817037,1.0511813462474466,0.22437756356357996,1.080301716276157,0.10143439583191648,1.080301716276157,0.10143439583191648
natural,refit_per_N,tuned_per_N,UNSW-NB15,1000,10,29,fixed_300,SVM_Poly2,0.5953039227471251,0.6633333333333333,0.7643964562569214,0.6286195286195286,6,1.0,1.0,1.0,0.5111411058936816,1.0473586332272824,1.0386059575404363,0.5286993490552545,0.9085455195728289,0.18959282567788696,0.9085455195728289,0.18959282567788696
natural,refit_per_N,tuned_per_N,UNSW-NB15,1000,10,29,fixed_300,SVM_RBF,0.6485536631522033,0.6966666666666667,0.778906955736224,0.6663299663299663,6,1.0,1.0,1.0,0.6183347374737161,1.0427889960070944,1.132371053144702,0.43299253545544175,1.1280866921004113,0.31557912492177453,1.1280866921004113,0.31557912492177453
natural,refit_per_N,tuned_per_N,UNSW-NB15,1000,10,29,fixed_300,RandomForest,0.7447236903606227,0.7633333333333333,0.7992724867724867,0.7437710437710439,6,1.0,1.0,1.0,0.2351833333333333,0.3236119843097423,0.3717833333333333,0.14769248363482218,0.4283333333333333,0.10714735440296955,0.4283333333333333,0.10714735440296955
natural,refit_per_N,tuned_per_N,UNSW-NB15,1000,10,29,fixed_300,XGBoost,0.7069597069597069,0.7333333333333333,0.7777777777777778,0.7104377104377104,6,1.0,1.0,1.0,0.22185839613278707,0.31621695661850835,0.35800302545229595,0.14507978961484258,0.3671290377775828,0.13855302166388397,0.3671290377775828,0.13855302166388397
natural,refit_per_N,tuned_per_N,UNSW-NB15,1000,10,29,full_test,QSVM_ZZ,0.6883534822936841,0.714910362920857,0.748334509232115,0.6924602857953692,1682,0.9482758620689655,1.0,0.9734513274336283,0.46565840295009625,0.8672101460069424,0.9189498657109443,0.35273549564121576,0.9666904664761677,0.417257555312623,1.0300609838485366,0.21810248736399604
natural,refit_per_N,tuned_per_N,UNSW-NB15,1000,10,29,full_test,QSVM_Z,0.6684453349222564,0.7074527522712919,0.7703043151765114,0.6797021243868063,1682,0.9815695600475625,1.0,0.9906990699069907,0.4538350920364223,0.8858884821958676,0.9443948676570194,0.31445671815702586,1.051461361053241,0.2907850331253204,1.068076996679323,0.22212262028461877
natural,refit_per_N,tuned_per_N,UNSW-NB15,1000,10,29,full_test,SVM_Linear,0.5235257443770034,0.626888694553758,0.7732888225594361,0.5857526680037489,1682,0.995243757431629,1.0,0.9976162097735399,0.339918558053367,1.0142082765666687,1.0496609410808169,0.20585179895921832,1.1169075071005863,0.19274102254974237,1.1260601326061392,0.12891880757364552
natural,refit_per_N,tuned_per_N,UNSW-NB15,1000,10,29,full_test,SVM_Poly2,0.6372835297284423,0.6886994121362289,0.7707406840112045,0.6573296066736463,1682,0.9875148632580262,1.0,0.9937182171702064,0.512686373753802,1.0153945095829309,1.018168902731928,0.5071542304207323,0.9741999000126934,0.2689873116882411,0.9839257735360049,0.23088891529387737
natural,refit_per_N,tuned_per_N,UNSW-NB15,1000,10,29,full_test,SVM_RBF,0.6653407638510306,0.7065296603993587,0.7754606880250798,0.6779697045938553,1682,0.9940546967895363,1.0,0.9970184853905785,0.6305822101613301,1.0430036646418313,1.1298158646932925,0.45717248398781024,1.254884800497651,0.32023398743704257,1.2649747277207755,0.27771317480020075
natural,refit_per_N,tuned_per_N,UNSW-NB15,1000,10,29,full_test,RandomForest,0.7304265279106554,0.7489311567798669,0.7770657739090354,0.7298918787754489,1682,0.9357907253269917,1.0,0.9668304668304668,0.2328463416411602,0.32233150441000896,0.36503309770198705,0.1576891091134168,0.41615933412604045,0.18486077818673147,0.4378656361474435,0.12504312605348564
natural,refit_per_N,tuned_per_N,UNSW-NB15,1000,10,29,full_test,XGBoost,0.7164924328021316,0.7392022542875188,0.7751330287876337,0.7179125979857913,1682,0.9464922711058263,1.0,0.9725106902871106,0.22641521916195215,0.30878104175653454,0.3512339960002392,0.15246069418085928,0.4061238022961883,0.17335245585101675,0.42240879495985867,0.12867955036311024
natural,refit_per_N,tuned_per_N,UNSW-NB15,2000,1,57,fixed_300,QSVM_ZZ,0.6287854119179421,0.6833333333333333,0.77,0.6515151515151515,6,1.0,1.0,1.0,0.4034645532430261,0.8522644439894084,0.9092075763793939,0.24995981930398092,0.9838670935642425,0.07504518542279989,0.9838670935642425,0.07504518542279989
natural,refit_per_N,tuned_per_N,UNSW-NB15,2000,1,57,fixed_300,QSVM_Z,0.6791680495630048,0.71,0.7521929824561404,0.6858585858585858,6,0.8333333333333334,1.0,0.9090909090909091,0.443461423857612,0.8482094524954372,0.9074756878905293,0.304311001510035,0.6223147619471178,0.7140049586735469,0.7697412825434404,0.5518850440953177
natural,refit_per_N,tuned_per_N,UNSW-NB15,2000,1,57,fixed_300,SVM_Linear,0.5079792923458691,0.6166666666666667,0.7536231884057971,0.5754208754208754,6,1.0,1.0,1.0,0.3386255466699351,1.0425154828636662,1.067616955813722,0.24839450180512515,1.0092808423693134,0.03639264731491035,1.0092808423693134,0.03639264731491035
natural,refit_per_N,tuned_per_N,UNSW-NB15,2000,1,57,fixed_300,SVM_Poly2,0.6683250414593698,0.7066666666666667,0.7677315651999197,0.6794612794612794,6,1.0,1.0,1.0,0.6004450532413583,1.0528371049886558,1.0642695615793498,0.579940110613682,1.0654510679723697,0.2763805953596947,1.0654510679723697,0.2763805953596947
natural,refit_per_N,tuned_per_N,UNSW-NB15,2000,1,57,fixed_300,SVM_RBF,0.6582137508160627,0.7033333333333334,0.7832259953161592,0.6737373737373737,6,1.0,1.0,1.0,0.6019230403566916,1.0407247242232567,1.0827053257828794,0.5226552167951704,1.5069522667127846,0.6578766307773222,1.5069522667127846,0.6578766307773222
natural,refit_per_N,tuned_per_N,UNSW-NB15,2000,1,57,fixed_300,RandomForest,0.7457750230013074,0.7666666666666667,0.8131622658800619,0.7454545454545454,6,0.6666666666666666,1.0,0.8,0.24224291305048876,0.3156404349973673,0.36269820007847425,0.16358645661652113,0.25599636454125907,0.24913882963027367,0.28348804243654513,0.21734494446243588
natural,refit_per_N,tuned_per_N,UNSW-NB15,2000,1,57,fixed_300,XGBoost,0.7301108733709395,0.7533333333333333,0.800069885271679,0.7313131313131314,6,0.8333333333333334,1.0,0.9090909090909091,0.23352361003557842,0.33204006060008706,0.3740855916341146,0.15761931486690595,0.24068587025006613,0.2824387856930655,0.31885724266370136,0.1898194263048609
natural,refit_per_N,tuned_per_N,UNSW-NB15,2000,1,57,full_test,QSVM_ZZ,0.6600599599138666,0.7060559685177088,0.791163403738164,0.6757512251950176,1682,0.9910820451843044,1.0,0.9955210510600179,0.43564880411504564,0.8282677176952634,0.9006204087859354,0.2543622849033341,0.9803964327309372,0.20811922190191287,0.9913843111664533,0.14713233298504405
natural,refit_per_N,tuned_per_N,UNSW-NB15,2000,1,57,full_test,QSVM_Z,0.6933500416130574,0.7206796871204392,0.7593626595206182,0.6976124782684388,1682,0.9340071343638525,1.0,0.9658776513987088,0.4713814752591485,0.801557004024519,0.8741583389159239,0.3170825198934922,1.0670616575767633,0.48902246820542994,1.1305654190977477,0.31557152694838336
natural,refit_per_N,tuned_per_N,UNSW-NB15,2000,1,57,full_test,SVM_Linear,0.5233361984073825,0.6258684351163581,0.7650801070990982,0.5849230374820245,1682,0.9928656361474435,1.0,0.9964200477326969,0.35292830932659564,1.033146566613833,1.066946490531926,0.23146361695024012,1.030586229196503,0.16640473734716735,1.040844020194873,0.08026355365681953
natural,refit_per_N,tuned_per_N,UNSW-NB15,2000,1,57,full_test,SVM_Poly2,0.6777560615446699,0.7119588981198076,0.7641153191930286,0.6860146534516516,1682,0.9607609988109393,1.0,0.9799878714372346,0.6352391225672267,1.0616848874336653,1.0548825637560544,0.6464722111030512,1.0305266169995855,0.38096329413533736,1.0577111923261793,0.29726280199680233
natural,refit_per_N,tuned_per_N,UNSW-NB15,2000,1,57,full_test,SVM_RBF,0.6786412115330707,0.7154569304766069,0.7787113190723871,0.6882523496319048,1682,0.9774078478002378,1.0,0.9885748647023451,0.614907556656764,0.9786986537926988,1.0439736569234228,0.49606588455483186,1.7068650665561869,0.7163192766748206,1.7280515845757973,0.6635807280285275
natural,refit_per_N,tuned_per_N,UNSW-NB15,2000,1,57,full_test,RandomForest,0.7266100812183623,0.7458582325219841,0.7748176110887269,0.7264456383057372,1682,0.9530321046373365,1.0,0.975951293759513,0.23865124058349396,0.314370771856516,0.3582961790520371,0.1655513361661963,0.41266111978936093,0.169059908127536,0.4251919291083608,0.13447035265444537
natural,refit_per_N,tuned_per_N,UNSW-NB15,2000,1,57,full_test,XGBoost,0.7223882416465734,0.7434897731137347,0.7768148072943499,0.722993340424162,1682,0.9542211652794292,1.0,0.9765743839367204,0.238453111041509,0.3253431265905505,0.3727086503298482,0.15426048798831196,0.41640046109555023,0.16743430111600532,0.43007071454445617,0.1283073251299898
natural,refit_per_N,tuned_per_N,UNSW-NB15,2000,2,57,fixed_300,QSVM_ZZ,0.6485747754783289,0.69,0.7449850908105178,0.6622895622895624,6,0.8333333333333334,1.0,0.9090909090909091,0.4900337110426967,0.9383076233890518,0.9957787552996613,0.3591363314427335,0.8419962092360121,0.3968078629576915,0.8495839265114081,0.3802910047402156
natural,refit_per_N,tuned_per_N,UNSW-NB15,2000,2,57,fixed_300,QSVM_Z,0.643668663499277,0.6933333333333334,0.7767168283553587,0.6626262626262627,6,1.0,1.0,1.0,0.49773665750431795,0.9097399432996874,1.0010700382529287,0.270605475130806,0.8725874015034499,0.18072432640815514,0.8725874015034499,0.18072432640815514
natural,refit_per_N,tuned_per_N,UNSW-NB15,2000,2,57,fixed_300,SVM_Linear,0.5079792923458691,0.6166666666666667,0.7536231884057971,0.5754208754208754,6,1.0,1.0,1.0,0.30568874709245514,1.0120787177161854,1.036701272611543,0.2073629965027513,1.0080607585497654,0.03652311500918342,1.0080607585497654,0.03652311500918342
natural,refit_per_N,tuned_per_N,UNSW-NB15,2000,2,57,fixed_300,SVM_Poly2,0.5977706504022293,0.66,0.7377848793204944,0.6269360269360269,6,1.0,1.0,1.0,0.47695517310201374,0.945515017157772,0.9654953285048677,0.43509039917574716,1.1218172599412515,0.2974510542249295,1.1218172599412515,0.2974510542249295
natural,refit_per_N,tuned_per_N,UNSW-NB15,2000,2,57,fixed_300,SVM_RBF,0.6371783936550777,0.6833333333333333,0.7447278426902251,0.6542087542087542,6,1.0,1.0,1.0,0.5377982413568513,0.9573754022521852,1.0288187424974204,0.3838314790765367,1.1070338808271651,0.21967286923807255,1.1070338808271651,0.21967286923807255
natural,refit_per_N,tuned_per_N,UNSW-NB15,2000,2,57,fixed_300,RandomForest,0.7437162349147526,0.7633333333333333,0.8029201163571269,0.743097643097643,6,0.8333333333333334,1.0,0.9090909090909091,0.24394046957870355,0.32422354467599723,0.37147358803162756,0.16320304229840646,0.2563333333333333,0.30444576236535503,0.35566666666666663,0.17859233528408272
natural,refit_per_N,tuned_per_N,UNSW-NB15,2000,2,57,fixed_300,XGBoost,0.6648214920522066,0.7066666666666667,0.7790280610450806,0.6781144781144781,6,0.8333333333333334,1.0,0.9090909090909091,0.22127032468716304,0.31192171179065126,0.3490624929467837,0.1562404777621639,0.28963830570379895,0.24323733572934908,0.3462502509355545,0.15220221204287704
natural,refit_per_N,tuned_per_N,UNSW-NB15,2000,2,57,full_test,QSVM_ZZ,0.6868192008386425,0.7211898168391391,0.7814898471707219,0.6947797546509714,1682,0.9892984542211652,1.0,0.9946204423191871,0.5029813801364877,0.8928250013311174,0.9748795591414715,0.3158110145863286,0.9888289705965752,0.23165299465617598,1.0028209269971005,0.16061142985769333
natural,refit_per_N,tuned_per_N,UNSW-NB15,2000,2,57,full_test,QSVM_Z,0.6738734112828995,0.7144245250935238,0.7894826267539368,0.6857624612170629,1682,0.9928656361474435,1.0,0.9964200477326969,0.5191921852353816,0.9091711457039005,1.004386308970241,0.29556867178909435,0.9738262542485336,0.2061789747904974,0.9836468831028978,0.15259800939509136
natural,refit_per_N,tuned_per_N,UNSW-NB15,2000,2,57,full_test,SVM_Linear,0.5233692525048568,0.6259534567361414,0.76567569338079,0.5849952780805159,1682,0.9928656361474435,1.0,0.9964200477326969,0.32075565008297524,1.0054519519631362,1.0380563857723903,0.19041206559405638,1.025294878115188,0.1589396554634563,1.0345136405024156,0.0792018231009814
natural,refit_per_N,tuned_per_N,UNSW-NB15,2000,2,57,full_test,SVM_Poly2,0.6438483371586701,0.6895131904970121,0.7547237302369972,0.6600357506540335,1682,0.9595719381688466,1.0,0.9793689320388349,0.5279093756748545,0.933117595923128,0.9508988238530414,0.4951648044254308,1.1037852730658726,0.4314234069779393,1.1304379886412343,0.3557780754379274
natural,refit_per_N,tuned_per_N,UNSW-NB15,2000,2,57,full_test,SVM_RBF,0.6766341497703288,0.7133799737647574,0.7745174519473654,0.6862942352040561,1682,0.9661117717003567,1.0,0.9827638342908981,0.5792824071067568,0.9255210361391764,1.0144350871816898,0.4038300996882353,1.1249915016054814,0.39146426105393084,1.1558467937171788,0.28786860860603314
natural,refit_per_N,tuned_per_N,UNSW-NB15,2000,2,57,full_test,RandomForest,0.7368370431851681,0.7547612107078657,0.7836959662880532,0.7358865773476644,1682,0.9548156956004756,1.0,0.9768856447688564,0.24493106540547033,0.3182366963231095,0.36793722192825123,0.16089755252031201,0.4157165749162513,0.16907812010575507,0.42859410167011575,0.13309687213523014
natural,refit_per_N,tuned_per_N,UNSW-NB15,2000,2,57,full_test,XGBoost,0.693075303196401,0.7271656221153379,0.7918335986862983,0.7006137243305248,1682,0.9809750297265161,1.0,0.9903961584633854,0.2297172256511606,0.2975414241440025,0.34109390245898324,0.15797421481940982,0.4042282390644094,0.1530120621163564,0.4124267078076758,0.12929567315705118
natural,refit_per_N,tuned_per_N,UNSW-NB15,2000,3,57,fixed_300,QSVM_ZZ,0.7159601625139322,0.7366666666666667,0.7662037037037037,0.7168350168350168,6,0.8333333333333334,1.0,0.9090909090909091,0.5100740372759365,0.9107053643939037,0.9736404582963523,0.37627655016925404,0.6665208953241932,0.6039035582075418,0.789951881659396,0.4300298084810791
natural,refit_per_N,tuned_per_N,UNSW-NB15,2000,3,57,fixed_300,QSVM_Z,0.6343507186024071,0.68,0.7368310007736127,0.6511784511784512,6,0.6666666666666666,1.0,0.8,0.45080575734609063,0.8811653887645975,0.9302668671319007,0.33805595561925117,0.6965510615280578,0.6866738116881295,0.7730154720978599,0.5992924034822164
natural,refit_per_N,tuned_per_N,UNSW-NB15,2000,3,57,fixed_300,SVM_Linear,0.5102812303110144,0.62,0.7742897504316434,0.5784511784511784,6,1.0,1.0,1.0,0.3501918269634075,1.012970905127964,1.0437284954517645,0.24367026509143822,1.0157175522169573,0.12333054660505317,1.0157175522169573,0.12333054660505317
natural,refit_per_N,tuned_per_N,UNSW-NB15,2000,3,57,fixed_300,SVM_Poly2,0.6198108014695529,0.67,0.7283372365339578,0.6400673400673401,6,0.6666666666666666,1.0,0.8,0.48062224005267673,1.0363886369412678,1.0463868214136232,0.4584471227809437,0.6381737676050405,0.9058990742242553,0.9866007802730796,0.5045173839464062
natural,refit_per_N,tuned_per_N,UNSW-NB15,2000,3,57,fixed_300,SVM_RBF,0.6835753532182104,0.7133333333333334,0.7548126244644258,0.6895622895622895,6,0.6666666666666666,1.0,0.8,0.5661991718805118,0.9462871727468946,1.0160193192404543,0.42865564089797287,0.6417952222259686,1.1014057591584054,1.1439777186301319,0.5624150894643409
natural,refit_per_N,tuned_per_N,UNSW-NB15,2000,3,57,fixed_300,RandomForest,0.7375328083989501,0.7566666666666667,0.7910052910052909,0.737037037037037,6,1.0,1.0,1.0,0.2525097572407826,0.32671505339241835,0.38607726889143235,0.14645219718509644,0.39166666666666666,0.14619241506392258,0.39166666666666666,0.14619241506392258
natural,refit_per_N,tuned_per_N,UNSW-NB15,2000,3,57,fixed_300,XGBoost,0.7173240005384305,0.7433333333333333,0.7932910786893088,0.7202020202020202,6,1.0,1.0,1.0,0.24080634315808613,0.32906868724564076,0.3787917496760686,0.15096591074836024,0.3841284116109212,0.13899050666929982,0.3841284116109212,0.13899050666929982
natural,refit_per_N,tuned_per_N,UNSW-NB15,2000,3,57,full_test,QSVM_ZZ,0.7137288874817577,0.7329106544235534,0.756297721270597,0.7140272547761739,1682,0.9369797859690844,1.0,0.9674647022713321,0.5376788441171069,0.8761444036320502,0.9507382750641027,0.39092747122069,0.9800070513949858,0.47641946549895325,1.0535904655534856,0.27809433432738734
natural,refit_per_N,tuned_per_N,UNSW-NB15,2000,3,57,full_test,QSVM_Z,0.6882900216343689,0.7198051790312394,0.7699332909134919,0.6947418994040365,1682,0.9571938168846611,1.0,0.9781287970838396,0.5035686551667341,0.8378717078092235,0.9111797832980109,0.3540646716668694,1.139908606130757,0.42868183666450693,1.1639762168983943,0.35821657403297535
natural,refit_per_N,tuned_per_N,UNSW-NB15,2000,3,57,full_test,SVM_Linear,0.5230255324343955,0.6261842297041248,0.7692235187295997,0.5851129433059636,1682,0.995243757431629,1.0,0.9976162097735399,0.35918742734887876,1.0061567522472845,1.0441742453877223,0.22598044899346903,1.0806921493631076,0.1920488814456378,1.0904289839262817,0.1254708156228792
natural,refit_per_N,tuned_per_N,UNSW-NB15,2000,3,57,full_test,SVM_Poly2,0.660977122209224,0.6958533741437108,0.7379818604511723,0.6702591046000559,1682,0.929845422116528,1.0,0.9636475662353666,0.5253226090943443,0.9817299057069059,1.0065268336114777,0.47608947121841744,1.1562588816717432,0.560053753047958,1.2269163737772062,0.3811443552058514
natural,refit_per_N,tuned_per_N,UNSW-NB15,2000,3,57,full_test,SVM_RBF,0.7097310512150787,0.7297284166545207,0.7538727074940071,0.7104420062434269,1682,0.9102259215219977,1.0,0.9530034235916589,0.5924839251407585,0.8979120108743084,0.9854418582553554,0.43149452467068006,1.2963716806191885,0.682738573950946,1.386639786683731,0.47322467883415337
natural,refit_per_N,tuned_per_N,UNSW-NB15,2000,3,57,full_test,RandomForest,0.7365600524856293,0.7537773891075159,0.7801400778721549,0.7354377648627185,1682,0.9661117717003567,1.0,0.9827638342908981,0.2441131224952987,0.3229705915874286,0.37366239940529933,0.15581280716107032,0.43828247178909635,0.14315616911938464,0.445149839150025,0.12011175853847453
natural,refit_per_N,tuned_per_N,UNSW-NB15,2000,3,57,full_test,XGBoost,0.7297203455631426,0.7501578972938833,0.7848087156820706,0.7298037338936041,1682,0.9827586206896551,1.0,0.991304347826087,0.2416364250087746,0.3238249627349871,0.3764325981196924,0.14679668747691524,0.43756217985246754,0.1297191264461135,0.44224001548732506,0.11274520701544885
natural,refit_per_N,tuned_per_N,UNSW-NB15,2000,4,57,fixed_300,QSVM_ZZ,0.7052079921388797,0.73,0.7676715176715176,0.7080808080808081,6,0.6666666666666666,1.0,0.8,0.5207325615449409,0.9114688719730777,0.9871053228951183,0.3571568097364998,0.5778999395769385,0.580867109664445,0.6919224711821386,0.43888293783896215
natural,refit_per_N,tuned_per_N,UNSW-NB15,2000,4,57,fixed_300,QSVM_Z,0.6670781431189915,0.7033333333333334,0.7554390054390054,0.6771043771043771,6,0.5,1.0,0.6666666666666666,0.451787580793487,0.8566320769163717,0.913233000790923,0.32239109731457266,0.57108476218106,0.7217790315826835,0.716405582376193,0.5778112300466839
natural,refit_per_N,tuned_per_N,UNSW-NB15,2000,4,57,fixed_300,SVM_Linear,0.5079792923458691,0.6166666666666667,0.7536231884057971,0.5754208754208754,6,1.0,1.0,1.0,0.48706289461116226,1.0520974617810315,1.0674126490193632,0.4525147170054898,0.8683324685936947,0.18718632707479807,0.8683324685936947,0.18718632707479807
natural,refit_per_N,tuned_per_N,UNSW-NB15,2000,4,57,fixed_300,SVM_Poly2,0.6176572818908586,0.67,0.733739837398374,0.6393939393939394,6,0.6666666666666666,1.0,0.8,0.46513022703754986,0.9627498147158748,0.971401922097037,0.44677918436923125,0.5383626963720841,0.7000879291528012,0.7710557953215972,0.4306163743884546
natural,refit_per_N,tuned_per_N,UNSW-NB15,2000,4,57,fixed_300,SVM_RBF,0.6351719812081568,0.6833333333333333,0.7502927400468384,0.6535353535353535,6,0.6666666666666666,1.0,0.8,0.4703782790066781,0.944774760512189,0.9589665806040187,0.44072459739250364,0.6137422755003652,0.6824707752555299,0.7946817800124926,0.45926768700881476
natural,refit_per_N,tuned_per_N,UNSW-NB15,2000,4,57,fixed_300,RandomForest,0.7167207399157425,0.74,0.7787960364282032,0.7185185185185186,6,0.8333333333333334,1.0,0.9090909090909091,0.24346989759423393,0.31367085111648096,0.3675763107083367,0.1501820551222171,0.29061611108252755,0.21526442564663092,0.30325308376955623,0.1970636043361645
natural,refit_per_N,tuned_per_N,UNSW-NB15,2000,4,57,fixed_300,XGBoost,0.6804471233975363,0.7166666666666667,0.7800582627118644,0.6898989898989899,6,0.8333333333333334,1.0,0.9090909090909091,0.22952245891094208,0.31711648773070683,0.36192601184050244,0.1491743539902657,0.2908620089292526,0.2079646878843371,0.29443662861982983,0.2028721059489914
natural,refit_per_N,tuned_per_N,UNSW-NB15,2000,4,57,full_test,QSVM_ZZ,0.7218251864178064,0.7428096001554682,0.775445987063764,0.7224129318588861,1682,0.9494649227110583,1.0,0.9740774626410491,0.5515437982167298,0.87785388724194,0.9695004338407255,0.3672831570869625,0.991531442094249,0.44063786151365786,1.0565989255069919,0.24676919637244246
natural,refit_per_N,tuned_per_N,UNSW-NB15,2000,4,57,full_test,QSVM_Z,0.6855503274754136,0.7160277899237235,0.7604655799438895,0.6916047371822541,1682,0.9470868014268727,1.0,0.972824427480916,0.47332666331401724,0.8375853414560425,0.9061799473643817,0.323148939996254,1.0833498804489714,0.39686454319103653,1.1104211138083564,0.3132305526599213
natural,refit_per_N,tuned_per_N,UNSW-NB15,2000,4,57,full_test,SVM_Linear,0.5236895461724174,0.6260384783559247,0.7650229659392841,0.5851196780032482,1682,0.9928656361474435,1.0,0.9964200477326969,0.4930784702941916,1.0377287996514408,1.0616877264863411,0.4391202693134809,0.9835672037721099,0.2433383304023058,0.9978483767520088,0.17583118151354774
natural,refit_per_N,tuned_per_N,UNSW-NB15,2000,4,57,full_test,SVM_Poly2,0.6599902433296304,0.6958047903609775,0.740183580776735,0.6698200650575573,1682,0.9375743162901308,1.0,0.967781528076097,0.5113876807006186,0.9035716216029559,0.9371632997663026,0.4468601402113286,0.9767939929140103,0.4225745043213736,1.017412231537426,0.3123588759958403
natural,refit_per_N,tuned_per_N,UNSW-NB15,2000,4,57,full_test,SVM_RBF,0.6748971507963122,0.7111329738133411,0.7687040048119411,0.6843555688839815,1682,0.9678953626634959,1.0,0.9836858006042296,0.5025024098136259,0.9175348086678369,0.9450954468457662,0.44852357054788866,1.0894636609592754,0.3828552326974923,1.1129438888763445,0.3080017824095124
natural,refit_per_N,tuned_per_N,UNSW-NB15,2000,4,57,full_test,RandomForest,0.735115097146993,0.7518704756352329,0.7761190276909988,0.7339346037999528,1682,0.9512485136741974,1.0,0.9750152346130408,0.24267267733569325,0.2997054896791811,0.34806748867690684,0.16601937295166058,0.4008158155380157,0.1708457807724529,0.4143204482550468,0.13483384200893614
natural,refit_per_N,tuned_per_N,UNSW-NB15,2000,4,57,full_test,XGBoost,0.7015917191442573,0.7317689355293203,0.7867140730582867,0.7068257242065148,1682,0.9791914387633769,1.0,0.9894863322319015,0.2338355259330669,0.30122080150335495,0.3471179080028718,0.15786761032722138,0.4099287435182068,0.15022349591121076,0.4172588009365107,0.12846698613739907
natural,refit_per_N,tuned_per_N,UNSW-NB15,2000,5,57,fixed_300,QSVM_ZZ,0.7404444444444445,0.7566666666666667,0.7817460317460317,0.7390572390572391,6,0.8333333333333334,1.0,0.9090909090909091,0.5815553618420792,0.8555949569143092,0.9609232708703629,0.38324383450262306,0.858664274248541,0.6098446385445798,1.0265386056514503,0.2354427958964114
natural,refit_per_N,tuned_per_N,UNSW-NB15,2000,5,57,fixed_300,QSVM_Z,0.6999073788206236,0.73,0.7841614906832297,0.7053872053872055,6,0.8333333333333334,1.0,0.9090909090909091,0.5911737684410304,0.9626429628707859,1.0301059080406412,0.46373453254764213,1.05246811014939,0.9520934201454626,1.056569815293061,0.9475395659165375
natural,refit_per_N,tuned_per_N,UNSW-NB15,2000,5,57,fixed_300,SVM_Linear,0.7536945812807883,0.76,0.7616645649432534,0.7515151515151515,6,0.5,1.0,0.6666666666666666,1.3636018273247075,1.8881285871396898,1.8368560584520977,1.431921550080599,0.2347365898200486,1.0380732733082678,1.0371683098963171,0.2387033395327854
natural,refit_per_N,tuned_per_N,UNSW-NB15,2000,5,57,fixed_300,SVM_Poly2,0.6438674479692867,0.6866666666666666,0.7423005693120241,0.6585858585858586,6,0.5,1.0,0.6666666666666666,0.6316392481527755,1.0930927822736713,1.0767941580082259,0.6590404477307561,0.37584585397039433,0.883702919815421,0.8531090741365078,0.44090346342820436
natural,refit_per_N,tuned_per_N,UNSW-NB15,2000,5,57,fixed_300,SVM_RBF,0.7382569326542161,0.7533333333333333,0.773881876266168,0.7367003367003367,6,0.5,1.0,0.6666666666666666,0.6716446400088233,1.0330256891634806,1.094552339257625,0.5658655083585906,0.7760918640975866,1.5091937480802016,1.502547164057102,0.7888829891351401
natural,refit_per_N,tuned_per_N,UNSW-NB15,2000,5,57,fixed_300,RandomForest,0.7364969739264358,0.7566666666666667,0.7945289773998657,0.7363636363636363,6,1.0,1.0,1.0,0.23997374994356405,0.3243214743193916,0.37264858684093527,0.15461193386066263,0.37333333333333335,0.15566167015535828,0.37333333333333335,0.15566167015535828
natural,refit_per_N,tuned_per_N,UNSW-NB15,2000,5,57,fixed_300,XGBoost,0.7197656221567129,0.7433333333333333,0.784996534996535,0.7215488215488215,6,1.0,1.0,1.0,0.2349995423356692,0.321879123427,0.3703051880002022,0.14732624591783633,0.3831496338049571,0.13394085929451383,0.3831496338049571,0.13394085929451383
natural,refit_per_N,tuned_per_N,UNSW-NB15,2000,5,57,full_test,QSVM_ZZ,0.7485322187261687,0.7639313996987805,0.7887741397530281,0.7465338761950868,1682,0.9470868014268727,1.0,0.972824427480916,0.5826145059998494,0.871889102771434,0.9836161610795505,0.3634962417909609,0.9891027526720121,0.4505408809407377,1.0622737671626725,0.2299690943153696
natural,refit_per_N,tuned_per_N,UNSW-NB15,2000,5,57,full_test,QSVM_Z,0.7032522876687113,0.7296069571976874,0.7708991189278269,0.7066855237395695,1682,0.9488703923900119,1.0,0.9737644905430141,0.5967843473352178,0.9244400208277727,1.0026786557457692,0.4531847555293889,1.5017138770667302,0.7171243179596514,1.5536814919358963,0.5962261966734883
natural,refit_per_N,tuned_per_N,UNSW-NB15,2000,5,57,full_test,SVM_Linear,0.7591917276786564,0.763396978088714,0.7621166945577109,0.7577844157578562,1682,0.8186682520808561,1.0,0.900294213795358,1.355635912636432,1.8692473464752362,1.819359395831771,1.421888096417217,0.872631994867094,0.8695494833114855,1.193895672382847,0.3036709170442648
natural,refit_per_N,tuned_per_N,UNSW-NB15,2000,5,57,full_test,SVM_Poly2,0.6768066216965715,0.7097604819511247,0.7567144761488807,0.6844554160178002,1682,0.9381688466111772,1.0,0.9680981595092024,0.6332929155032215,1.0679829413654924,1.0537837171552698,0.6566485797842568,0.9296411352864167,0.47188259697929996,0.9987552552376342,0.298987902570914
natural,refit_per_N,tuned_per_N,UNSW-NB15,2000,5,57,full_test,SVM_RBF,0.7398287209050605,0.7515911188845164,0.7627897792570834,0.7376276420689638,1682,0.8828775267538644,1.0,0.937796021471424,0.6741929102750693,1.008350830307434,1.0673909550725453,0.5761805500675798,1.6312494319481003,1.0176614445314252,1.7766291440836999,0.7349819108721009
natural,refit_per_N,tuned_per_N,UNSW-NB15,2000,5,57,full_test,RandomForest,0.7422394997294585,0.759838216003498,0.7900137655728632,0.740983827425767,1682,0.9518430439952438,1.0,0.9753274444106,0.24423968522821032,0.312379673676913,0.3627487303819955,0.16014819066452235,0.4180695352466709,0.16611931936207489,0.43082551096472976,0.1294880058872865
natural,refit_per_N,tuned_per_N,UNSW-NB15,2000,5,57,full_test,XGBoost,0.736981075362829,0.7556843025797989,0.7875060393931528,0.7362380169369052,1682,0.9447086801426873,1.0,0.9715683277285234,0.24352667093825736,0.31025829710076674,0.36300170234566626,0.15425697544126246,0.41217880500270127,0.16814343805450022,0.4280429061294027,0.12224096517345452
natural,refit_per_N,tuned_per_N,UNSW-NB15,2000,6,57,fixed_300,QSVM_ZZ,0.6706495098039216,0.7133333333333334,0.7961880008663634,0.6841750841750842,6,1.0,1.0,1.0,0.49148411378833773,0.8949741129879031,0.9918267236837512,0.2425181379021927,1.07174025336245,0.23697802592654338,1.07174025336245,0.23697802592654338
natural,refit_per_N,tuned_per_N,UNSW-NB15,2000,6,57,fixed_300,QSVM_Z,0.6387460993642449,0.69,0.7745037220843672,0.6589225589225589,6,1.0,1.0,1.0,0.44105398448800354,0.9042505062727372,0.9851577217341492,0.20411236766748517,1.0779319996958125,0.18882117782851038,1.0779319996958125,0.18882117782851038
natural,refit_per_N,tuned_per_N,UNSW-NB15,2000,6,57,fixed_300,SVM_Linear,0.5079792923458691,0.6166666666666667,0.7536231884057971,0.5754208754208754,6,1.0,1.0,1.0,0.33175852532117805,1.0235287949672045,1.0504224191914986,0.23299711266490053,1.0270775097152651,0.04768621377337385,1.0270775097152651,0.04768621377337385
natural,refit_per_N,tuned_per_N,UNSW-NB15,2000,6,57,fixed_300,SVM_Poly2,0.5979246009103093,0.6633333333333333,0.7556818181818181,0.6292929292929292,6,1.0,1.0,1.0,0.485415960276452,0.978408705395493,1.0184808599352642,0.3944730500684669,1.09170136387229,0.22805714720084527,1.09170136387229,0.22805714720084527
natural,refit_per_N,tuned_per_N,UNSW-NB15,2000,6,57,fixed_300,SVM_RBF,0.6456996148908858,0.6933333333333334,0.7699443413729128,0.6632996632996633,6,1.0,1.0,1.0,0.4662895754049014,0.910299972619674,0.9781771883080328,0.2987329853840275,1.0321234012110427,0.21427053115934955,1.0321234012110427,0.21427053115934955
natural,refit_per_N,tuned_per_N,UNSW-NB15,2000,6,57,fixed_300,RandomForest,0.7106481481481481,0.7333333333333333,0.7667850498900727,0.7124579124579125,6,0.8333333333333334,1.0,0.9090909090909091,0.25478314121091766,0.27993756425615923,0.33250437298958446,0.1808876194485874,0.3133524894258892,0.20199840650161993,0.32258397088264684,0.18690297105230647
natural,refit_per_N,tuned_per_N,UNSW-NB15,2000,6,57,fixed_300,XGBoost,0.6910324974252708,0.7233333333333334,0.7795385395537525,0.6979797979797979,6,1.0,1.0,1.0,0.24624611069758734,0.3216464881468327,0.3773547175526619,0.14729910899808527,0.38927261034647626,0.1432521610372857,0.38927261034647626,0.1432521610372857
natural,refit_per_N,tuned_per_N,UNSW-NB15,2000,6,57,full_test,QSVM_ZZ,0.6769025398331916,0.7145095467133071,0.7794943182944238,0.6870194636090251,1682,0.9833531510107015,1.0,0.9916067146282974,0.48320052769208216,0.8829207767870874,0.9685533443672469,0.27374489430716614,1.0615965360263158,0.2668779899656028,1.0782274943658794,0.18877642126237845
natural,refit_per_N,tuned_per_N,UNSW-NB15,2000,6,57,full_test,QSVM_Z,0.6638392097997236,0.7093839576349414,0.7969993140198471,0.6790888126280343,1682,0.995243757431629,1.0,0.9976162097735399,0.4593807765610848,0.8834913551413374,0.9714467003426293,0.21881266160064855,1.130296343659928,0.23478764120407344,1.1398415349236675,0.18291073291644822
natural,refit_per_N,tuned_per_N,UNSW-NB15,2000,6,57,full_test,SVM_Linear,0.522818616229652,0.6258927270077248,0.7675600275846248,0.5848482296379146,1682,0.995243757431629,1.0,0.9976162097735399,0.34457212372555046,1.0150443076681777,1.050157599386052,0.21497421108130807,1.0446971838265653,0.1689341967854897,1.0542757784229553,0.09183437139430062
natural,refit_per_N,tuned_per_N,UNSW-NB15,2000,6,57,full_test,SVM_Poly2,0.6347187278359778,0.6880192391779624,0.7755061659743203,0.6560810620026185,1682,0.995243757431629,1.0,0.9976162097735399,0.542140390640646,1.0012886515528658,1.0323481908909846,0.4803669219010186,1.0711260892728296,0.27318276431478566,1.0810387055231612,0.23085761629277451
natural,refit_per_N,tuned_per_N,UNSW-NB15,2000,6,57,full_test,SVM_RBF,0.6758496285213222,0.7139022494291406,0.7797895401275108,0.6862568557262814,1682,0.9791914387633769,1.0,0.9894863322319015,0.5035234821118073,0.89243053668309,0.9741766792997569,0.31772308281106376,1.0574931742743705,0.2957644341113938,1.0764589396903346,0.21680536267094003
natural,refit_per_N,tuned_per_N,UNSW-NB15,2000,6,57,full_test,RandomForest,0.7217649248462417,0.7409634164116018,0.7676553780650676,0.7217721471140248,1682,0.9661117717003567,1.0,0.9827638342908981,0.23893651474994193,0.27920762171011876,0.3169179742351697,0.1860391133835741,0.39946096655514096,0.17160928235621506,0.40578848626533953,0.15605932848268608
natural,refit_per_N,tuned_per_N,UNSW-NB15,2000,6,57,full_test,XGBoost,0.7076461978242534,0.7341616868289365,0.7788227364775953,0.7109657338888347,1682,0.9803804994054697,1.0,0.9900930651456019,0.2341540754384366,0.3202183044886278,0.36674237245924474,0.1512214462864485,0.4306874680249785,0.132812384618636,0.43531434980357303,0.11675719025802138
natural,refit_per_N,tuned_per_N,UNSW-NB15,2000,7,57,fixed_300,QSVM_ZZ,0.6534017971758665,0.7,0.7810760667903525,0.67003367003367,6,1.0,1.0,1.0,0.4205417243776469,0.8486237935255042,0.9168335060255638,0.23755842883176112,0.9214246558885021,0.14093761833125645,0.9214246558885021,0.14093761833125645
natural,refit_per_N,tuned_per_N,UNSW-NB15,2000,7,57,fixed_300,QSVM_Z,0.6582137508160627,0.7033333333333334,0.7832259953161592,0.6737373737373737,6,1.0,1.0,1.0,0.48109594074859635,0.8979566338628294,0.9724804190506745,0.3034159769459491,0.9959493425074886,0.5273202709193319,0.9959493425074886,0.5273202709193319
natural,refit_per_N,tuned_per_N,UNSW-NB15,2000,7,57,fixed_300,SVM_Linear,0.7536945812807883,0.76,0.7616645649432534,0.7515151515151515,6,0.5,1.0,0.6666666666666666,1.1279551730081239,1.5016497254489507,1.582298329408102,1.0117147656375414,0.34464790262374506,1.129791106606641,1.1291589480868354,0.3467134137956544
natural,refit_per_N,tuned_per_N,UNSW-NB15,2000,7,57,fixed_300,SVM_Poly2,0.5953039227471251,0.6633333333333333,0.7643964562569214,0.6286195286195286,6,1.0,1.0,1.0,0.46414975616512266,1.0637011178001552,1.0603120716800212,0.4718404124352467,0.7428867259242612,0.28436191422802987,0.7428867259242612,0.28436191422802987
natural,refit_per_N,tuned_per_N,UNSW-NB15,2000,7,57,fixed_300,SVM_RBF,0.5953039227471251,0.6633333333333333,0.7643964562569214,0.6286195286195286,6,1.0,1.0,1.0,0.4600040561555056,0.9660884495722777,1.002283916010447,0.3746432646975622,1.0776491990430894,0.5051444723003632,1.0776491990430894,0.5051444723003632
natural,refit_per_N,tuned_per_N,UNSW-NB15,2000,7,57,fixed_300,RandomForest,0.7124868071477963,0.7366666666666667,0.7763340263340264,0.7148148148148148,6,1.0,1.0,1.0,0.24053426787434215,0.3247776676428255,0.36890570125550776,0.16506317276285914,0.38501627872440425,0.15837170355613334,0.38501627872440425,0.15837170355613334
natural,refit_per_N,tuned_per_N,UNSW-NB15,2000,7,57,fixed_300,XGBoost,0.6788049023189027,0.7166666666666667,0.7856465166711846,0.6892255892255892,6,1.0,1.0,1.0,0.22079328566789627,0.31389806368785916,0.351060452957948,0.15504266429590563,0.31754504640897113,0.18525662993728215,0.31754504640897113,0.18525662993728215
natural,refit_per_N,tuned_per_N,UNSW-NB15,2000,7,57,full_test,QSVM_ZZ,0.6760070569865707,0.7150318223776904,0.7853423246101345,0.6869448274710782,1682,0.9803804994054697,1.0,0.9900930651456019,0.44724307135107527,0.8271767149932315,0.9057522561220669,0.2527064170699319,0.9578023266673156,0.25126913350912966,0.9770710036547938,0.16079094576737138
natural,refit_per_N,tuned_per_N,UNSW-NB15,2000,7,57,full_test,QSVM_Z,0.6687334912667061,0.7107564494971579,0.7870376881850372,0.6816937990227058,1682,0.9821640903686087,1.0,0.991001799640072,0.5071870237936185,0.8681489013882967,0.953638655869735,0.3185820241590854,1.2373294237997712,0.4357044250879506,1.2577452782767067,0.3726919156817672
natural,refit_per_N,tuned_per_N,UNSW-NB15,2000,7,57,full_test,SVM_Linear,0.7591917276786564,0.763396978088714,0.7621166945577109,0.7577844157578562,1682,0.8186682520808561,1.0,0.900294213795358,1.113709335234642,1.4921430840064904,1.566624281668131,1.0062444169410336,1.0083885966878394,0.9047958581712772,1.3123875544577823,0.33636589273927553
natural,refit_per_N,tuned_per_N,UNSW-NB15,2000,7,57,full_test,SVM_Poly2,0.6246179010217258,0.6825900014575135,0.7785566964754727,0.6494717364501181,1682,0.9946492271105827,1.0,0.9973174366616989,0.4980907672902991,1.0176811839995215,1.036050998169792,0.45865862459773304,0.9259368454917822,0.23605393361852908,0.9361233223869652,0.19171235406004458
natural,refit_per_N,tuned_per_N,UNSW-NB15,2000,7,57,full_test,SVM_RBF,0.6286283453677791,0.6856872176067629,0.7831107331606396,0.6527040775444111,1682,0.9934601664684899,1.0,0.9967193558007754,0.50307742502143,0.9228471286763295,0.9810843454928411,0.37710373307781253,1.3264403202529775,0.46843812392885203,1.3363222497982028,0.4394553945932097
natural,refit_per_N,tuned_per_N,UNSW-NB15,2000,7,57,full_test,RandomForest,0.7267411111963853,0.7461618811640675,0.7757635230443576,0.7266245143935075,1682,0.9346016646848989,1.0,0.9661954517516902,0.24205814631946643,0.3158455859785621,0.3611675421937758,0.16705863296299509,0.40512869414934666,0.18790392010566564,0.4210845359803674,0.14874459846471716
natural,refit_per_N,tuned_per_N,UNSW-NB15,2000,7,57,full_test,XGBoost,0.6900302436836623,0.7244813681193217,0.7879767885703675,0.6978905182425874,1682,0.9845422116527943,1.0,0.9922109047333733,0.22921411620374904,0.2987009899832087,0.34118223246377916,0.15923591534275947,0.40231072597923234,0.157807595093822,0.40807841280552776,0.14222927374262276
natural,refit_per_N,tuned_per_N,UNSW-NB15,2000,8,57,fixed_300,QSVM_ZZ,0.6758631086989295,0.7133333333333334,0.7777777777777777,0.6861952861952861,6,1.0,1.0,1.0,0.5746562305251698,0.945351283911225,1.0397425881561781,0.3779605583236045,1.0861197925879533,0.23625515884265477,1.0861197925879533,0.23625515884265477
natural,refit_per_N,tuned_per_N,UNSW-NB15,2000,8,57,fixed_300,QSVM_Z,0.6534017971758665,0.7,0.7810760667903525,0.67003367003367,6,1.0,1.0,1.0,0.4986232809605748,0.9492000905703851,1.0340965624232157,0.28328481752329054,1.1469009824420338,0.22654306299844376,1.1469009824420338,0.22654306299844376
natural,refit_per_N,tuned_per_N,UNSW-NB15,2000,8,57,fixed_300,SVM_Linear,0.5079792923458691,0.6166666666666667,0.7536231884057971,0.5754208754208754,6,1.0,1.0,1.0,0.46878792996499774,1.0509716025418427,1.0765744224334193,0.40655989176551394,0.9184166803668009,0.20222929297496495,0.9184166803668009,0.20222929297496495
natural,refit_per_N,tuned_per_N,UNSW-NB15,2000,8,57,fixed_300,SVM_Poly2,0.6204296632927081,0.6733333333333333,0.7423420670689787,0.6424242424242425,6,1.0,1.0,1.0,0.6387582302909113,1.138874313519175,1.1321755504141204,0.650557685222942,1.5859329675899267,0.747808716141714,1.5859329675899267,0.747808716141714
natural,refit_per_N,tuned_per_N,UNSW-NB15,2000,8,57,fixed_300,SVM_RBF,0.6514447363103657,0.6933333333333334,0.7525893408327046,0.6653198653198653,6,1.0,1.0,1.0,0.5875812872877062,1.0081009054263923,1.0704568208679486,0.4643720484153569,1.4219139826249132,0.5739933608073978,1.4219139826249132,0.5739933608073978
natural,refit_per_N,tuned_per_N,UNSW-NB15,2000,8,57,fixed_300,RandomForest,0.6949300276015689,0.72,0.7530213643393093,0.6983164983164983,6,0.8333333333333334,1.0,0.9090909090909091,0.2224490259811957,0.33084169813740905,0.36389746616024526,0.16284481111960655,0.3238912625195974,0.21064698427545434,0.3478997157662125,0.16805799502157237
natural,refit_per_N,tuned_per_N,UNSW-NB15,2000,8,57,fixed_300,XGBoost,0.6901868485518037,0.7133333333333334,0.7386041863305758,0.692929292929293,6,0.6666666666666666,1.0,0.8,0.21963347981373468,0.3637058680089116,0.4006142180164655,0.14152410466864596,0.28320038815339404,0.2973412575404921,0.3720114976167679,0.17384397869044482
natural,refit_per_N,tuned_per_N,UNSW-NB15,2000,8,57,full_test,QSVM_ZZ,0.6992380429133924,0.7289510761307876,0.7802120966084793,0.7043562413997868,1682,0.9768133174791914,1.0,0.9882706766917293,0.5892028690275679,0.9436694890126602,1.0437731238577093,0.3849802479037749,1.089485396984222,0.33786237809033076,1.1131300365744836,0.249140399065286
natural,refit_per_N,tuned_per_N,UNSW-NB15,2000,8,57,full_test,QSVM_Z,0.6706528285058602,0.7122018170334742,0.7883983148298074,0.6832547153612626,1682,0.995243757431629,1.0,0.9976162097735399,0.5392658497263273,0.9431311073986263,1.0408765934815163,0.3112552964470337,1.1968701254933252,0.30329323765324867,1.206105816978856,0.2641848662477931
natural,refit_per_N,tuned_per_N,UNSW-NB15,2000,8,57,full_test,SVM_Linear,0.5236003333254371,0.6259898945731914,0.7649884666697164,0.585065623949194,1682,0.9928656361474435,1.0,0.9964200477326969,0.4761420214083065,1.0379573716765034,1.071914882594615,0.39378320741310924,1.034118500613269,0.24782460831610045,1.0483250638326942,0.17841712456443626
natural,refit_per_N,tuned_per_N,UNSW-NB15,2000,8,57,full_test,SVM_Poly2,0.6546669192236148,0.696849341689744,0.7592457540513959,0.6683245854607807,1682,0.974435196195006,1.0,0.9870520927431496,0.662770311135686,1.06350653629637,1.0861759056927351,0.6249260275909164,1.7299152810390406,0.8092422354609428,1.7606954436754327,0.7398860924809836
natural,refit_per_N,tuned_per_N,UNSW-NB15,2000,8,57,full_test,SVM_RBF,0.6866675850944811,0.7197808871398728,0.7748279961423731,0.6939896093923271,1682,0.9720570749108205,1.0,0.9858305697919807,0.613793510623586,0.952613216536387,1.0396944388882916,0.4508324386600724,1.5643222238680512,0.6589838859534405,1.590680472636004,0.5925364258915068
natural,refit_per_N,tuned_per_N,UNSW-NB15,2000,8,57,full_test,RandomForest,0.7305667636111859,0.7473278919496672,0.769878912730352,0.7295586209610299,1682,0.9221165279429251,1.0,0.9594803587998763,0.2404402380771213,0.3078459600496188,0.35469816530720094,0.1636149587695448,0.3941472532670442,0.20031897451052774,0.41828058519035893,0.1432518790791795
natural,refit_per_N,tuned_per_N,UNSW-NB15,2000,8,57,full_test,XGBoost,0.7383461407160138,0.753303697225866,0.7730309084873936,0.7366518657543981,1682,0.925089179548157,1.0,0.9610870907967881,0.24641900963913693,0.3419456698666045,0.3965702703231591,0.14276270573182076,0.405582786793516,0.20677667727427787,0.4384411959847996,0.12256960826895105
natural,refit_per_N,tuned_per_N,UNSW-NB15,2000,9,57,fixed_300,QSVM_ZZ,0.7281787979462399,0.75,0.7897727272727273,0.728956228956229,6,1.0,1.0,1.0,0.5541509979409664,0.9661099623931452,1.0315497314122721,0.4199487344635327,1.1517937656707586,0.3844685084215083,1.1517937656707586,0.3844685084215083
natural,refit_per_N,tuned_per_N,UNSW-NB15,2000,9,57,fixed_300,QSVM_Z,0.6600934424768622,0.7033333333333334,0.7767882587631805,0.6744107744107743,6,1.0,1.0,1.0,0.7097938629704428,1.1916772436515755,1.24623177216495,0.6089403509327722,1.5215609093405416,0.970779059274799,1.5215609093405416,0.970779059274799
natural,refit_per_N,tuned_per_N,UNSW-NB15,2000,9,57,fixed_300,SVM_Linear,0.5102812303110144,0.62,0.7742897504316434,0.5784511784511784,6,1.0,1.0,1.0,0.5564355741735021,0.9930602481997542,0.9969474316181227,0.549440645884868,0.9009664584388437,0.5945017235779073,0.9009664584388437,0.5945017235779073
natural,refit_per_N,tuned_per_N,UNSW-NB15,2000,9,57,fixed_300,SVM_Poly2,0.6457108397406905,0.6866666666666666,0.7375929274663451,0.6592592592592592,6,0.5,1.0,0.6666666666666666,0.4417903578164191,0.927883183424566,0.9333564346222225,0.43010660107810406,0.4605553162290185,0.5856250731352881,0.5802804752124003,0.46727132982753555
natural,refit_per_N,tuned_per_N,UNSW-NB15,2000,9,57,fixed_300,SVM_RBF,0.6315844481605352,0.6866666666666666,0.7799008049434913,0.6545454545454545,6,1.0,1.0,1.0,0.8618556520753449,1.3535550463744799,1.422515982130276,0.7425326317165967,1.633112460239407,0.9596476746140937,1.633112460239407,0.9596476746140937
natural,refit_per_N,tuned_per_N,UNSW-NB15,2000,9,57,fixed_300,RandomForest,0.7497497497497497,0.7666666666666667,0.7982839566132427,0.7481481481481482,6,1.0,1.0,1.0,0.24020442032401423,0.3311509714481394,0.37818242271229235,0.1560037967028469,0.2960060581372595,0.20846265852075194,0.2960060581372595,0.20846265852075194
natural,refit_per_N,tuned_per_N,UNSW-NB15,2000,9,57,fixed_300,XGBoost,0.7185638226586581,0.7433333333333333,0.7890037593984962,0.7208754208754209,6,1.0,1.0,1.0,0.24159327824910481,0.33880076509508766,0.3911957649389903,0.1418419684647827,0.33343306183815,0.16653588505206693,0.33343306183815,0.16653588505206693
natural,refit_per_N,tuned_per_N,UNSW-NB15,2000,9,57,full_test,QSVM_ZZ,0.7322474553757601,0.7514210756449498,0.7827107244372297,0.7318350511898999,1682,0.9565992865636147,1.0,0.977818292312367,0.5819385547754964,0.9358533126400836,1.017732202999481,0.4227233933572097,1.1043619066830757,0.4506703761214084,1.1520037260289944,0.30920288495000137
natural,refit_per_N,tuned_per_N,UNSW-NB15,2000,9,57,full_test,QSVM_Z,0.6802931098088882,0.7165865034251567,0.779155076597712,0.6895513306035232,1682,0.9833531510107015,1.0,0.9916067146282974,0.6989853987867755,1.1208164174535786,1.1936419828468687,0.5657109209976222,1.9126622924899213,0.8228400211460849,1.930680274717752,0.7796258219994228
natural,refit_per_N,tuned_per_N,UNSW-NB15,2000,9,57,full_test,SVM_Linear,0.5237666299283504,0.6269372783364913,0.7726277957385608,0.5858340436085958,1682,0.995243757431629,1.0,0.9976162097735399,0.55240756837114,0.9761160146845839,0.9778859095658091,0.549268371190332,1.216725917544785,0.4981511751749859,1.2301344586939915,0.4640536232883636
natural,refit_per_N,tuned_per_N,UNSW-NB15,2000,9,57,full_test,SVM_Poly2,0.6434677629996491,0.6843511635815964,0.7322845709902772,0.6568085738610754,1682,0.9417360285374554,1.0,0.969993876301286,0.4557390845581029,0.9117969949265259,0.9254712318344908,0.4272878095589093,0.8724223684138733,0.4047237228907734,0.9246762296771364,0.2643784239485425
natural,refit_per_N,tuned_per_N,UNSW-NB15,2000,9,57,full_test,SVM_RBF,0.6676803830759375,0.7104892386921245,0.7892800183872658,0.6811431564362386,1682,0.9940546967895363,1.0,0.9970184853905785,0.8716886010062923,1.2987369925792813,1.3844192158766429,0.727971309688565,2.047281826019868,0.877970771332684,2.0598438327049147,0.8480795571957152
natural,refit_per_N,tuned_per_N,UNSW-NB15,2000,9,57,full_test,RandomForest,0.7438102586175248,0.7587936646747315,0.7804696627511409,0.7419179733426182,1682,0.9441141498216409,1.0,0.9712538226299694,0.24512268519651528,0.3098285062223485,0.3598402017467321,0.1630762498734654,0.4130273264620467,0.18167990737168283,0.4304698063814789,0.13525866678649984
natural,refit_per_N,tuned_per_N,UNSW-NB15,2000,9,57,full_test,XGBoost,0.7322001594850408,0.751688286449983,0.7840906070574505,0.7318839707527169,1682,0.9583828775267539,1.0,0.978749241044323,0.2449832308092867,0.32479822800235403,0.37901051581826783,0.1478570295603017,0.423337856491454,0.16146119977003176,0.43734953629559487,0.11836402693379934
natural,refit_per_N,tuned_per_N,UNSW-NB15,2000,10,57,fixed_300,QSVM_ZZ,0.647671568627451,0.6933333333333334,0.7636993718865064,0.6639730639730639,6,1.0,1.0,1.0,0.43935358481250203,0.8623622898676716,0.9407442978150161,0.2273773462813364,0.9636894861266646,0.23763804895352322,0.9636894861266646,0.23763804895352322
natural,refit_per_N,tuned_per_N,UNSW-NB15,2000,10,57,fixed_300,QSVM_Z,0.6619183285849952,0.7033333333333334,0.7708333333333333,0.6750841750841751,6,1.0,1.0,1.0,0.4760461025295448,0.9036876435064989,0.9772546649814581,0.29705987364818753,0.9799634471884326,0.43182086829825933,0.9799634471884326,0.43182086829825933
natural,refit_per_N,tuned_per_N,UNSW-NB15,2000,10,57,fixed_300,SVM_Linear,0.5079792923458691,0.6166666666666667,0.7536231884057971,0.5754208754208754,6,1.0,1.0,1.0,0.5064697080266055,1.0757552044399914,1.0974948923291743,0.4574557752828753,0.9249157421415733,0.2700931856193933,0.9249157421415733,0.2700931856193933
natural,refit_per_N,tuned_per_N,UNSW-NB15,2000,10,57,fixed_300,SVM_Poly2,0.5953039227471251,0.6633333333333333,0.7643964562569214,0.6286195286195286,6,1.0,1.0,1.0,0.48581793649130617,1.1484419024535975,1.1186729273793,0.5509162842724257,0.9512531969511118,0.05994982975016715,0.9512531969511118,0.05994982975016715
natural,refit_per_N,tuned_per_N,UNSW-NB15,2000,10,57,fixed_300,SVM_RBF,0.6408295678368672,0.69,0.7676151761517616,0.6595959595959596,6,1.0,1.0,1.0,0.5195485392914336,0.983933229337276,1.0402328505858236,0.3949315143617112,1.2755525207777902,0.3015084417109901,1.2755525207777902,0.3015084417109901
natural,refit_per_N,tuned_per_N,UNSW-NB15,2000,10,57,fixed_300,RandomForest,0.722169452887538,0.74,0.7631929282709409,0.7218855218855219,6,0.8333333333333334,1.0,0.9090909090909091,0.24689116006004308,0.31686821668092796,0.3674129400789539,0.162383629473184,0.3503037858189025,0.2604116013512143,0.42487031565685746,0.10006077828500817
natural,refit_per_N,tuned_per_N,UNSW-NB15,2000,10,57,fixed_300,XGBoost,0.7178819444444444,0.74,0.7752409944190766,0.7191919191919192,6,0.8333333333333334,1.0,0.9090909090909091,0.24469016114870706,0.33788208047652674,0.3916539080937703,0.1436829549563997,0.3453792730967204,0.27358830412776824,0.4318695068359375,0.08732772472480474
natural,refit_per_N,tuned_per_N,UNSW-NB15,2000,10,57,full_test,QSVM_ZZ,0.6812611679227476,0.7186148763542729,0.7866905640602222,0.6910480514927705,1682,0.9851367419738407,1.0,0.992512728361785,0.46374422755161643,0.8341428892099932,0.9214054215998951,0.24872699341518975,1.0306531725218868,0.25677609204461227,1.0493731802364534,0.16430414503464436
natural,refit_per_N,tuned_per_N,UNSW-NB15,2000,10,57,full_test,QSVM_Z,0.6837993053418369,0.7191250060729728,0.7807796718122111,0.6923905575919165,1682,0.9774078478002378,1.0,0.9885748647023451,0.505075797618607,0.8638822807215215,0.9579609439674122,0.2893181399735496,1.162803216406706,0.37660605677946724,1.188550620135833,0.285115530028595
natural,refit_per_N,tuned_per_N,UNSW-NB15,2000,10,57,full_test,SVM_Linear,0.5236003333254371,0.6259898945731914,0.7649884666697164,0.585065623949194,1682,0.9928656361474435,1.0,0.9964200477326969,0.5125737015895653,1.0600691405023674,1.0889394716206302,0.44798349227760575,1.0778766173148386,0.2887371880185856,1.091808038067209,0.23052629765558466
natural,refit_per_N,tuned_per_N,UNSW-NB15,2000,10,57,full_test,SVM_Poly2,0.6303284835833525,0.6852378176164796,0.7743801918894283,0.6529218891970591,1682,0.9887039239001189,1.0,0.9943198804185351,0.515119068272651,1.1109096629824398,1.0986753375148834,0.5407221435658051,0.921187310184102,0.22924827584612248,0.9331178342286177,0.1744475275466371
natural,refit_per_N,tuned_per_N,UNSW-NB15,2000,10,57,full_test,SVM_RBF,0.6697891648712897,0.708594471165525,0.7718815540042422,0.6808755273406293,1682,0.9785969084423306,1.0,0.9891826923076923,0.5511756495172345,0.9443845761822637,1.0278007863122267,0.37320553051591765,1.3627733687143657,0.4703530092739919,1.3900533896801943,0.3822757926534221
natural,refit_per_N,tuned_per_N,UNSW-NB15,2000,10,57,full_test,RandomForest,0.7415908219059659,0.7561579944614488,0.775751364835458,0.7397058363401785,1682,0.941141498216409,1.0,0.9696784073506891,0.24516704747347787,0.3096117689672405,0.3586564963761991,0.16532345948786567,0.416064739075742,0.1768430402140206,0.43027040275277073,0.13874692244973033
natural,refit_per_N,tuned_per_N,UNSW-NB15,2000,10,57,full_test,XGBoost,0.737149342176084,0.754882670164699,0.7832802816934097,0.7361359662406606,1682,0.9613555291319857,1.0,0.9802970597150652,0.24543624250643142,0.3320914734901211,0.3872695623755438,0.14333869665226634,0.43010614564316735,0.15885244843635402,0.4430527013242599,0.11802415322094936
natural,refit_per_N,tuned_per_N,UNSW-NB15,5000,1,143,fixed_300,QSVM_ZZ,0.6969084663568398,0.7333333333333333,0.8143219699567872,0.7057239057239058,6,1.0,1.0,1.0,0.7616379178632149,1.1497547107394486,1.2229296002328496,0.6375511004373605,1.0992228206312256,0.5147906694801774,1.0992228206312256,0.5147906694801774
natural,refit_per_N,tuned_per_N,UNSW-NB15,5000,1,143,fixed_300,QSVM_Z,0.6783088235294117,0.72,0.8070175438596491,0.6909090909090909,6,1.0,1.0,1.0,0.5855012446411653,0.9932745101296058,1.0797435624608978,0.40442527032050235,1.1508370647793196,0.3626172486521392,1.1508370647793196,0.3626172486521392
natural,refit_per_N,tuned_per_N,UNSW-NB15,5000,1,143,fixed_300,SVM_Linear,0.5079792923458691,0.6166666666666667,0.7536231884057971,0.5754208754208754,6,1.0,1.0,1.0,0.33267869792761057,1.0228488388669574,1.0506430733725434,0.23031282118151822,1.0315484568322317,0.07254599527035838,1.0315484568322317,0.07254599527035838
natural,refit_per_N,tuned_per_N,UNSW-NB15,5000,1,143,fixed_300,SVM_Poly2,0.673202614379085,0.7066666666666667,0.7536231884057971,0.6814814814814815,6,1.0,1.0,1.0,0.9549485293264565,1.5115770822629793,1.4269034733068786,1.0773757223690301,1.3151153644841906,0.6858431656248594,1.3151153644841906,0.6858431656248594
natural,refit_per_N,tuned_per_N,UNSW-NB15,5000,1,143,fixed_300,SVM_RBF,0.6415770609318996,0.6933333333333334,0.7840774864162532,0.661952861952862,6,1.0,1.0,1.0,0.6900451654068477,1.188860507996403,1.1589038210738114,0.7392520350160343,1.8642878716558766,1.032380081782447,1.8642878716558766,1.032380081782447
natural,refit_per_N,tuned_per_N,UNSW-NB15,5000,1,143,fixed_300,RandomForest,0.7426759287224404,0.7633333333333333,0.8068181818181819,0.7424242424242424,6,0.5,1.0,0.6666666666666666,0.26092929269705706,0.30964443827156873,0.3735473406392033,0.15628870157909952,0.1525,0.3488403407482187,0.3475,0.15553000782271353
natural,refit_per_N,tuned_per_N,UNSW-NB15,5000,1,143,fixed_300,XGBoost,0.732620320855615,0.76,0.8289102202145681,0.7353535353535353,6,0.8333333333333334,1.0,0.9090909090909091,0.25034876803557077,0.3001922035014923,0.3585451070467631,0.15567681559190044,0.283327783147494,0.2515235444653574,0.34228064119815826,0.1624274877742916
natural,refit_per_N,tuned_per_N,UNSW-NB15,5000,1,143,full_test,QSVM_ZZ,0.7104514918721923,0.7398581353544187,0.7985566441928207,0.714929080585041,1682,0.9869203329369798,1.0,0.9934171154997008,0.7713833949179824,1.1736088460774419,1.235425897495946,0.6679168491232673,1.2555225978709006,0.47790507585460723,1.2775804896408136,0.41535328069154875
natural,refit_per_N,tuned_per_N,UNSW-NB15,5000,1,143,full_test,QSVM_Z,0.6923432025735475,0.7288782004566876,0.8043584181935834,0.7011853413017712,1682,0.990487514863258,1.0,0.995221027479092,0.5874613623046323,1.0040683969806377,1.0655735433778057,0.46670892606564685,1.2908348211064617,0.33671180919744853,1.3038827248361842,0.281991520630918
natural,refit_per_N,tuned_per_N,UNSW-NB15,5000,1,143,full_test,SVM_Linear,0.5236089705859062,0.6260020405188748,0.7650563033573681,0.5850766536853628,1682,0.9928656361474435,1.0,0.9964200477326969,0.344577834384289,1.0163603265792684,1.0523597531989768,0.21038333403640203,1.065775495502011,0.17558274536673754,1.0757838719070647,0.09693177099239414
natural,refit_per_N,tuned_per_N,UNSW-NB15,5000,1,143,full_test,SVM_Poly2,0.6857750082563308,0.7155055142593403,0.7575351912029346,0.6914583171365136,1682,0.9476813317479191,1.0,0.9731379731379731,0.9234514088903554,1.420031701156702,1.3441534969090498,1.0307783047866077,1.391936800768833,0.6382105331691231,1.4251601746457159,0.5601064350517527
natural,refit_per_N,tuned_per_N,UNSW-NB15,5000,1,143,full_test,SVM_RBF,0.6774435823193796,0.7183476655492397,0.7990932365379817,0.6893697739917629,1682,0.9934601664684899,1.0,0.9967193558007754,0.6630077928502323,1.0997698773778746,1.0939558411171906,0.6725576066430761,2.24973469109003,1.0566207352695107,2.2601337883028094,1.034189932975286
natural,refit_per_N,tuned_per_N,UNSW-NB15,5000,1,143,full_test,RandomForest,0.7451917548419195,0.7616965456930477,0.7891500274208156,0.7435556017943294,1682,0.9524375743162902,1.0,0.9756394640682094,0.2479312613260374,0.31486509245438743,0.36747765919300435,0.15990655641048604,0.41627286144646636,0.1725345346439307,0.4325563859534488,0.126278397964647
natural,refit_per_N,tuned_per_N,UNSW-NB15,5000,1,143,full_test,XGBoost,0.7172532032934225,0.7446557838993344,0.799776135186843,0.720530198821428,1682,0.9845422116527943,1.0,0.9922109047333733,0.2431968935708179,0.3024271505645898,0.35534478821193766,0.15600317923595644,0.4167422071258747,0.14634036289223382,0.42376639349352874,0.12454562520242883
natural,refit_per_N,tuned_per_N,UNSW-NB15,5000,2,143,fixed_300,QSVM_ZZ,0.6863624340290462,0.7233333333333334,0.7958118731363513,0.695959595959596,6,1.0,1.0,1.0,0.6903525192731134,1.1313840003549627,1.1743777696605455,0.6143722090500635,1.1153200208987661,0.3652210360408309,1.1153200208987661,0.3652210360408309
natural,refit_per_N,tuned_per_N,UNSW-NB15,5000,2,143,fixed_300,QSVM_Z,0.6688061617458281,0.7133333333333334,0.8033395176252319,0.6835016835016835,6,1.0,1.0,1.0,1.2767571820646193,2.0822874880122475,1.7890345512247998,1.6629448154433215,0.9742045437872121,0.12511664682072807,0.9742045437872121,0.12511664682072807
natural,refit_per_N,tuned_per_N,UNSW-NB15,5000,2,143,fixed_300,SVM_Linear,0.5079792923458691,0.6166666666666667,0.7536231884057971,0.5754208754208754,6,1.0,1.0,1.0,0.5046913689082059,1.0952132718012726,1.107561347927266,0.4769835942227206,0.877477511495275,0.19146504059538164,0.877477511495275,0.19146504059538164
natural,refit_per_N,tuned_per_N,UNSW-NB15,5000,2,143,fixed_300,SVM_Poly2,0.6485536631522033,0.6966666666666667,0.778906955736224,0.6663299663299663,6,1.0,1.0,1.0,0.5801230036459523,1.004390491778283,1.0358310609115717,0.5219166337497113,1.1170662185961733,0.34245814295305016,1.1170662185961733,0.34245814295305016
natural,refit_per_N,tuned_per_N,UNSW-NB15,5000,2,143,fixed_300,SVM_RBF,0.6542839015421269,0.7033333333333334,0.7977667493796525,0.6723905723905724,6,1.0,1.0,1.0,0.6455787151843488,1.039435454300172,1.1468669018014024,0.4264906220630554,1.0953310410045594,0.3380199021037481,1.0953310410045594,0.3380199021037481
natural,refit_per_N,tuned_per_N,UNSW-NB15,5000,2,143,fixed_300,RandomForest,0.7657470067673087,0.78,0.8079814921920185,0.762962962962963,6,0.8333333333333334,1.0,0.9090909090909091,0.2601216498631419,0.3160099501488969,0.3781105660447572,0.15670979920204298,0.2923571844493264,0.22622131982623214,0.30797176183575287,0.2044558699446953
natural,refit_per_N,tuned_per_N,UNSW-NB15,5000,2,143,fixed_300,XGBoost,0.7167207399157425,0.74,0.7787960364282032,0.7185185185185186,6,0.8333333333333334,1.0,0.9090909090909091,0.24743686228990555,0.3154581499776249,0.3703474093476931,0.15356315181915084,0.2767234841982524,0.2319410661908317,0.29215896129608154,0.21216900392600924
natural,refit_per_N,tuned_per_N,UNSW-NB15,5000,2,143,full_test,QSVM_ZZ,0.7074568169612679,0.7391050867220522,0.8056349989042297,0.7131225695827301,1682,0.9934601664684899,1.0,0.9967193558007754,0.6743729648734889,1.080191856221056,1.1525201106971905,0.5415632340152776,1.2909631626495508,0.37585642658920215,1.3034738288947574,0.32986348405511035
natural,refit_per_N,tuned_per_N,UNSW-NB15,5000,2,143,full_test,QSVM_Z,0.6807813410858177,0.7202059952387893,0.7974309006142157,0.6917254597313276,1682,0.995243757431629,1.0,0.9976162097735399,1.3444869281554142,2.1206255478322515,1.84456809534002,1.7036039315971618,0.9970209514754115,0.1575651087418758,1.0066745644283417,0.07405310599011013
natural,refit_per_N,tuned_per_N,UNSW-NB15,5000,2,143,full_test,SVM_Linear,0.5236003333254371,0.6259898945731914,0.7649884666697164,0.585065623949194,1682,0.9928656361474435,1.0,0.9964200477326969,0.5158502968367966,1.0780064095288489,1.099957444616743,0.46721832986741413,0.9969657264125674,0.24643897682796076,1.012255954238981,0.1732360010190742
natural,refit_per_N,tuned_per_N,UNSW-NB15,5000,2,143,full_test,SVM_Poly2,0.6759085787096304,0.7148496331924403,0.7846853944947434,0.6868042192019956,1682,0.9845422116527943,1.0,0.9922109047333733,0.6360493007348995,1.0542859506049478,1.0458095387490287,0.6498922889755476,1.1434418557586308,0.3859842487729943,1.1555622700656305,0.34802149043178476
natural,refit_per_N,tuned_per_N,UNSW-NB15,5000,2,143,full_test,SVM_RBF,0.671876957521286,0.713367827819074,0.79065122138432,0.6843905671311477,1682,0.995243757431629,1.0,0.9976162097735399,0.6676092212421039,1.0501800452688232,1.1623629325811051,0.4444014094597016,1.2213660876908266,0.3069087971868287,1.2310319697760577,0.26549655240914455
natural,refit_per_N,tuned_per_N,UNSW-NB15,5000,2,143,full_test,RandomForest,0.7431090362650579,0.7609677889520478,0.7925237201081345,0.741882920244872,1682,0.9607609988109393,1.0,0.9799878714372346,0.2540409149596248,0.30815667001548347,0.3651039408959685,0.16185311887877862,0.4143143657321454,0.16579868048827842,0.42367106965636225,0.14017282489811633
natural,refit_per_N,tuned_per_N,UNSW-NB15,5000,2,143,full_test,XGBoost,0.7183178755430383,0.7427124325900014,0.7859797248154394,0.7203078667655567,1682,0.9750297265160524,1.0,0.9873570138470801,0.2448049572724524,0.30550424098004453,0.35842466087882363,0.1574613312399608,0.41874951347442924,0.14824823933128586,0.42468965262635283,0.13025895152351405
natural,refit_per_N,tuned_per_N,UNSW-NB15,5000,3,143,fixed_300,QSVM_ZZ,0.716045285245418,0.7433333333333333,0.7978801169590644,0.7195286195286195,6,1.0,1.0,1.0,0.7035192858685012,1.0702748817583394,1.1731959396054845,0.5138472490973924,0.8637241939849107,0.5655898289973595,0.8637241939849107,0.5655898289973595
natural,refit_per_N,tuned_per_N,UNSW-NB15,5000,3,143,fixed_300,QSVM_Z,0.6456996148908858,0.6933333333333334,0.7699443413729128,0.6632996632996633,6,1.0,1.0,1.0,0.5315312874779533,0.9969498019638383,1.0860066883930681,0.31148658072094926,1.207955552859888,0.3527963731879237,1.207955552859888,0.3527963731879237
natural,refit_per_N,tuned_per_N,UNSW-NB15,5000,3,143,fixed_300,SVM_Linear,0.5079792923458691,0.6166666666666667,0.7536231884057971,0.5754208754208754,6,1.0,1.0,1.0,0.5036654773750245,1.0700219511318465,1.0879394235284023,0.4636956973448246,0.8978826994840077,0.23711869463899532,0.8978826994840077,0.23711869463899532
natural,refit_per_N,tuned_per_N,UNSW-NB15,5000,3,143,fixed_300,SVM_Poly2,0.6323529411764706,0.68,0.742040285899935,0.6505050505050505,6,0.8333333333333334,1.0,0.9090909090909091,0.48407835053545073,0.9587288211753324,0.9744110352616392,0.45168123313871017,0.8050203494462419,0.7079615604840294,0.8718720840251022,0.6237839395521951
natural,refit_per_N,tuned_per_N,UNSW-NB15,5000,3,143,fixed_300,SVM_RBF,0.6863450690527135,0.7133333333333334,0.7476559315124338,0.6909090909090909,6,0.6666666666666666,1.0,0.8,0.5750998744704577,0.974088337089963,1.013316696204119,0.5027695568196178,0.8995338409184278,1.0708413049137036,1.1788650141557138,0.7524224276737052
natural,refit_per_N,tuned_per_N,UNSW-NB15,5000,3,143,fixed_300,RandomForest,0.7497497497497497,0.7666666666666667,0.7982839566132427,0.7481481481481482,6,0.8333333333333334,1.0,0.9090909090909091,0.2574143914076876,0.32689779937919733,0.38720511508465594,0.15230410038810688,0.3476666666666666,0.20481997515433456,0.37233333333333335,0.15553527645592888
natural,refit_per_N,tuned_per_N,UNSW-NB15,5000,3,143,fixed_300,XGBoost,0.7468171296296297,0.7666666666666667,0.8090647725350921,0.7461279461279462,6,0.8333333333333334,1.0,0.9090909090909091,0.2563533679644267,0.3357178745165115,0.39971933007240296,0.13655767171074018,0.3262844979763031,0.2752057711946418,0.4177883366743724,0.08747968825588584
natural,refit_per_N,tuned_per_N,UNSW-NB15,5000,3,143,full_test,QSVM_ZZ,0.7097886657601348,0.7354977408541029,0.7784757988264055,0.7126757603363533,1682,0.9726516052318668,1.0,0.9861362266425557,0.6980329836038877,1.0667797719986443,1.1545880831245647,0.5405510951345561,1.2753466238939157,0.5093686222870585,1.3092667063272498,0.41447086284951334
natural,refit_per_N,tuned_per_N,UNSW-NB15,5000,3,143,full_test,QSVM_Z,0.6780252470305301,0.7175460331341398,0.7922436412173008,0.6891485019829677,1682,0.9922711058263971,1.0,0.9961205610265592,0.5589410545870515,0.9574864524605303,1.0602743738475,0.3240581140947228,1.344588022056867,0.3750275272156383,1.3558261275963512,0.3321115881076077
natural,refit_per_N,tuned_per_N,UNSW-NB15,5000,3,143,full_test,SVM_Linear,0.5236003333254371,0.6259898945731914,0.7649884666697164,0.585065623949194,1682,0.9928656361474435,1.0,0.9964200477326969,0.5104644033383287,1.055937736420333,1.0819209167181427,0.45279746050505454,1.034550596053551,0.2703287426885843,1.049217224696794,0.20619355062151115
natural,refit_per_N,tuned_per_N,UNSW-NB15,5000,3,143,full_test,SVM_Poly2,0.6721809500646039,0.7039790118058592,0.743985142850416,0.6794188664531469,1682,0.9316290130796671,1.0,0.9646044936903663,0.5269331454098412,0.8948892511020881,0.9368623689409399,0.44807835601815793,1.1340204093531536,0.5342568232483454,1.1860215090965553,0.40593795335893085
natural,refit_per_N,tuned_per_N,UNSW-NB15,5000,3,143,full_test,SVM_RBF,0.7199165584491736,0.7397245299519021,0.7675586806779517,0.7201876152160278,1682,0.9262782401902497,1.0,0.9617283950617284,0.5911768628352471,0.9069020147358438,0.9651242095852419,0.4904045345998745,1.506003125953541,0.7488795298659823,1.55831442270311,0.6328681739743314
natural,refit_per_N,tuned_per_N,UNSW-NB15,5000,3,143,full_test,RandomForest,0.747886943885439,0.7645508429286304,0.7937561242065524,0.7461749113447693,1682,0.9714625445897741,1.0,0.985524728588661,0.2531443300476464,0.31923352293431745,0.3762352817531344,0.15633012110424116,0.4355175581597543,0.1433204150484381,0.44214981982904256,0.12132527214161404
natural,refit_per_N,tuned_per_N,UNSW-NB15,5000,3,143,full_test,XGBoost,0.7378300219180197,0.7567045620171987,0.789575551162873,0.737099936564112,1682,0.9684898929845422,1.0,0.9839927514346118,0.25364911590305966,0.3292711830923078,0.3889174551044644,0.14663082598307492,0.4358058538859296,0.14348495805311942,0.4441877583331926,0.11494307641473223
natural,refit_per_N,tuned_per_N,UNSW-NB15,5000,4,143,fixed_300,QSVM_ZZ,0.777511961722488,0.7933333333333333,0.8344733242134064,0.7744107744107744,6,1.0,1.0,1.0,0.6963491742619787,0.9692739490234458,1.106479915563378,0.4473213131583432,1.0645188183646535,0.05278154248676612,1.0645188183646535,0.05278154248676612
natural,refit_per_N,tuned_per_N,UNSW-NB15,5000,4,143,fixed_300,QSVM_Z,0.6493688639551192,0.7,0.7958894401133947,0.6686868686868687,6,1.0,1.0,1.0,0.6510903047149463,1.0641810318680818,1.167073697522853,0.44083878916442154,0.9189301288850126,0.5908546221734757,0.9189301288850126,0.5908546221734757
natural,refit_per_N,tuned_per_N,UNSW-NB15,5000,4,143,fixed_300,SVM_Linear,0.5079792923458691,0.6166666666666667,0.7536231884057971,0.5754208754208754,6,1.0,1.0,1.0,0.5203739288029311,1.0543181927846361,1.0664641773211383,0.4950050867468,0.9089417792677558,0.2595657370129837,0.9089417792677558,0.2595657370129837
natural,refit_per_N,tuned_per_N,UNSW-NB15,5000,4,143,fixed_300,SVM_Poly2,0.6056575003943425,0.6666666666666666,0.7503994617778151,0.6336700336700336,6,0.6666666666666666,1.0,0.8,0.5895132468603722,1.1551894593024605,1.16398768143339,0.5719451307413063,0.5589760019893683,0.7878083237905497,0.8181271825227189,0.5135796326287984
natural,refit_per_N,tuned_per_N,UNSW-NB15,5000,4,143,fixed_300,SVM_RBF,0.6590220246514448,0.7,0.762878112353385,0.672053872053872,6,0.6666666666666666,1.0,0.8,0.6117067171613447,1.069495824609247,1.0699931388583726,0.6108364015617685,0.9708198167637135,1.2412675805011093,1.3245752567644098,0.8536607711449005
natural,refit_per_N,tuned_per_N,UNSW-NB15,5000,4,143,fixed_300,RandomForest,0.7743526068840363,0.79,0.8284612040860682,0.7713804713804713,6,1.0,1.0,1.0,0.2682207491496812,0.28863781975003044,0.36079621118311356,0.15836746907233623,0.3598414863277144,0.15378545272179167,0.3598414863277144,0.15378545272179167
natural,refit_per_N,tuned_per_N,UNSW-NB15,5000,4,143,fixed_300,XGBoost,0.7734872182073131,0.79,0.8323412698412699,0.7707070707070707,6,1.0,1.0,1.0,0.2735034687320391,0.31127984398259895,0.3902258174618085,0.13936678250053688,0.4027436872323354,0.1021562585398869,0.4027436872323354,0.1021562585398869
natural,refit_per_N,tuned_per_N,UNSW-NB15,5000,4,143,full_test,QSVM_ZZ,0.7702527555597259,0.7838507506194432,0.8104562451082766,0.7670865506378168,1682,0.9583828775267539,1.0,0.978749241044323,0.7034234285394879,0.9724723601574212,1.11955821856204,0.4325464210215882,1.005462956006893,0.3912055626042615,1.0559034353530945,0.2215072985799092
natural,refit_per_N,tuned_per_N,UNSW-NB15,5000,4,143,full_test,QSVM_Z,0.6726551272266945,0.7147889034640237,0.7960696060580661,0.6855022142940611,1682,0.9898929845422116,1.0,0.9949208246190618,0.6740707626092384,1.0385939054263666,1.1527616830403764,0.451872986034031,1.2869322144863868,0.37163047009197364,1.297435697066622,0.3331131083594069
natural,refit_per_N,tuned_per_N,UNSW-NB15,5000,4,143,full_test,SVM_Linear,0.5236003333254371,0.6259898945731914,0.7649884666697164,0.585065623949194,1682,0.9928656361474435,1.0,0.9964200477326969,0.5257980227345034,1.0376767304510224,1.0571018072578788,0.48556392650521646,1.0410797554186428,0.30266771361861594,1.0559550501142876,0.24579205468809168
natural,refit_per_N,tuned_per_N,UNSW-NB15,5000,4,143,full_test,SVM_Poly2,0.6293071958237049,0.678679006947481,0.7428602038325232,0.6483865523071823,1682,0.9577883472057075,1.0,0.978439113270574,0.6175925932033501,1.1118061017745187,1.1282759658651678,0.5869640227251687,1.090555087592003,0.4325364900101047,1.1334943236926964,0.3026364690837831
natural,refit_per_N,tuned_per_N,UNSW-NB15,5000,4,143,full_test,SVM_RBF,0.684278726440498,0.7179468493416897,0.7732555549001889,0.6919863255119586,1682,0.9625445897740785,1.0,0.980914874280521,0.6166875314301904,1.0498437127014688,1.0426860491202374,0.628713874103551,1.7058842017479132,0.7784040186901754,1.7391802973419421,0.7008606276740936
natural,refit_per_N,tuned_per_N,UNSW-NB15,5000,4,143,full_test,RandomForest,0.7801187931307061,0.7926322693484915,0.8186388723099817,0.7764420300915051,1682,0.9548156956004756,1.0,0.9768856447688564,0.2652265340381686,0.2882879112711005,0.3560716962475607,0.16330334128344903,0.4101830044848034,0.16467114331945693,0.4219134976895187,0.13174096962491913
natural,refit_per_N,tuned_per_N,UNSW-NB15,5000,4,143,full_test,XGBoost,0.7745545475784539,0.7895107613078755,0.8240968542270559,0.7713446667350312,1682,0.9696789536266349,1.0,0.9846060971928765,0.27142516454606735,0.3079923597106739,0.38635031359619254,0.13879606901181524,0.43146382727605975,0.14123577787452785,0.4418518929504186,0.10428558814937149
natural,refit_per_N,tuned_per_N,UNSW-NB15,5000,5,143,fixed_300,QSVM_ZZ,0.7537795434811052,0.77,0.8007075471698113,0.7518518518518519,6,1.0,1.0,1.0,0.6112055977511622,0.874066129839113,1.0132115832977702,0.33311585000643007,1.0579939726869125,0.3231470862846578,1.0579939726869125,0.3231470862846578
natural,refit_per_N,tuned_per_N,UNSW-NB15,5000,5,143,fixed_300,QSVM_Z,0.6629901960784313,0.7066666666666667,0.7853584578730777,0.6774410774410775,6,0.8333333333333334,1.0,0.9090909090909091,0.5095760753051054,0.9116802921068788,0.9909480437409985,0.3299253038876018,0.8859496611050055,0.6391598242128864,0.9234745985465395,0.5836323746496844
natural,refit_per_N,tuned_per_N,UNSW-NB15,5000,5,143,fixed_300,SVM_Linear,0.7536945812807883,0.76,0.7616645649432534,0.7515151515151515,6,0.5,1.0,0.6666666666666666,1.2495179503574758,1.7545701748867555,1.6951634834444207,1.328996753669574,0.2576584604917136,0.9082386026909692,0.9073368697372173,0.26081611625141615
natural,refit_per_N,tuned_per_N,UNSW-NB15,5000,5,143,fixed_300,SVM_Poly2,0.73226393444523,0.7433333333333333,0.7516679748822606,0.7303030303030302,6,0.5,1.0,0.6666666666666666,0.7619858234855295,1.132228426159884,1.1729976478898698,0.6975959591642152,0.4778312500536532,0.8167481800789347,0.7866683260537352,0.5258832931116018
natural,refit_per_N,tuned_per_N,UNSW-NB15,5000,5,143,fixed_300,SVM_RBF,0.6775,0.7133333333333334,0.7725040916530278,0.6868686868686869,6,0.8333333333333334,1.0,0.9090909090909091,0.6790650219463092,1.1602734950831766,1.128959434596065,0.729941423992367,1.368655171569233,1.1898804930828473,1.3910232829500637,1.1636523504780596
natural,refit_per_N,tuned_per_N,UNSW-NB15,5000,5,143,fixed_300,RandomForest,0.7413518205761123,0.7566666666666667,0.7790551839464883,0.7397306397306398,6,0.8333333333333334,1.0,0.9090909090909091,0.25248528034313944,0.3229019630132563,0.37973572952184503,0.15432196937662593,0.345,0.20048191938426765,0.36566666666666664,0.15970563198863366
natural,refit_per_N,tuned_per_N,UNSW-NB15,5000,5,143,fixed_300,XGBoost,0.7447236903606227,0.7633333333333333,0.7992724867724867,0.7437710437710439,6,1.0,1.0,1.0,0.2546156017978986,0.3108235344501584,0.37080498109261195,0.1547386191094601,0.39069021741549176,0.12683959395107613,0.39069021741549176,0.12683959395107613
natural,refit_per_N,tuned_per_N,UNSW-NB15,5000,5,143,full_test,QSVM_ZZ,0.7429110346942045,0.7603726376135646,0.7903431809679411,0.7415933246844303,1682,0.9536266349583828,1.0,0.9762629336579428,0.6162670838942409,0.899386380269097,1.0216222320914798,0.38074794103380616,1.1194599964143983,0.44736534713048015,1.1711283030759376,0.2859806551495644
natural,refit_per_N,tuned_per_N,UNSW-NB15,5000,5,143,full_test,QSVM_Z,0.6726269985769666,0.7140965845600739,0.7921195932345475,0.685094575516132,1682,0.9720570749108205,1.0,0.9858305697919807,0.5218020395849774,0.8762132231623866,0.9664017520507762,0.3257217134193707,1.2265433344191252,0.43247874136845127,1.2513712416322802,0.3542829780829321
natural,refit_per_N,tuned_per_N,UNSW-NB15,5000,5,143,full_test,SVM_Linear,0.7591917276786564,0.763396978088714,0.7621166945577109,0.7577844157578562,1682,0.8186682520808561,1.0,0.900294213795358,1.242781071582119,1.7344205570475837,1.6763040317638123,1.3201228176516147,0.8275855420301297,0.7753787594485831,1.0972393777352978,0.28666321342018003
natural,refit_per_N,tuned_per_N,UNSW-NB15,5000,5,143,full_test,SVM_Poly2,0.7444129637499803,0.7533644269542826,0.7588506195545788,0.7420247817304642,1682,0.8549346016646849,1.0,0.9217948717948717,0.7307131908380363,1.071925885841113,1.1035614722790148,0.6819962968391635,0.8947021387810857,0.6221242393583045,1.047019890614533,0.30212552853760927
natural,refit_per_N,tuned_per_N,UNSW-NB15,5000,5,143,full_test,SVM_RBF,0.6822403021112411,0.7187849195938396,0.7842331044688554,0.69154771285006,1682,0.9702734839476813,1.0,0.9849124924562462,0.6525913095596872,1.0604452609095423,1.059022486887977,0.654897656862459,2.003854896408285,1.037925490962758,2.0298519879396504,0.9861159555078658
natural,refit_per_N,tuned_per_N,UNSW-NB15,5000,5,143,full_test,RandomForest,0.7559435806275533,0.771474031968129,0.7998397439650358,0.7536640091958189,1682,0.9625445897740785,1.0,0.980914874280521,0.2545866509191052,0.3101926498549376,0.36792451517734387,0.1602042258548466,0.4272812787984478,0.1550935685749718,0.4378592025654317,0.12207630791320893
natural,refit_per_N,tuned_per_N,UNSW-NB15,5000,5,143,full_test,XGBoost,0.7327211516444394,0.7547976485449157,0.7975781318310204,0.7332222843597149,1682,0.9809750297265161,1.0,0.9903961584633854,0.24874260610661145,0.3056089212750106,0.3595703116246663,0.1611796756843892,0.4219221299454375,0.14471765873133485,0.4263704226714394,0.13103338184352817
natural,refit_per_N,tuned_per_N,UNSW-NB15,5000,6,143,fixed_300,QSVM_ZZ,0.7133674976113958,0.7433333333333333,0.8080628803245437,0.7181818181818183,6,1.0,1.0,1.0,0.7448229429491634,1.1335488012077122,1.2163332556100057,0.600189563688056,1.076117002603725,0.20212628375646555,1.076117002603725,0.20212628375646555
natural,refit_per_N,tuned_per_N,UNSW-NB15,5000,6,143,fixed_300,QSVM_Z,0.6534017971758665,0.7,0.7810760667903525,0.67003367003367,6,1.0,1.0,1.0,0.7034395199184854,1.119125297831762,1.216871672679413,0.5162285566109135,1.4479226296262964,0.4623589190873059,1.4479226296262964,0.4623589190873059
natural,refit_per_N,tuned_per_N,UNSW-NB15,5000,6,143,fixed_300,SVM_Linear,0.5079792923458691,0.6166666666666667,0.7536231884057971,0.5754208754208754,6,1.0,1.0,1.0,0.4976459335557977,1.0675048348843936,1.0860705451474766,0.45570694382381494,0.8991433479644426,0.22933969566246415,0.8991433479644426,0.22933969566246415
natural,refit_per_N,tuned_per_N,UNSW-NB15,5000,6,143,fixed_300,SVM_Poly2,0.6467236467236468,0.69,0.75,0.6616161616161615,6,1.0,1.0,1.0,0.6149218823044823,1.07933424706204,1.1176145507485462,0.542244459790041,1.094549190257081,0.43340730152232876,1.094549190257081,0.43340730152232876
natural,refit_per_N,tuned_per_N,UNSW-NB15,5000,6,143,fixed_300,SVM_RBF,0.6456996148908858,0.6933333333333334,0.7699443413729128,0.6632996632996633,6,1.0,1.0,1.0,0.5719479209066471,1.00414957310607,1.078504383901685,0.4150531090154431,1.249854703061141,0.5657823648290082,1.249854703061141,0.5657823648290082
natural,refit_per_N,tuned_per_N,UNSW-NB15,5000,6,143,fixed_300,RandomForest,0.7694413756664585,0.7866666666666666,0.8302148686913553,0.767003367003367,6,1.0,1.0,1.0,0.2606650933857499,0.3150391054775385,0.3771091999782347,0.15806511374008203,0.37599999999999995,0.14355486755941088,0.37599999999999995,0.14355486755941088
natural,refit_per_N,tuned_per_N,UNSW-NB15,5000,6,143,fixed_300,XGBoost,0.7338721600709674,0.76,0.8233593701949689,0.736026936026936,6,1.0,1.0,1.0,0.25320266326268515,0.3077644134293411,0.36667882164319354,0.15613188212271745,0.3714607258637746,0.13525768195478421,0.3714607258637746,0.13525768195478421
natural,refit_per_N,tuned_per_N,UNSW-NB15,5000,6,143,full_test,QSVM_ZZ,0.7046657315781097,0.7371252975756692,0.8049647171974563,0.7108552886690626,1682,0.9934601664684899,1.0,0.9967193558007754,0.7034838474025957,1.1114899709292478,1.1830958898568094,0.5749639940349168,1.1279896636589537,0.2759950896452628,1.1385023552682465,0.22879326449524534
natural,refit_per_N,tuned_per_N,UNSW-NB15,5000,6,143,full_test,QSVM_Z,0.684226319153598,0.7239105086722052,0.8063187313114264,0.6951541074737492,1682,0.9946492271105827,1.0,0.9973174366616989,0.7181835098237206,1.103663955172285,1.200513564029688,0.5409518114490292,1.563822495552044,0.477820529829062,1.5739288274215246,0.44339745435923733
natural,refit_per_N,tuned_per_N,UNSW-NB15,5000,6,143,full_test,SVM_Linear,0.5236003333254371,0.6259898945731914,0.7649884666697164,0.585065623949194,1682,0.9928656361474435,1.0,0.9964200477326969,0.5048225010950379,1.0532415883226356,1.0799299807268263,0.4448762049285113,1.0315244160911983,0.26627021652230426,1.0460847437277443,0.20161636376837636
natural,refit_per_N,tuned_per_N,UNSW-NB15,5000,6,143,full_test,SVM_Poly2,0.6832594236515754,0.718250497983773,0.778034964461439,0.6916982514589062,1682,0.9726516052318668,1.0,0.9861362266425557,0.6380202262624921,1.0129439172945809,1.0679247572429686,0.5409823486692319,1.187397935267862,0.4196254368715279,1.20426187625157,0.3684463290020013
natural,refit_per_N,tuned_per_N,UNSW-NB15,5000,6,143,full_test,SVM_RBF,0.680765410910491,0.7175217412427731,0.7824998707593845,0.690251593647826,1682,0.9797859690844233,1.0,0.9897897897897898,0.6019512561109825,0.9453654325723867,1.034697291831913,0.4306537241358431,1.4668654964505705,0.547031688385129,1.4813404488751085,0.506525939415896
natural,refit_per_N,tuned_per_N,UNSW-NB15,5000,6,143,full_test,RandomForest,0.7409022202313795,0.7599596754603314,0.7950766801387782,0.7400931625174985,1682,0.964922711058264,1.0,0.9821482602118004,0.24938225864732702,0.3150768181265952,0.3689359232648326,0.15922059155004856,0.4337772958542859,0.14847425798899697,0.4408855003727164,0.12580668998562616
natural,refit_per_N,tuned_per_N,UNSW-NB15,5000,6,143,full_test,XGBoost,0.7271029940972775,0.7504372540445999,0.7949540957840263,0.7283038710200538,1682,0.976218787158145,1.0,0.9879663056558363,0.24523777466697919,0.30885140280564194,0.36202761809852135,0.15641853749647489,0.4272173157451269,0.14039448556520648,0.43142643526604,0.12687189366927493
natural,refit_per_N,tuned_per_N,UNSW-NB15,5000,7,143,fixed_300,QSVM_ZZ,0.7030037970400631,0.7366666666666667,0.8098516949152542,0.7101010101010101,6,1.0,1.0,1.0,0.5805202996170903,0.9355862716248081,1.0554771337289541,0.31351795817087835,1.1106036450025023,0.19728848477720112,1.1106036450025023,0.19728848477720112
natural,refit_per_N,tuned_per_N,UNSW-NB15,5000,7,143,fixed_300,QSVM_Z,0.6611039794608473,0.7066666666666667,0.7922077922077921,0.6767676767676767,6,1.0,1.0,1.0,0.5816926412096622,1.0150417992090939,1.1126120320198574,0.36162224652771446,1.1136179791310827,0.13403826089704884,1.1136179791310827,0.13403826089704884
natural,refit_per_N,tuned_per_N,UNSW-NB15,5000,7,143,fixed_300,SVM_Linear,0.5079792923458691,0.6166666666666667,0.7536231884057971,0.5754208754208754,6,1.0,1.0,1.0,0.4907215737822255,1.0919647638667414,1.112859443325367,0.44129193047619497,0.9177608477346082,0.19668087887117264,0.9177608477346082,0.19668087887117264
natural,refit_per_N,tuned_per_N,UNSW-NB15,5000,7,143,fixed_300,SVM_Poly2,0.6006177112732307,0.6666666666666666,0.766717944077459,0.6323232323232323,6,1.0,1.0,1.0,0.4393636199443002,1.0644406684814354,1.098019738019988,0.34702590993509574,1.1217101459638499,0.15063739137251983,1.1217101459638499,0.15063739137251983
natural,refit_per_N,tuned_per_N,UNSW-NB15,5000,7,143,fixed_300,SVM_RBF,0.5979246009103093,0.6633333333333333,0.7556818181818181,0.6292929292929292,6,1.0,1.0,1.0,0.5285364232653714,1.05664772520353,1.1284458796313512,0.3499500859250831,1.1890730730350814,0.23054715983572555,1.1890730730350814,0.23054715983572555
natural,refit_per_N,tuned_per_N,UNSW-NB15,5000,7,143,fixed_300,RandomForest,0.7626105750493085,0.7766666666666666,0.8025710702341138,0.7599326599326599,6,1.0,1.0,1.0,0.26341914850333786,0.30886860407754646,0.37318447379537656,0.15975860196278524,0.4018686101016274,0.15640567937507702,0.4018686101016274,0.15640567937507702
natural,refit_per_N,tuned_per_N,UNSW-NB15,5000,7,143,fixed_300,XGBoost,0.7130102040816326,0.74,0.7910204574256231,0.7164983164983165,6,0.8333333333333334,1.0,0.9090909090909091,0.2528179956475894,0.3112430622741964,0.37179125239451727,0.15020135611904503,0.3352334350347519,0.1933514035310023,0.3471406052509944,0.17105443986807534
natural,refit_per_N,tuned_per_N,UNSW-NB15,5000,7,143,full_test,QSVM_ZZ,0.7178477772485654,0.7448015352475343,0.7983849223930679,0.7209059658352431,1682,0.9875148632580262,1.0,0.9937182171702064,0.5762934504168324,0.9251410054679146,1.040730504019006,0.3238518781725187,1.1500740767679032,0.3179814021493725,1.1669885996679517,0.24883762258038633
natural,refit_per_N,tuned_per_N,UNSW-NB15,5000,7,143,full_test,QSVM_Z,0.6804336011651596,0.7192464655298062,0.7931698934175901,0.6910552965389284,1682,0.995243757431629,1.0,0.9976162097735399,0.6113006432551831,0.9964435117159702,1.1069864477405194,0.37572483682062036,1.1429714029453382,0.20873042918216161,1.1525613454314079,0.14681404917359353
natural,refit_per_N,tuned_per_N,UNSW-NB15,5000,7,143,full_test,SVM_Linear,0.5236003333254371,0.6259898945731914,0.7649884666697164,0.585065623949194,1682,0.9928656361474435,1.0,0.9964200477326969,0.4997357207687465,1.077968787088044,1.1076235383914494,0.43002627099926377,1.0342025294841855,0.24705941884475932,1.048757933219077,0.17527129240536632
natural,refit_per_N,tuned_per_N,UNSW-NB15,5000,7,143,full_test,SVM_Poly2,0.6334577841900999,0.6874605256765292,0.7765976470717135,0.6553278001817223,1682,0.995243757431629,1.0,0.9976162097735399,0.49952198646360896,1.0495099172288624,1.1020838434621234,0.3693297758129411,1.1311093040234412,0.20422680789931405,1.1407675671355284,0.1405923343743355
natural,refit_per_N,tuned_per_N,UNSW-NB15,5000,7,143,full_test,SVM_RBF,0.6414060062235951,0.6922703201671282,0.7770804786637286,0.6609250454902091,1682,0.995243757431629,1.0,0.9976162097735399,0.5796233305189799,1.038865587181912,1.1320552134240665,0.3655898073963835,1.2618277673950624,0.296595515964133,1.2713689986310028,0.25258480551933304
natural,refit_per_N,tuned_per_N,UNSW-NB15,5000,7,143,full_test,RandomForest,0.7507540287628678,0.7656804158771802,0.7897009611415786,0.7485816570121697,1682,0.9643281807372176,1.0,0.9818401937046005,0.25482651940738915,0.31074983128679606,0.368305321068693,0.16078931279952552,0.42385543378239166,0.15512367559245693,0.43271922884244457,0.12833881901503288
natural,refit_per_N,tuned_per_N,UNSW-NB15,5000,7,143,full_test,XGBoost,0.7219782703184747,0.7478015838313171,0.7994612132347793,0.7243779276497003,1682,0.9892984542211652,1.0,0.9946204423191871,0.24621191386591154,0.30711819886815717,0.3620587152972841,0.15445187367855442,0.4278743785853618,0.12934548886484332,0.4309127200372721,0.11883167527883474
natural,refit_per_N,tuned_per_N,UNSW-NB15,5000,8,143,fixed_300,QSVM_ZZ,0.7736276174306735,0.7866666666666666,0.8128408913822658,0.7703703703703704,6,0.8333333333333334,1.0,0.9090909090909091,0.6881030423975086,1.0104991522692066,1.1262634013220367,0.47552611341125106,0.7928165387559365,0.5301400078982547,0.9027465251196604,0.3076608578998687
natural,refit_per_N,tuned_per_N,UNSW-NB15,5000,8,143,fixed_300,QSVM_Z,0.6359223300970873,0.6866666666666666,0.765258574593232,0.6558922558922559,6,0.8333333333333334,1.0,0.9090909090909091,0.4894707201482465,0.9395184520069159,1.0083491499191712,0.32482071886072755,0.8694865108709351,0.6123218550804622,0.9188181953868808,0.5354605220010968
natural,refit_per_N,tuned_per_N,UNSW-NB15,5000,8,143,fixed_300,SVM_Linear,0.5560841365767311,0.6433333333333333,0.7728544776119404,0.6050505050505051,6,1.0,1.0,1.0,0.536573993576683,1.06259663246996,1.0704198152732336,0.5207923511244631,0.8709794019051357,0.2476859407467735,0.8709794019051357,0.2476859407467735
natural,refit_per_N,tuned_per_N,UNSW-NB15,5000,8,143,fixed_300,SVM_Poly2,0.6457108397406905,0.6866666666666666,0.7375929274663451,0.6592592592592592,6,0.6666666666666666,1.0,0.8,0.5387042068964821,0.9807098367669975,1.0052419162949755,0.4914088889948207,0.5814901833046024,0.9871445200485868,1.0237051312746228,0.5144054246832762
natural,refit_per_N,tuned_per_N,UNSW-NB15,5000,8,143,fixed_300,SVM_RBF,0.6456996148908858,0.6933333333333334,0.7699443413729128,0.6632996632996633,6,0.8333333333333334,1.0,0.9090909090909091,0.7108755551687511,1.3569308158141062,1.2279988523091292,0.9157642232419209,1.3837993070141525,1.2434926771864814,1.4788198499625036,1.1288340939509798
natural,refit_per_N,tuned_per_N,UNSW-NB15,5000,8,143,fixed_300,RandomForest,0.7902222222222222,0.8033333333333333,0.8373015873015873,0.7861952861952861,6,1.0,1.0,1.0,0.2735692942414776,0.3015709576703796,0.37513855538964136,0.15829171021308427,0.33317606606336075,0.19819765318973334,0.33317606606336075,0.19819765318973334
natural,refit_per_N,tuned_per_N,UNSW-NB15,5000,8,143,fixed_300,XGBoost,0.7980418325046357,0.81,0.8417642140468227,0.7936026936026936,6,1.0,1.0,1.0,0.2860863514741262,0.3203441012564265,0.40668337285518646,0.13811002118852303,0.4074231485525767,0.1214739834749702,0.4074231485525767,0.1214739834749702
natural,refit_per_N,tuned_per_N,UNSW-NB15,5000,8,143,full_test,QSVM_ZZ,0.7697831665297818,0.7832313073895933,0.8090314056469815,0.7666233851870048,1682,0.9637336504161712,1.0,0.981531940660006,0.7125439486070259,0.9653590271587599,1.1214445065615297,0.4266135824330563,1.0401592957296686,0.4171841492143943,1.092206404782729,0.2511157983882417
natural,refit_per_N,tuned_per_N,UNSW-NB15,5000,8,143,full_test,QSVM_Z,0.6714231835020629,0.7129913035028907,0.7901337381705587,0.6840014535403665,1682,0.9881093935790726,1.0,0.9940191387559809,0.5186848581315033,0.9098857558121105,1.001409102630311,0.3067668167416885,1.2305666467745682,0.3635308058102843,1.242386688178145,0.3208180730021617
natural,refit_per_N,tuned_per_N,UNSW-NB15,5000,8,143,full_test,SVM_Linear,0.5540089110195637,0.6429699266384881,0.7760910507837855,0.6039575158410859,1682,0.9928656361474435,1.0,0.9964200477326969,0.5417699806488459,1.0449115427008546,1.059134730419975,0.5134086742741475,1.002872159557524,0.2974931048213844,1.0187770876664406,0.2373772556032381
natural,refit_per_N,tuned_per_N,UNSW-NB15,5000,8,143,full_test,SVM_Poly2,0.6714992932745275,0.7011611524073265,0.7344279586626525,0.6776920330725149,1682,0.915576694411415,1.0,0.9559279950341403,0.5684915572749815,0.9343963895723899,0.9695290853595669,0.5062535097959249,1.1671994734958795,0.6059471152244008,1.2409824547916943,0.43530341633969755
natural,refit_per_N,tuned_per_N,UNSW-NB15,5000,8,143,full_test,SVM_RBF,0.6744995112506973,0.7140358548316572,0.7851024888024316,0.6857895275934189,1682,0.985731272294887,1.0,0.9928143712574851,0.7262200842955191,1.4109501118814467,1.1944381089681249,1.0447456307145333,2.077771178348181,1.0001271093189155,2.1028692329423757,0.9462178890262763
natural,refit_per_N,tuned_per_N,UNSW-NB15,5000,8,143,full_test,RandomForest,0.7676872196279535,0.781895253364427,0.8099613138102353,0.764699753887833,1682,0.9643281807372176,1.0,0.9818401937046005,0.2650999061242143,0.30275017434218043,0.369979663982709,0.15827405514022078,0.4265681837996298,0.15169149150710481,0.43580040182879287,0.12267328067524519
natural,refit_per_N,tuned_per_N,UNSW-NB15,5000,8,143,full_test,XGBoost,0.7708582927329084,0.784871010056843,0.813476323607964,0.7677075438625778,1682,0.9720570749108205,1.0,0.9858305697919807,0.27410393336550093,0.3271571518639461,0.40387212386182775,0.13802925729534496,0.4354597755688975,0.14499639834976627,0.44564964268777374,0.1097523013206477
natural,refit_per_N,tuned_per_N,UNSW-NB15,5000,9,143,fixed_300,QSVM_ZZ,0.654320987654321,0.6966666666666667,0.7604166666666667,0.6683501683501684,6,1.0,1.0,1.0,0.7202219296488205,1.2363422955549568,1.2552114799385208,0.6868085907701788,0.8637367052799446,0.39027324874871117,0.8637367052799446,0.39027324874871117
natural,refit_per_N,tuned_per_N,UNSW-NB15,5000,9,143,fixed_300,QSVM_Z,0.6456996148908858,0.6933333333333334,0.7699443413729128,0.6632996632996633,6,1.0,1.0,1.0,0.9758125707580588,1.5150709955790291,1.5041191067928545,0.9926107028815206,0.92261363051175,0.32342591996863596,0.92261363051175,0.32342591996863596
natural,refit_per_N,tuned_per_N,UNSW-NB15,5000,9,143,fixed_300,SVM_Linear,0.5102812303110144,0.62,0.7742897504316434,0.5784511784511784,6,1.0,1.0,1.0,0.32399244603693156,1.014823506920731,1.043670578989585,0.213517160526805,1.0583277341182296,0.09526949193782355,1.0583277341182296,0.09526949193782355
natural,refit_per_N,tuned_per_N,UNSW-NB15,5000,9,143,fixed_300,SVM_Poly2,0.6509209744503862,0.6866666666666666,0.725390551477508,0.6612794612794612,6,0.6666666666666666,1.0,0.8,0.5803396960172894,0.979854357501555,0.9903730538479972,0.5622009773204034,0.7339493693068068,0.7175777225295841,0.7893859364158669,0.6561015988133616
natural,refit_per_N,tuned_per_N,UNSW-NB15,5000,9,143,fixed_300,SVM_RBF,0.6505331609467607,0.6966666666666667,0.772248243559719,0.667003367003367,6,1.0,1.0,1.0,0.734382209278962,1.2469871327825814,1.225117253151991,0.7703128290896455,1.6481410078304217,1.3540684248770274,1.6481410078304217,1.3540684248770274
natural,refit_per_N,tuned_per_N,UNSW-NB15,5000,9,143,fixed_300,RandomForest,0.768888888888889,0.7833333333333333,0.8134920634920635,0.765993265993266,6,1.0,1.0,1.0,0.26500269898419687,0.2842735585833376,0.34902462328378137,0.17093770479375717,0.28395131794909095,0.21646333220249042,0.28395131794909095,0.21646333220249042
natural,refit_per_N,tuned_per_N,UNSW-NB15,5000,9,143,fixed_300,XGBoost,0.7591054542839679,0.7766666666666666,0.8158068783068784,0.7572390572390573,6,1.0,1.0,1.0,0.26574760019779203,0.3208162325308967,0.3935815918445587,0.13652242536413958,0.34496163328488666,0.15527518453378306,0.34496163328488666,0.15527518453378306
natural,refit_per_N,tuned_per_N,UNSW-NB15,5000,9,143,full_test,QSVM_ZZ,0.6960192055659058,0.7304328815041539,0.7993568051147989,0.7035881746919425,1682,0.9892984542211652,1.0,0.9946204423191871,0.7509937028356674,1.166299005368312,1.2255011814090397,0.6499167377341413,1.0935990998403058,0.31252917683785897,1.107176069831731,0.26037401548241856
natural,refit_per_N,tuned_per_N,UNSW-NB15,5000,9,143,full_test,QSVM_Z,0.6850511637243923,0.7223072438420055,0.7937135982376975,0.6946146961397116,1682,0.9910820451843044,1.0,0.9955210510600179,1.0253283499863348,1.5201370962843388,1.5076537694998755,1.043597205869342,1.1051474097442404,0.2679102761764758,1.1172874467208345,0.21164941470601223
natural,refit_per_N,tuned_per_N,UNSW-NB15,5000,9,143,full_test,SVM_Linear,0.52353437077128,0.6269008404994413,0.7733594814220094,0.5857636977399177,1682,0.995243757431629,1.0,0.9976162097735399,0.33421513833738103,1.008992833079174,1.0449171313164467,0.19471642093162234,1.0989056641168329,0.18247421674003955,1.1080821671571455,0.1142121238366231
natural,refit_per_N,tuned_per_N,UNSW-NB15,5000,9,143,full_test,SVM_Poly2,0.6981328040549328,0.7221372006024389,0.7528794159788164,0.7007765256211829,1682,0.9244946492271106,1.0,0.960766141489033,0.6017163076782721,0.9131477842475123,0.9342230757649219,0.5684440478274385,1.0790769700119924,0.5200302631964263,1.1066129779698197,0.4585262248107236
natural,refit_per_N,tuned_per_N,UNSW-NB15,5000,9,143,full_test,SVM_RBF,0.6839047728568022,0.7197080114657727,0.7834928589334904,0.6927436367365336,1682,0.985731272294887,1.0,0.9928143712574851,0.7243556104521699,1.140037033710477,1.1460738216849684,0.714765894453093,2.270131960345935,1.1119909922124451,2.283644991936274,1.0839689271146433
natural,refit_per_N,tuned_per_N,UNSW-NB15,5000,9,143,full_test,RandomForest,0.7657324851351701,0.778008550745761,0.7978442582002618,0.7626530533886926,1682,0.9637336504161712,1.0,0.981531940660006,0.26039674986454614,0.27726299197830323,0.3375299087490783,0.1753704500781661,0.3896523273300092,0.19375321033765633,0.4099315395224515,0.1460321047393125
natural,refit_per_N,tuned_per_N,UNSW-NB15,5000,9,143,full_test,XGBoost,0.7507811809649848,0.7687411941893796,0.8044990563531476,0.7492474560062578,1682,0.9684898929845422,1.0,0.9839927514346118,0.2603413479865359,0.31725362718586864,0.38476189708862324,0.14277872384497756,0.423948376662099,0.16390963347282375,0.4425121694980422,0.1038343578289978
natural,refit_per_N,tuned_per_N,UNSW-NB15,5000,10,143,fixed_300,QSVM_ZZ,0.6804471233975363,0.7166666666666667,0.7800582627118644,0.6898989898989899,6,1.0,1.0,1.0,0.5575848692419659,0.9804991311373298,1.0649775592012816,0.3716210852014727,1.0081861901001228,0.4892933347204107,1.0081861901001228,0.4892933347204107
natural,refit_per_N,tuned_per_N,UNSW-NB15,5000,10,143,fixed_300,QSVM_Z,0.6600934424768622,0.7033333333333334,0.7767882587631805,0.6744107744107743,6,1.0,1.0,1.0,0.638834984144284,1.079209817937487,1.1520028995179556,0.4956745783288814,0.9850418850421304,0.23944361656747398,0.9850418850421304,0.23944361656747398
natural,refit_per_N,tuned_per_N,UNSW-NB15,5000,10,143,fixed_300,SVM_Linear,0.5079792923458691,0.6166666666666667,0.7536231884057971,0.5754208754208754,6,1.0,1.0,1.0,0.51035092162269,1.0830172999512246,1.0926379172047973,0.48941487214952145,0.8640293015814965,0.1836572326256964,0.8640293015814965,0.1836572326256964
natural,refit_per_N,tuned_per_N,UNSW-NB15,5000,10,143,fixed_300,SVM_Poly2,0.6955551045260808,0.7166666666666667,0.738806781134536,0.6973063973063973,6,0.6666666666666666,1.0,0.8,0.5429464771379717,0.9182522808825587,0.9383616434192489,0.5074007829537533,0.5867005061447502,0.7193804628844067,0.7738185947058039,0.5127675075293131
natural,refit_per_N,tuned_per_N,UNSW-NB15,5000,10,143,fixed_300,SVM_RBF,0.6583481877599524,0.6933333333333334,0.7348014304536044,0.6680134680134681,6,0.6666666666666666,1.0,0.8,0.5166211164248813,0.905148516591738,0.969697221925954,0.38194045715713537,0.539370571369497,0.6929939018802647,0.7760709521794062,0.41094408194551413
natural,refit_per_N,tuned_per_N,UNSW-NB15,5000,10,143,fixed_300,RandomForest,0.751549855662297,0.7666666666666667,0.7922077922077921,0.7494949494949494,6,0.8333333333333334,1.0,0.9090909090909091,0.2656602675758775,0.2996371296623556,0.36776106889269694,0.15846003738382497,0.34648651872587727,0.22896842176060478,0.3955464518108737,0.1265798178310749
natural,refit_per_N,tuned_per_N,UNSW-NB15,5000,10,143,fixed_300,XGBoost,0.7216117216117216,0.7466666666666667,0.7955555555555556,0.7239057239057239,6,0.8333333333333334,1.0,0.9090909090909091,0.2546179603536924,0.30698245215014014,0.3681274625658989,0.15346238290727884,0.3209678878386815,0.22958090184896013,0.36896340548992157,0.1399777872617153
natural,refit_per_N,tuned_per_N,UNSW-NB15,5000,10,143,full_test,QSVM_ZZ,0.694241676264909,0.7270684545498712,0.7872217438772677,0.7010893038984454,1682,0.9863258026159334,1.0,0.9931158335827597,0.5837456611117323,0.9510123040306632,1.0490297539144235,0.38042078634944215,1.168347107635002,0.3421586970187585,1.1838846486638699,0.28376870250729774
natural,refit_per_N,tuned_per_N,UNSW-NB15,5000,10,143,full_test,QSVM_Z,0.682061154184828,0.718396249331973,0.7827686030587087,0.6912643070583158,1682,0.9815695600475625,1.0,0.9906990699069907,0.6778764694857901,1.0856747880393065,1.1736209827242103,0.5107054358200733,1.0869819530734661,0.29411141081621145,1.1065950813582868,0.2085152612960406
natural,refit_per_N,tuned_per_N,UNSW-NB15,5000,10,143,full_test,SVM_Linear,0.5236003333254371,0.6259898945731914,0.7649884666697164,0.585065623949194,1682,0.9928656361474435,1.0,0.9964200477326969,0.5178225988361509,1.0667219700740218,1.0856584398867142,0.4768456324711107,0.9795931851741155,0.24792715138837337,0.9947572525836741,0.17756319795301778
natural,refit_per_N,tuned_per_N,UNSW-NB15,5000,10,143,full_test,SVM_Poly2,0.7246627466622225,0.7380848272846524,0.7498031887282388,0.7231470460577933,1682,0.8858501783590963,1.0,0.9394703656998739,0.6098795301786015,0.921995939493033,0.9353455076657494,0.5892014384419084,0.9705819851154965,0.5379443586998377,1.0432177758721506,0.37829908140528257
natural,refit_per_N,tuned_per_N,UNSW-NB15,5000,10,143,full_test,SVM_RBF,0.7000884435831808,0.726874119418938,0.7677570248423777,0.7038387178319235,1682,0.9488703923900119,1.0,0.9737644905430141,0.5677718912187589,0.8627488175181042,0.9494503866488487,0.406502651749487,1.0049511906426003,0.4011970732912347,1.0340334269031808,0.31884300092411727
natural,refit_per_N,tuned_per_N,UNSW-NB15,5000,10,143,full_test,RandomForest,0.7493548656858442,0.7637735024048973,0.7855250252278612,0.747153009269748,1682,0.9589774078478003,1.0,0.9790591805766312,0.2504198137390304,0.29926564873234895,0.3528474995856113,0.16663929206662628,0.41564547582904315,0.16440669434788013,0.4268673604388449,0.13257065782262015
natural,refit_per_N,tuned_per_N,UNSW-NB15,5000,10,143,full_test,XGBoost,0.7332711970199102,0.7545911674682991,0.794591040658748,0.7334917938762905,1682,0.974435196195006,1.0,0.9870520927431496,0.24656009545063523,0.3085531483043572,0.3635296011293374,0.15441228934220827,0.43045309790178654,0.13735636245256316,0.4361889239192434,0.11788071279737587
natural,refit_per_N,tuned_per_N,UNSW-NB15,10000,1,286,fixed_300,QSVM_ZZ,0.7014774974493331,0.7366666666666667,0.8161425860666848,0.7094276094276094,6,1.0,1.0,1.0,0.794137219868486,1.2262350691630781,1.257826799155661,0.7430868806214057,1.1464510846825207,0.2960719152400361,1.1464510846825207,0.2960719152400361
natural,refit_per_N,tuned_per_N,UNSW-NB15,10000,1,286,fixed_300,QSVM_Z,0.6658943406853646,0.71,0.7942037470725996,0.6804713804713804,6,1.0,1.0,1.0,0.6368206680500313,1.1070795612648325,1.131627500537145,0.5921021180962587,1.0218748044384431,0.2420854614192276,1.0218748044384431,0.2420854614192276
natural,refit_per_N,tuned_per_N,UNSW-NB15,10000,1,286,fixed_300,SVM_Linear,0.5079792923458691,0.6166666666666667,0.7536231884057971,0.5754208754208754,6,1.0,1.0,1.0,0.5038030721420474,1.068342879976627,1.0863765449938985,0.46363784054328344,0.8978565110604851,0.25020854756698463,0.8978565110604851,0.25020854756698463
natural,refit_per_N,tuned_per_N,UNSW-NB15,10000,1,286,fixed_300,SVM_Poly2,0.6485747754783289,0.69,0.7449850908105178,0.6622895622895624,6,1.0,1.0,1.0,0.7568035695370335,1.2204880344159275,1.2126227398451601,0.7693430807038343,1.0490251616676236,0.6708670033589994,1.0490251616676236,0.6708670033589994
natural,refit_per_N,tuned_per_N,UNSW-NB15,10000,1,286,fixed_300,SVM_RBF,0.6821250800847667,0.7133333333333334,0.7587797527523218,0.6888888888888889,6,0.8333333333333334,1.0,0.9090909090909091,0.636950215760224,0.9854407900482226,1.0573882591335726,0.5086543005758755,1.267813088876908,0.8755605760989608,1.3313210093809789,0.7755905625567925
natural,refit_per_N,tuned_per_N,UNSW-NB15,10000,1,286,fixed_300,RandomForest,0.7711997711997711,0.7866666666666666,0.8225675894447142,0.7683501683501683,6,0.8333333333333334,1.0,0.9090909090909091,0.27830261963851366,0.2874411905775956,0.36342491606535626,0.16732338904413083,0.28634853277341427,0.22046915751314916,0.2962233507426132,0.20701173423471356
natural,refit_per_N,tuned_per_N,UNSW-NB15,10000,1,286,fixed_300,XGBoost,0.7435897435897436,0.7666666666666667,0.8222222222222222,0.7441077441077442,6,1.0,1.0,1.0,0.26802389363447826,0.3170004681359621,0.3906468733151754,0.14043192203513613,0.38138347864151,0.12441626136187033,0.38138347864151,0.12441626136187033
natural,refit_per_N,tuned_per_N,UNSW-NB15,10000,1,286,full_test,QSVM_ZZ,0.7047435471911907,0.7375139678375359,0.8069373311317942,0.7110815675818765,1682,0.9940546967895363,1.0,0.9970184853905785,0.8181295911763498,1.2559209621493361,1.291368170682882,0.7609479212611348,1.160044657027663,0.3644602298764468,1.1704554582016096,0.32949792992685284
natural,refit_per_N,tuned_per_N,UNSW-NB15,10000,1,286,full_test,QSVM_Z,0.684432836620725,0.7238983627265219,0.8054237983543776,0.6952300099446487,1682,0.9940546967895363,1.0,0.9970184853905785,0.6229834766598783,1.0822119010641005,1.1015504340782176,0.5881136388301957,1.1309223318626989,0.26284911143686934,1.1412628608375124,0.21352765292086387
natural,refit_per_N,tuned_per_N,UNSW-NB15,10000,1,286,full_test,SVM_Linear,0.5236003333254371,0.6259898945731914,0.7649884666697164,0.585065623949194,1682,0.9928656361474435,1.0,0.9964200477326969,0.5119282783403475,1.0532877257485396,1.079587079091854,0.45384725848567364,1.041639245338561,0.2761127532502786,1.056861614787514,0.21046162863017182
natural,refit_per_N,tuned_per_N,UNSW-NB15,10000,1,286,full_test,SVM_Poly2,0.674134481927319,0.7070883739007919,0.7521463932823516,0.6818897825293748,1682,0.9470868014268727,1.0,0.972824427480916,0.7579962959175905,1.1545144693438743,1.1601353187133119,0.7493651225024534,1.2412275847862164,0.5490201835049975,1.2696522750776795,0.4796375501565291
natural,refit_per_N,tuned_per_N,UNSW-NB15,10000,1,286,full_test,SVM_RBF,0.7035072603828484,0.7308336977117038,0.7758528140298825,0.7073549309478896,1682,0.9655172413793104,1.0,0.9824561403508771,0.6152412391167738,0.9449319420387363,1.017124189201481,0.48669964160277607,1.636555048209458,0.7451993418723051,1.6632823271736816,0.6834664476464661
natural,refit_per_N,tuned_per_N,UNSW-NB15,10000,1,286,full_test,RandomForest,0.7539246907501629,0.7688505077005295,0.7940929379218227,0.7516243474569602,1682,0.9661117717003567,1.0,0.9827638342908981,0.25931823812721033,0.29617213966689737,0.35528215949913705,0.16952425219389256,0.41253981046247956,0.16098157837859067,0.41975956699112904,0.14108887168412945
natural,refit_per_N,tuned_per_N,UNSW-NB15,10000,1,286,full_test,XGBoost,0.7462374236512684,0.7645994267113637,0.7996713200056388,0.7450069469451804,1682,0.9780023781212842,1.0,0.9888788698527202,0.25638378503147924,0.31672048242330836,0.3783021267341153,0.15143318699005942,0.4239793961843327,0.1446095663049005,0.43108373095461927,0.12180834110178253
natural,refit_per_N,tuned_per_N,UNSW-NB15,10000,2,286,fixed_300,QSVM_ZZ,0.7030037970400631,0.7366666666666667,0.8098516949152542,0.7101010101010101,6,1.0,1.0,1.0,0.7888885448732015,1.2072153050548482,1.2594057423602876,0.7025746260012246,1.2433832281515689,0.369349872635519,1.2433832281515689,0.369349872635519
natural,refit_per_N,tuned_per_N,UNSW-NB15,10000,2,286,fixed_300,QSVM_Z,0.6830084912986467,0.7233333333333334,0.8088486748361357,0.6946127946127946,6,1.0,1.0,1.0,1.678275760771256,2.6989277542737127,2.1699511554365034,2.322096581755605,1.0128766362449682,0.15265038431421568,1.0128766362449682,0.15265038431421568
natural,refit_per_N,tuned_per_N,UNSW-NB15,10000,2,286,fixed_300,SVM_Linear,0.7536945812807883,0.76,0.7616645649432534,0.7515151515151515,6,0.5,1.0,0.6666666666666666,1.2395950055546343,1.7340442920883379,1.6867029349461657,1.3032799369146022,0.26663527079704713,0.9091059001987669,0.9081678561369609,0.2698129916976225
natural,refit_per_N,tuned_per_N,UNSW-NB15,10000,2,286,fixed_300,SVM_Poly2,0.6553308823529411,0.7,0.774528914879792,0.6707070707070707,6,1.0,1.0,1.0,0.6345343155192829,1.0569578087686795,1.0867202377675549,0.5820934048029085,1.0513149845459342,0.42248799961617967,1.0513149845459342,0.42248799961617967
natural,refit_per_N,tuned_per_N,UNSW-NB15,10000,2,286,fixed_300,SVM_RBF,0.6505331609467607,0.6966666666666667,0.772248243559719,0.667003367003367,6,1.0,1.0,1.0,0.6263719339973236,0.9745694458276588,1.060081623248705,0.46728402122346147,0.9627269039890155,0.48201548853309784,0.9627269039890155,0.48201548853309784
natural,refit_per_N,tuned_per_N,UNSW-NB15,10000,2,286,fixed_300,RandomForest,0.7602820211515864,0.7733333333333333,0.7946084724005135,0.7575757575757576,6,0.6666666666666666,1.0,0.8,0.2663731162453599,0.31875320086254205,0.3864838074912755,0.15227772872428458,0.262,0.2610415037243439,0.31933333333333336,0.18658212371202362
natural,refit_per_N,tuned_per_N,UNSW-NB15,10000,2,286,fixed_300,XGBoost,0.7344497607655502,0.7533333333333333,0.7852257181942544,0.734006734006734,6,0.6666666666666666,1.0,0.8,0.2603178925315539,0.32389250856614926,0.3884501062830289,0.1475746496050262,0.23351885378360748,0.31080483008735893,0.35345302522182465,0.161869257240472
natural,refit_per_N,tuned_per_N,UNSW-NB15,10000,2,286,full_test,QSVM_ZZ,0.710570208498214,0.741740756935335,0.8088253521620495,0.715861267382268,1682,0.9916765755053508,1.0,0.9958208955223881,0.7458936887134353,1.160508106651033,1.2194136140155474,0.6451099893962594,1.5282950099385408,0.5786932601915478,1.540654349275325,0.544936420927425
natural,refit_per_N,tuned_per_N,UNSW-NB15,10000,2,286,full_test,QSVM_Z,0.6920515411667427,0.7284409464120877,0.8028971118658002,0.7008304950145593,1682,0.995243757431629,1.0,0.9976162097735399,1.7568180730429066,2.757964951389534,2.240072890368972,2.3821951768688607,1.0497771010916346,0.19128225104120095,1.059853672703628,0.12381863347806502
natural,refit_per_N,tuned_per_N,UNSW-NB15,10000,2,286,full_test,SVM_Linear,0.7591917276786564,0.763396978088714,0.7621166945577109,0.7577844157578562,1682,0.8186682520808561,1.0,0.900294213795358,1.2303812543663997,1.7138728305099526,1.6654601681591656,1.2951604296501942,0.8400515088763312,0.7797216672922775,1.1110785782121266,0.28134819894317525
natural,refit_per_N,tuned_per_N,UNSW-NB15,10000,2,286,full_test,SVM_Poly2,0.6740476698615792,0.7137079142982072,0.7848661904497625,0.6854271465058988,1682,0.9922711058263971,1.0,0.9961205610265592,0.6579762019307734,1.0372262083181896,1.0830518705159644,0.5794562410581534,1.1485959782243833,0.3800650887775123,1.1592429643148547,0.34623394199181995
natural,refit_per_N,tuned_per_N,UNSW-NB15,10000,2,286,full_test,SVM_RBF,0.6847010941628797,0.7198416168682894,0.781518865365264,0.6931555657837313,1682,0.9821640903686087,1.0,0.991001799640072,0.6452653231406872,0.9652567040630968,1.0596372594645358,0.474612178879869,1.1923203176268666,0.4110980290762868,1.2051943933117386,0.3716662530634039
natural,refit_per_N,tuned_per_N,UNSW-NB15,10000,2,286,full_test,RandomForest,0.7527074780582103,0.7693849293105961,0.8008342463034053,0.7507932538556381,1682,0.974435196195006,1.0,0.9870520927431496,0.2585083929702456,0.3165091025200304,0.37830385717669335,0.15456646744792366,0.43117305561478814,0.14112490697984728,0.43779206821291905,0.11901490775578745
natural,refit_per_N,tuned_per_N,UNSW-NB15,10000,2,286,full_test,XGBoost,0.7428888689894059,0.761854442986931,0.7976343568560698,0.7419677955551952,1682,0.9696789536266349,1.0,0.9846060971928765,0.2560366040481826,0.31699468125464275,0.3788611448047715,0.15001534426010002,0.42571317003187187,0.1431099096361969,0.43195937899928033,0.12297660049465506
natural,refit_per_N,tuned_per_N,UNSW-NB15,10000,3,286,fixed_300,QSVM_ZZ,0.7197656221567129,0.7433333333333333,0.784996534996535,0.7215488215488215,6,0.6666666666666666,1.0,0.8,0.7244289662264684,1.1019201231825955,1.1899858763424365,0.5682947290695376,0.6696198441247225,0.7762756832972292,0.923746173708288,0.44462082574199685
natural,refit_per_N,tuned_per_N,UNSW-NB15,10000,3,286,fixed_300,QSVM_Z,0.6505331609467607,0.6966666666666667,0.772248243559719,0.667003367003367,6,1.0,1.0,1.0,0.6458548766990949,1.0812450269808378,1.195711169945701,0.39559338744963707,1.2202233679619174,0.2970754050155159,1.2202233679619174,0.2970754050155159
natural,refit_per_N,tuned_per_N,UNSW-NB15,10000,3,286,fixed_300,SVM_Linear,0.5079792923458691,0.6166666666666667,0.7536231884057971,0.5754208754208754,6,1.0,1.0,1.0,0.5026111511079806,1.051923428493168,1.0708406152159209,0.46093518572018166,0.9014433702824237,0.2588244298203553,0.9014433702824237,0.2588244298203553
natural,refit_per_N,tuned_per_N,UNSW-NB15,10000,3,286,fixed_300,SVM_Poly2,0.6315289648622981,0.6766666666666666,0.7291666666666667,0.6481481481481481,6,0.6666666666666666,1.0,0.8,0.5166018828831159,0.9626620194507909,0.9860898418940846,0.4703429523281442,0.6619684297018934,0.7818225148513547,0.9039595449261411,0.4819811072930261
natural,refit_per_N,tuned_per_N,UNSW-NB15,10000,3,286,fixed_300,SVM_RBF,0.6505331609467607,0.6966666666666667,0.772248243559719,0.667003367003367,6,1.0,1.0,1.0,0.6362654940346576,1.2107559068999196,1.1645027698969608,0.7174238244542198,1.4369775392745414,0.8381944637968995,1.4369775392745414,0.8381944637968995
natural,refit_per_N,tuned_per_N,UNSW-NB15,10000,3,286,fixed_300,RandomForest,0.7550314616456122,0.7733333333333333,0.8135583809893954,0.7535353535353535,6,1.0,1.0,1.0,0.26737198890795516,0.3178098074292902,0.3851387467452948,0.15543165670577502,0.3416666666666666,0.185236485486946,0.3416666666666666,0.185236485486946
natural,refit_per_N,tuned_per_N,UNSW-NB15,10000,3,286,fixed_300,XGBoost,0.7416020671834624,0.7633333333333333,0.810984060984061,0.7417508417508417,6,1.0,1.0,1.0,0.270929530163606,0.3205645999804588,0.39519626468420027,0.14136613970452513,0.38392828901608783,0.11925941204289041,0.38392828901608783,0.11925941204289041
natural,refit_per_N,tuned_per_N,UNSW-NB15,10000,3,286,full_test,QSVM_ZZ,0.729569153205194,0.7521255404945829,0.7949675265287411,0.7303784678086717,1682,0.974435196195006,1.0,0.9870520927431496,0.7353026332344352,1.0720398060508816,1.16698593765894,0.5727854131395027,1.1232152086403115,0.41024070832784626,1.1487529795692595,0.3320789599191437
natural,refit_per_N,tuned_per_N,UNSW-NB15,10000,3,286,full_test,QSVM_Z,0.6747521363047464,0.7156269737161736,0.7931821516823143,0.6867848593321106,1682,0.9910820451843044,1.0,0.9955210510600179,0.6629410353974443,1.05748925683498,1.1809255461808945,0.4039668292231305,1.307052294288107,0.3438524270716495,1.3188948207124984,0.29518916562877795
natural,refit_per_N,tuned_per_N,UNSW-NB15,10000,3,286,full_test,SVM_Linear,0.5236003333254371,0.6259898945731914,0.7649884666697164,0.585065623949194,1682,0.9928656361474435,1.0,0.9964200477326969,0.5082870373539802,1.0383436385917224,1.0646290544123493,0.45064198722162047,1.0437999749080291,0.28545596358841674,1.0581708575831972,0.2264463091503921
natural,refit_per_N,tuned_per_N,UNSW-NB15,10000,3,286,full_test,SVM_Poly2,0.6669365883461599,0.7005052713404266,0.7426137297748113,0.6752932049670777,1682,0.9286563614744352,1.0,0.9630086313193588,0.5487222890600302,0.9090649424058139,0.955017787422888,0.4641511022592284,1.0629324097840127,0.5019251772976314,1.122251591128936,0.3497221148041382
natural,refit_per_N,tuned_per_N,UNSW-NB15,10000,3,286,full_test,SVM_RBF,0.6718105596159898,0.7128941359374241,0.7881909518519528,0.6840945313971873,1682,0.9934601664684899,1.0,0.9967193558007754,0.6348201610411993,1.1519793652038588,1.1165653897480765,0.695222860050348,1.8461219529822477,0.783886488110371,1.8605006814022282,0.7491204883240365
natural,refit_per_N,tuned_per_N,UNSW-NB15,10000,3,286,full_test,RandomForest,0.7564057249694957,0.7727493562648787,0.8045818458288765,0.7542607978136082,1682,0.9780023781212842,1.0,0.9888788698527202,0.2627611000585475,0.3155283290222321,0.3816506693700017,0.15147372276724985,0.44279425285587376,0.13019953309733603,0.44841815944057645,0.10926949741296323
natural,refit_per_N,tuned_per_N,UNSW-NB15,10000,3,286,full_test,XGBoost,0.7410233708939613,0.7615143565077978,0.8025777702258186,0.7406331628990678,1682,0.9839476813317479,1.0,0.9919089002097693,0.2592649388037032,0.3182529590390582,0.3837470914005671,0.14574437989716515,0.43734826711000924,0.1256105547639721,0.44189029196709145,0.1085563820209549
natural,refit_per_N,tuned_per_N,UNSW-NB15,10000,4,286,fixed_300,QSVM_ZZ,0.7886794254945737,0.8033333333333333,0.8447620082590741,0.7848484848484849,6,1.0,1.0,1.0,0.7332468275276716,1.000359753539611,1.1559641906606328,0.4495746172678508,1.1061292248560572,0.09619290470748341,1.1061292248560572,0.09619290470748341
natural,refit_per_N,tuned_per_N,UNSW-NB15,10000,4,286,fixed_300,QSVM_Z,0.6465150004531859,0.6966666666666667,0.7861352357320099,0.6656565656565656,6,1.0,1.0,1.0,0.5277480450513281,0.9791634885071864,1.0749653103891443,0.2858823494744509,1.0137955286505176,0.3305059849560437,1.0137955286505176,0.3305059849560437
natural,refit_per_N,tuned_per_N,UNSW-NB15,10000,4,286,fixed_300,SVM_Linear,0.5079792923458691,0.6166666666666667,0.7536231884057971,0.5754208754208754,6,1.0,1.0,1.0,0.5082458240762044,1.0590343722574231,1.07174409252561,0.48086611385086286,0.9057163132894339,0.21690829501820863,0.9057163132894339,0.21690829501820863
natural,refit_per_N,tuned_per_N,UNSW-NB15,10000,4,286,fixed_300,SVM_Poly2,0.5873015873015873,0.6533333333333333,0.7320261437908497,0.6195286195286195,6,0.6666666666666666,1.0,0.8,0.4093392550853317,0.9437957920899539,0.9695913326815946,0.3438048436384322,0.5235288910583095,0.6795751820729721,0.7189825710492709,0.4679412253580961
natural,refit_per_N,tuned_per_N,UNSW-NB15,10000,4,286,fixed_300,SVM_RBF,0.6600934424768622,0.7033333333333334,0.7767882587631805,0.6744107744107743,6,0.8333333333333334,1.0,0.9090909090909091,0.5600223369138856,1.0349071997610721,1.0347344621679284,0.5603414340933939,0.863987813309934,0.8294646630521055,0.9676743726675922,0.7057569534071957
natural,refit_per_N,tuned_per_N,UNSW-NB15,10000,4,286,fixed_300,RandomForest,0.7916642145034664,0.8033333333333333,0.8307684362734973,0.7875420875420875,6,0.8333333333333334,1.0,0.9090909090909091,0.28301254751807464,0.2887906769072666,0.3736246333512551,0.15459880489307762,0.34362915466812316,0.18132890159199577,0.35627168464844106,0.15502146047644608
natural,refit_per_N,tuned_per_N,UNSW-NB15,10000,4,286,fixed_300,XGBoost,0.777511961722488,0.7933333333333333,0.8344733242134064,0.7744107744107744,6,1.0,1.0,1.0,0.2736075022816658,0.3039013681627972,0.38448014905055367,0.1392555990332017,0.39400749405225116,0.12407112638944993,0.39400749405225116,0.12407112638944993
natural,refit_per_N,tuned_per_N,UNSW-NB15,10000,4,286,full_test,QSVM_ZZ,0.7754263440062926,0.7890735072632755,0.8180819020219932,0.7720330069326363,1682,0.9678953626634959,1.0,0.9836858006042296,0.7290511122632687,0.9738499683174046,1.1381425119439792,0.4295706083869896,1.0630599607118745,0.41009775954125033,1.1117808464667112,0.24943937515807113
natural,refit_per_N,tuned_per_N,UNSW-NB15,10000,4,286,full_test,QSVM_Z,0.671783215782322,0.7144852548219405,0.7975564480809137,0.6849979633741214,1682,0.9934601664684899,1.0,0.9967193558007754,0.5554507597374624,0.9479623832665975,1.0563466791940437,0.3021422180648168,1.174435741861264,0.2851177520384525,1.1848929374115773,0.23794993414758944
natural,refit_per_N,tuned_per_N,UNSW-NB15,10000,4,286,full_test,SVM_Linear,0.5236003333254371,0.6259898945731914,0.7649884666697164,0.585065623949194,1682,0.9928656361474435,1.0,0.9964200477326969,0.5159819453447583,1.0419018316462614,1.0629198986109405,0.4711667261665489,1.0164060648534043,0.2783193058256709,1.0311566753866455,0.21739097375840274
natural,refit_per_N,tuned_per_N,UNSW-NB15,10000,4,286,full_test,SVM_Poly2,0.6177891547544662,0.6722659476266822,0.7431264942415308,0.6406205377264673,1682,0.9607609988109393,1.0,0.9799878714372346,0.4422679294252927,0.9114054405127157,0.9429836680138138,0.37019265288971664,1.0011905023264949,0.37378252905400994,1.0392684823940093,0.2490317700158823
natural,refit_per_N,tuned_per_N,UNSW-NB15,10000,4,286,full_test,SVM_RBF,0.6776784493715488,0.7149710926492737,0.7793485299866412,0.687590104001469,1682,0.9803804994054697,1.0,0.9900930651456019,0.5664167467261766,1.01696675909359,1.0097972693448833,0.5791017137747073,1.3989259912103449,0.5612511742630694,1.4199671401434042,0.5056581161303375
natural,refit_per_N,tuned_per_N,UNSW-NB15,10000,4,286,full_test,RandomForest,0.7878170635294562,0.7999441286498566,0.8273867716383894,0.7837773889216137,1682,0.964922711058264,1.0,0.9821482602118004,0.2759203326599954,0.2920965437419258,0.3701041159102707,0.15644604254329422,0.4218056124372271,0.15287237419211488,0.4315307292240923,0.12276468225838139
natural,refit_per_N,tuned_per_N,UNSW-NB15,10000,4,286,full_test,XGBoost,0.777290377749075,0.7919399504445416,0.8264506793460002,0.7739107616837697,1682,0.9738406658739596,1.0,0.9867469879518073,0.2703604222720232,0.30152524578666245,0.37931204808896096,0.14189644799067958,0.4268807080816854,0.13655175202143133,0.43545322765138855,0.10608490203809194
natural,refit_per_N,tuned_per_N,UNSW-NB15,10000,5,286,fixed_300,QSVM_ZZ,0.7736276174306735,0.7866666666666666,0.8128408913822658,0.7703703703703704,6,1.0,1.0,1.0,0.6361414847630307,0.9256192031431422,1.073576942587043,0.32996885642332296,1.1246095734042523,0.3406480120741858,1.1246095734042523,0.3406480120741858
natural,refit_per_N,tuned_per_N,UNSW-NB15,10000,5,286,fixed_300,QSVM_Z,0.6485536631522033,0.6966666666666667,0.778906955736224,0.6663299663299663,6,1.0,1.0,1.0,0.5313374088294313,0.9530974624284181,1.0365222697516903,0.3410803412949333,0.9769126903846351,0.5521294448249149,0.9769126903846351,0.5521294448249149
natural,refit_per_N,tuned_per_N,UNSW-NB15,10000,5,286,fixed_300,SVM_Linear,0.7531428571428571,0.76,0.762632197414806,0.7508417508417509,6,0.5,1.0,0.6666666666666666,0.9148150766634986,1.3751017423224734,1.2602466460513402,1.0675063547096535,0.5379475972784186,0.6021153118834016,0.6011592876964124,0.5390157484140995
natural,refit_per_N,tuned_per_N,UNSW-NB15,10000,5,286,fixed_300,SVM_Poly2,0.6985645933014354,0.72,0.7441860465116279,0.7003367003367003,6,0.5,1.0,0.6666666666666666,0.5437997756346019,0.9123322466312238,0.9377269686342525,0.4987348559299172,0.4084043089621832,0.8657373881293582,0.8639675174736561,0.412135212684295
natural,refit_per_N,tuned_per_N,UNSW-NB15,10000,5,286,fixed_300,SVM_RBF,0.7569444444444444,0.7666666666666667,0.7765567765567766,0.7542087542087542,6,0.5,1.0,0.6666666666666666,0.610586061468198,0.8864519455401044,1.0228182564445794,0.3353434127797252,0.2510483474302948,1.172778742506005,1.17049070939857,0.26150860565778966
natural,refit_per_N,tuned_per_N,UNSW-NB15,10000,5,286,fixed_300,RandomForest,0.7814336075205641,0.7933333333333333,0.8177150192554556,0.7777777777777778,6,0.8333333333333334,1.0,0.9090909090909091,0.27628818773457764,0.318671570862964,0.39786412344621314,0.13996739631893856,0.28400000000000003,0.2726169473822198,0.3706666666666667,0.1325979721648194
natural,refit_per_N,tuned_per_N,UNSW-NB15,10000,5,286,fixed_300,XGBoost,0.7853095414071023,0.7966666666666666,0.8201593137254901,0.7814814814814814,6,0.8333333333333334,1.0,0.9090909090909091,0.28441507230202356,0.31776317523072173,0.405372551381588,0.13243286401666876,0.3318069676558177,0.21421818916118196,0.364441841840744,0.15220854203418052
natural,refit_per_N,tuned_per_N,UNSW-NB15,10000,5,286,full_test,QSVM_ZZ,0.7730737780073709,0.7863163775931594,0.8125906205136268,0.7697527967833713,1682,0.9619500594530321,1.0,0.9806060606060606,0.6534742823567491,0.9041536500822717,1.0602143184529775,0.34708508986421716,1.0887415082848584,0.4227657975767849,1.1359541467550438,0.27147222313368197
natural,refit_per_N,tuned_per_N,UNSW-NB15,10000,5,286,full_test,QSVM_Z,0.6748945770511703,0.7155055142593403,0.7919600091694473,0.686771429286871,1682,0.9898929845422116,1.0,0.9949208246190618,0.5534794503053707,0.9243562019115913,1.0244498173711731,0.3335812668764961,1.2553963030468065,0.3914634148929339,1.2673110468755682,0.35097890730124726
natural,refit_per_N,tuned_per_N,UNSW-NB15,10000,5,286,full_test,SVM_Linear,0.7559214314320574,0.7604333673419812,0.7593540186566007,0.7544001862534908,1682,0.8186682520808561,1.0,0.900294213795358,0.914461394495401,1.3519084423640815,1.2310872609700183,1.0715970485378767,0.9061728715374842,0.5500674762428819,0.972794730653208,0.42118156838121007
natural,refit_per_N,tuned_per_N,UNSW-NB15,10000,5,286,full_test,SVM_Poly2,0.7047181259308302,0.7220886168197056,0.7376921431762726,0.7047610935297779,1682,0.8810939357907254,1.0,0.9367888748419722,0.5559357584658037,0.8729377167034053,0.901301439127833,0.5086654505767028,0.9573598655676778,0.5604178387714671,1.0487999323156663,0.3614204866740374
natural,refit_per_N,tuned_per_N,UNSW-NB15,10000,5,286,full_test,SVM_RBF,0.7566732620775041,0.7638585240246806,0.7673058252607359,0.7541922453204108,1682,0.8519619500594531,1.0,0.9200642054574639,0.620246614119606,0.852873924340951,0.9967132760659445,0.344474147740381,1.014088937821611,0.7512363362582668,1.2169471489867296,0.3343232616794369
natural,refit_per_N,tuned_per_N,UNSW-NB15,10000,5,286,full_test,RandomForest,0.7771978476753745,0.7908711072244085,0.8207839876900671,0.7737250185418808,1682,0.9756242568370987,1.0,0.9876617514294312,0.27064625555108657,0.3073012513430194,0.37997180894910165,0.15265935649267307,0.4390663531390135,0.13517099953486486,0.4457402193366893,0.11120305049650153
natural,refit_per_N,tuned_per_N,UNSW-NB15,10000,5,286,full_test,XGBoost,0.7732869613218553,0.7875309721614925,0.8182306738458127,0.7700510265405263,1682,0.9791914387633769,1.0,0.9894863322319015,0.2724345209016279,0.3118381902234904,0.38771952034130286,0.14538637696521417,0.4360833309599676,0.13267302468357464,0.4419465518770263,0.11159770743091406
natural,refit_per_N,tuned_per_N,UNSW-NB15,10000,6,286,fixed_300,QSVM_ZZ,0.7221364618709478,0.75,0.812111801242236,0.7255892255892256,6,1.0,1.0,1.0,0.7710124874385386,1.1838177169203763,1.2309962788685735,0.6932047346148607,1.0305559904048316,0.07622563061388887,1.0305559904048316,0.07622563061388887
natural,refit_per_N,tuned_per_N,UNSW-NB15,10000,6,286,fixed_300,QSVM_Z,0.6485536631522033,0.6966666666666667,0.778906955736224,0.6663299663299663,6,1.0,1.0,1.0,1.2685794520557885,1.9994834986425707,1.7831343062610558,1.5580950334806287,1.056788756113162,0.1426738104961879,1.056788756113162,0.1426738104961879
natural,refit_per_N,tuned_per_N,UNSW-NB15,10000,6,286,fixed_300,SVM_Linear,0.5079792923458691,0.6166666666666667,0.7536231884057971,0.5754208754208754,6,1.0,1.0,1.0,0.4932167343449945,1.0632584754683159,1.0824982518785415,0.44942059073105434,0.9006098844334351,0.222133016505278,0.9006098844334351,0.222133016505278
natural,refit_per_N,tuned_per_N,UNSW-NB15,10000,6,286,fixed_300,SVM_Poly2,0.597525236079453,0.6566666666666666,0.722,0.6245791245791246,6,1.0,1.0,1.0,0.5426544573035517,1.0023895637611895,1.0295741916341807,0.48911724718065586,1.0819570281841633,0.49871151891020454,1.0819570281841633,0.49871151891020454
natural,refit_per_N,tuned_per_N,UNSW-NB15,10000,6,286,fixed_300,SVM_RBF,0.6323529411764706,0.68,0.742040285899935,0.6505050505050505,6,1.0,1.0,1.0,0.5137160219731173,0.9433085268227847,1.0009383684192257,0.3896889921908431,1.060356241570142,0.5577960315223556,1.060356241570142,0.5577960315223556
natural,refit_per_N,tuned_per_N,UNSW-NB15,10000,6,286,fixed_300,RandomForest,0.7519145723222953,0.77,0.8075396825396826,0.7505050505050506,6,1.0,1.0,1.0,0.2691077512168902,0.31329492877907444,0.38420978888601176,0.15151083224595938,0.37000000000000005,0.16194134740701646,0.37000000000000005,0.16194134740701646
natural,refit_per_N,tuned_per_N,UNSW-NB15,10000,6,286,fixed_300,XGBoost,0.7592880762497569,0.78,0.8350125211111759,0.7582491582491582,6,1.0,1.0,1.0,0.2696373811364174,0.3137408776987461,0.3881155573328336,0.14319207310989365,0.4329505463441213,0.06990759984501188,0.4329505463441213,0.06990759984501188
natural,refit_per_N,tuned_per_N,UNSW-NB15,10000,6,286,full_test,QSVM_ZZ,0.7119490275981138,0.7417164650439684,0.8033223060535986,0.7165222466797513,1682,0.9934601664684899,1.0,0.9967193558007754,0.748084714717486,1.1932947041775894,1.224224129598979,0.6963176515928958,1.0777450813202436,0.2936662767870909,1.0889150030617354,0.24907520659236956
natural,refit_per_N,tuned_per_N,UNSW-NB15,10000,6,286,full_test,QSVM_Z,0.6852370349295288,0.7237040275955886,0.8011159592321833,0.6954484547637729,1682,0.9946492271105827,1.0,0.9973174366616989,1.3297694194292675,2.023024022289246,1.82032857378531,1.596031574584084,1.1156781836587184,0.22323511621015552,1.1260202732993472,0.1632484937763355
natural,refit_per_N,tuned_per_N,UNSW-NB15,10000,6,286,full_test,SVM_Linear,0.5236003333254371,0.6259898945731914,0.7649884666697164,0.585065623949194,1682,0.9928656361474435,1.0,0.9964200477326969,0.5004138376189472,1.049574816206622,1.0770356528860947,0.4381957394908246,1.0278688980013486,0.26267829594164516,1.0424041063572125,0.1972512045259411
natural,refit_per_N,tuned_per_N,UNSW-NB15,10000,6,286,full_test,SVM_Poly2,0.6552425203091317,0.698136811932177,0.7639304158397718,0.6692950353070798,1682,0.9726516052318668,1.0,0.9861362266425557,0.5801567860185006,0.9361037331703093,0.9875946452103929,0.4873693798039264,1.23464136071909,0.45632579776858134,1.2487006816122672,0.4163161431514238
natural,refit_per_N,tuned_per_N,UNSW-NB15,10000,6,286,full_test,SVM_RBF,0.6837789855173697,0.7186998979740563,0.7786466227348751,0.6921585110213894,1682,0.9732461355529132,1.0,0.9864416993070202,0.5537563579677184,0.8832790733706114,0.9588656221835098,0.4091512483651347,1.3103173910433565,0.4944043555329665,1.3255761513967834,0.4519017580057944
natural,refit_per_N,tuned_per_N,UNSW-NB15,10000,6,286,full_test,RandomForest,0.7572343720789549,0.7736724481368119,0.806291121248001,0.7550717362116374,1682,0.9750297265160524,1.0,0.9873570138470801,0.259910345956885,0.314676981471827,0.37787108544839865,0.15423499403733648,0.43881108654651474,0.13480666159802718,0.444221738543684,0.11573699794173269
natural,refit_per_N,tuned_per_N,UNSW-NB15,10000,6,286,full_test,XGBoost,0.7430091079167576,0.763360540251664,0.8049944869185173,0.7424860309881929,1682,0.9833531510107015,1.0,0.9916067146282974,0.25551668098959707,0.3131695344362448,0.3747922631054545,0.15130991731953858,0.4356903430078883,0.12766062493508074,0.43958107216392206,0.11354202369327174
natural,refit_per_N,tuned_per_N,UNSW-NB15,10000,7,286,fixed_300,QSVM_ZZ,0.7073170731707317,0.7366666666666667,0.7934782608695652,0.7121212121212122,6,1.0,1.0,1.0,0.8552061998633574,1.2270930689861743,1.3352004249239935,0.6740733413519779,1.0455779894082866,0.17383857543304232,1.0455779894082866,0.17383857543304232
natural,refit_per_N,tuned_per_N,UNSW-NB15,10000,7,286,fixed_300,QSVM_Z,0.7,0.7333333333333333,0.8019639934533551,0.7070707070707071,6,1.0,1.0,1.0,1.5529357489597009,2.5574575130329276,2.044238097676961,2.1847857953061838,1.0072648290689752,0.04243350143298914,1.0072648290689752,0.04243350143298914
natural,refit_per_N,tuned_per_N,UNSW-NB15,10000,7,286,fixed_300,SVM_Linear,0.5079792923458691,0.6166666666666667,0.7536231884057971,0.5754208754208754,6,1.0,1.0,1.0,0.3463636939774111,1.042358300039479,1.0700951031800037,0.2477399933741969,1.0209622254958157,0.05182420591192001,1.0209622254958157,0.05182420591192001
natural,refit_per_N,tuned_per_N,UNSW-NB15,10000,7,286,fixed_300,SVM_Poly2,0.6415770609318996,0.6933333333333334,0.7840774864162532,0.661952861952862,6,1.0,1.0,1.0,1.5120324703915555,2.4660400367905355,2.09355383323647,1.99615330120538,1.4220087431229504,0.5164988271714321,1.4220087431229504,0.5164988271714321
natural,refit_per_N,tuned_per_N,UNSW-NB15,10000,7,286,fixed_300,SVM_RBF,0.6582137508160627,0.7033333333333334,0.7832259953161592,0.6737373737373737,6,1.0,1.0,1.0,0.5351485060588171,0.9644175563844058,1.0488507246981509,0.34117049095667157,1.0293824720411644,0.11108452802576387,1.0293824720411644,0.11108452802576387
natural,refit_per_N,tuned_per_N,UNSW-NB15,10000,7,286,fixed_300,RandomForest,0.7640497640497641,0.78,0.814473045167557,0.7616161616161616,6,1.0,1.0,1.0,0.2683865461401439,0.31724102494682227,0.38841856762605886,0.14766252869860588,0.42416666666666664,0.07350831396666788,0.42416666666666664,0.07350831396666788
natural,refit_per_N,tuned_per_N,UNSW-NB15,10000,7,286,fixed_300,XGBoost,0.7540509259259259,0.7733333333333333,0.817520717064096,0.7528619528619529,6,1.0,1.0,1.0,0.266188039680322,0.32257225862507444,0.3946207321683566,0.13850419577126452,0.3939303656419118,0.11121515461719184,0.3939303656419118,0.11121515461719184
natural,refit_per_N,tuned_per_N,UNSW-NB15,10000,7,286,full_test,QSVM_ZZ,0.719950415803736,0.7483360054413837,0.8102052216132893,0.7235269638296198,1682,0.9916765755053508,1.0,0.9958208955223881,0.864042041330458,1.2478746263048621,1.336044410421523,0.7202395889864766,1.1890488001744721,0.37201952806394767,1.2021076284142107,0.3273726136463407
natural,refit_per_N,tuned_per_N,UNSW-NB15,10000,7,286,full_test,QSVM_Z,0.7076563638136626,0.7399310110285187,0.8097096810706068,0.713614278798343,1682,0.9946492271105827,1.0,0.9973174366616989,1.6139342267907235,2.591788420174172,2.0906316088099577,2.2251764827986547,1.0202990913601193,0.2045278184364191,1.0310927311337554,0.14031979243064333
natural,refit_per_N,tuned_per_N,UNSW-NB15,10000,7,286,full_test,SVM_Linear,0.5236089705859062,0.6260020405188748,0.7650563033573681,0.5850766536853628,1682,0.9928656361474435,1.0,0.9964200477326969,0.35868853879280516,1.0356158239993467,1.071731116237846,0.22923790538814565,1.0469437046268437,0.1722065622155342,1.0575464752609167,0.08568356546668528
natural,refit_per_N,tuned_per_N,UNSW-NB15,10000,7,286,full_test,SVM_Poly2,0.6678822885957016,0.7105378224748579,0.7888319075941299,0.6812468860371887,1682,0.995243757431629,1.0,0.9976162097735399,1.5000291939240487,2.3545079062942222,2.0380178000924616,1.9079513908726071,1.493458842969225,0.47471986563584473,1.5036277060365448,0.44145440094257576
natural,refit_per_N,tuned_per_N,UNSW-NB15,10000,7,286,full_test,SVM_RBF,0.6790718495818986,0.7186391682456396,0.7946858710451121,0.6901734673436342,1682,0.9946492271105827,1.0,0.9973174366616989,0.5529723128840697,0.9484282018078971,1.0389012444957242,0.3549346939736291,1.0745504067965685,0.21817759408977724,1.0852922098256792,0.156207741809325
natural,refit_per_N,tuned_per_N,UNSW-NB15,10000,7,286,full_test,RandomForest,0.7570519660803614,0.7729315454501288,0.8031726245966662,0.75478887534848,1682,0.9661117717003567,1.0,0.9827638342908981,0.26132576095580956,0.3136672284832353,0.37778602098080466,0.1547772784195989,0.4293175156314943,0.15005492528980355,0.43898963136392866,0.11881966750790426
natural,refit_per_N,tuned_per_N,UNSW-NB15,10000,7,286,full_test,XGBoost,0.7488422761133315,0.7673687023271631,0.8044873992210151,0.7475391132330601,1682,0.9714625445897741,1.0,0.985524728588661,0.26000540089874813,0.3159879641939105,0.38106277501919594,0.14913873912099593,0.4255018782105372,0.14936387330303746,0.43394699030058564,0.12268424763531834
natural,refit_per_N,tuned_per_N,UNSW-NB15,10000,8,286,fixed_300,QSVM_ZZ,0.7159601625139322,0.7366666666666667,0.7662037037037037,0.7168350168350168,6,0.8333333333333334,1.0,0.9090909090909091,0.7753106184374804,1.1994911898748888,1.259957471556208,0.6726015458791866,0.8637036516114494,0.41293515734138636,0.873264930000098,0.39231085124863857
natural,refit_per_N,tuned_per_N,UNSW-NB15,10000,8,286,fixed_300,QSVM_Z,0.6415770609318996,0.6933333333333334,0.7840774864162532,0.661952861952862,6,1.0,1.0,1.0,0.5016437788014618,0.9583607067116452,1.0450347804010596,0.27929202052898544,0.9165623871054743,0.15945633491365319,0.9165623871054743,0.15945633491365319
natural,refit_per_N,tuned_per_N,UNSW-NB15,10000,8,286,fixed_300,SVM_Linear,0.5079792923458691,0.6166666666666667,0.7536231884057971,0.5754208754208754,6,1.0,1.0,1.0,0.5085370178096418,1.051363524699574,1.0652259098749755,0.47882034259465855,0.8859138596144547,0.23384802501823204,0.8859138596144547,0.23384802501823204
natural,refit_per_N,tuned_per_N,UNSW-NB15,10000,8,286,fixed_300,SVM_Poly2,0.6583481877599524,0.6933333333333334,0.7348014304536044,0.6680134680134681,6,0.6666666666666666,1.0,0.8,0.5535020460391827,0.9819912831905091,1.005007793931148,0.5105200577542003,0.5990373553328389,0.9391272931236455,1.0012349163079655,0.4881951127773492
natural,refit_per_N,tuned_per_N,UNSW-NB15,10000,8,286,fixed_300,SVM_RBF,0.6400122549019608,0.6866666666666666,0.7528698288932207,0.6572390572390573,6,0.6666666666666666,1.0,0.8,0.5890736410972954,1.1278172338548476,1.0732480005652754,0.6834604574503659,0.9933387992252433,0.99384566551123,1.163421816110576,0.787972623064835
natural,refit_per_N,tuned_per_N,UNSW-NB15,10000,8,286,fixed_300,RandomForest,0.7375328083989501,0.7566666666666667,0.7910052910052909,0.737037037037037,6,1.0,1.0,1.0,0.26426476282781164,0.3204695212436618,0.3866783985408744,0.15171155203360767,0.4103333333333334,0.11538004834266431,0.4103333333333334,0.11538004834266431
natural,refit_per_N,tuned_per_N,UNSW-NB15,10000,8,286,fixed_300,XGBoost,0.7435410334346504,0.76,0.7871558655945471,0.7420875420875421,6,1.0,1.0,1.0,0.2683347291747729,0.3206938129860817,0.39154506733020145,0.14676685190545802,0.42453262209892273,0.07281059301554531,0.42453262209892273,0.07281059301554531
natural,refit_per_N,tuned_per_N,UNSW-NB15,10000,8,286,full_test,QSVM_ZZ,0.7479154601244966,0.7658868969537969,0.8002261278257453,0.7465114089206122,1682,0.9696789536266349,1.0,0.9846060971928765,0.8397821238070259,1.1763840375662984,1.274739971267366,0.6812865953179325,1.0903106709202492,0.41503533748863336,1.1278647042235026,0.298249726661566
natural,refit_per_N,tuned_per_N,UNSW-NB15,10000,8,286,full_test,QSVM_Z,0.6700263084193441,0.713185638633824,0.7964351493892008,0.6835867903110028,1682,0.995243757431629,1.0,0.9976162097735399,0.5268555602395196,0.9453181243141454,1.041286769105004,0.29483046314615136,1.0011047965647133,0.17804603937504537,1.0112122755922153,0.10658770817326894
natural,refit_per_N,tuned_per_N,UNSW-NB15,10000,8,286,full_test,SVM_Linear,0.5236003333254371,0.6259898945731914,0.7649884666697164,0.585065623949194,1682,0.9928656361474435,1.0,0.9964200477326969,0.5139230049931159,1.036278818811954,1.057785472453174,0.46806040170737445,1.014171943740686,0.2781742760769679,1.0287781593367726,0.21803935014888493
natural,refit_per_N,tuned_per_N,UNSW-NB15,10000,8,286,full_test,SVM_Poly2,0.6862923292258818,0.7108657630083078,0.7376306103212658,0.6896045463976286,1682,0.9084423305588585,1.0,0.9520249221183801,0.5851449113611611,0.9351155501866506,0.9731267116162409,0.5194805700232733,1.1357368965136683,0.606202963603807,1.2180766907181957,0.41673673549801904
natural,refit_per_N,tuned_per_N,UNSW-NB15,10000,8,286,full_test,SVM_RBF,0.674238453603021,0.7126512170237574,0.778529982641311,0.6849146393812855,1682,0.976218787158145,1.0,0.9879663056558363,0.6098212161102299,1.1151000944836889,1.047912068263409,0.7191734377211075,1.578392619247515,0.6865594061415008,1.6015019475954198,0.6307761809901189
natural,refit_per_N,tuned_per_N,UNSW-NB15,10000,8,286,full_test,RandomForest,0.7604903449293299,0.7758830102511781,0.8056931461339893,0.7579906944798853,1682,0.9738406658739596,1.0,0.9867469879518073,0.2652569527297479,0.3153993894510874,0.383790672966315,0.1501424163308074,0.4344896741838368,0.13716326929266962,0.44094328741152117,0.11473472317546558
natural,refit_per_N,tuned_per_N,UNSW-NB15,10000,8,286,full_test,XGBoost,0.7549780220749562,0.7717412427731624,0.804620825822171,0.752982698219264,1682,0.9815695600475625,1.0,0.9906990699069907,0.2650950501746179,0.3171692306969976,0.3871461360494116,0.14487779633200848,0.4377435261337142,0.12464232746317758,0.4427617241348296,0.105437944349123
natural,refit_per_N,tuned_per_N,UNSW-NB15,10000,9,286,fixed_300,QSVM_ZZ,0.6863624340290462,0.7233333333333334,0.7958118731363513,0.695959595959596,6,1.0,1.0,1.0,0.7558715726451569,1.210094708231068,1.2546020556817363,0.6794444194347743,1.0598192005901916,0.31754615348198384,1.0598192005901916,0.31754615348198384
natural,refit_per_N,tuned_per_N,UNSW-NB15,10000,9,286,fixed_300,QSVM_Z,0.6706495098039216,0.7133333333333334,0.7961880008663634,0.6841750841750842,6,1.0,1.0,1.0,0.6309314740961838,1.0059679464890443,1.077912286828942,0.4981477052760244,0.9710878490844997,0.3965369253131095,0.9710878490844997,0.3965369253131095
natural,refit_per_N,tuned_per_N,UNSW-NB15,10000,9,286,fixed_300,SVM_Linear,0.5079792923458691,0.6166666666666667,0.7536231884057971,0.5754208754208754,6,1.0,1.0,1.0,0.5062063437474641,1.0773302980808728,1.0961820266526097,0.463972410879112,0.9073569505819056,0.25539389179910466,0.9073569505819056,0.25539389179910466
natural,refit_per_N,tuned_per_N,UNSW-NB15,10000,9,286,fixed_300,SVM_Poly2,0.6204296632927081,0.6733333333333333,0.7423420670689787,0.6424242424242425,6,1.0,1.0,1.0,0.5843514829012868,1.0374435510615743,1.0365929615440328,0.5858590353366183,0.9183495657395913,0.5997231382059078,0.9183495657395913,0.5997231382059078
natural,refit_per_N,tuned_per_N,UNSW-NB15,10000,9,286,fixed_300,SVM_RBF,0.6665993129925237,0.7066666666666667,0.7731668838740654,0.6787878787878787,6,1.0,1.0,1.0,0.7475905530203749,1.1439425292160201,1.1876804414091116,0.6759521537865775,1.5002959502870343,1.0602863005516192,1.5002959502870343,1.0602863005516192
natural,refit_per_N,tuned_per_N,UNSW-NB15,10000,9,286,fixed_300,RandomForest,0.7159601625139322,0.7366666666666667,0.7662037037037037,0.7168350168350168,6,0.8333333333333334,1.0,0.9090909090909091,0.25781364889291764,0.3152000908891917,0.37486915438260837,0.1590348765035629,0.26863952295819143,0.2515453188752245,0.31270532092866593,0.19405572139502372
natural,refit_per_N,tuned_per_N,UNSW-NB15,10000,9,286,fixed_300,XGBoost,0.7354273633343401,0.7566666666666667,0.7982954545454546,0.7356902356902357,6,0.8333333333333334,1.0,0.9090909090909091,0.25898696422576906,0.3274145438015884,0.39162042578061423,0.14459589635633682,0.32611877222855884,0.20434489404054113,0.3450791984796524,0.17038379059330527
natural,refit_per_N,tuned_per_N,UNSW-NB15,10000,9,286,full_test,QSVM_ZZ,0.7096394641946189,0.7413399407277851,0.8101633498541141,0.7152265543581171,1682,0.9946492271105827,1.0,0.9973174366616989,0.7517566496549947,1.147394639666024,1.2130462298372249,0.640446222342299,1.117509147186636,0.3465804614990015,1.1284967615886439,0.3089332766514602
natural,refit_per_N,tuned_per_N,UNSW-NB15,10000,9,286,full_test,QSVM_Z,0.6944777153727637,0.7295948112520041,0.8003533890442243,0.7024793940680291,1682,0.9887039239001189,1.0,0.9943198804185351,0.6110729071724219,0.9841101888192046,1.053492212198973,0.4817023151844304,1.077184685681732,0.2823741456727364,1.089229271531717,0.23160656132792237
natural,refit_per_N,tuned_per_N,UNSW-NB15,10000,9,286,full_test,SVM_Linear,0.5236003333254371,0.6259898945731914,0.7649884666697164,0.585065623949194,1682,0.9928656361474435,1.0,0.9964200477326969,0.5139483168813951,1.0626059216970813,1.0892875962185984,0.4546721345928634,1.054002660904983,0.27871047282375744,1.068703061402127,0.2155803873411233
natural,refit_per_N,tuned_per_N,UNSW-NB15,10000,9,286,full_test,SVM_Poly2,0.6587052060884367,0.701732011854443,0.7716426356930308,0.6726889936349479,1682,0.9851367419738407,1.0,0.992512728361785,0.6010461933479107,0.9774319536987192,0.993527169704518,0.5740500968628427,1.1501800631754568,0.4749342572805263,1.1605843650749554,0.4489105233879751
natural,refit_per_N,tuned_per_N,UNSW-NB15,10000,9,286,full_test,SVM_RBF,0.6904608608074974,0.7238983627265219,0.7834152888901769,0.6977833330551058,1682,0.9768133174791914,1.0,0.9882706766917293,0.7473601556838957,1.0846292003038653,1.1455566921886924,0.6501288867888894,1.9504394493621284,0.9295667467648502,1.9665070611252777,0.895074500174959
natural,refit_per_N,tuned_per_N,UNSW-NB15,10000,9,286,full_test,RandomForest,0.751738910553073,0.7679395617742798,0.7970754194365306,0.7497663496462137,1682,0.9625445897740785,1.0,0.980914874280521,0.26051205898878627,0.3024853488277485,0.36472731186407287,0.16228957795998136,0.4115917238865671,0.1631926915521305,0.42067468250473333,0.13810290817896176
natural,refit_per_N,tuned_per_N,UNSW-NB15,10000,9,286,full_test,XGBoost,0.7455467440282435,0.7638342321333139,0.7982542486881072,0.7443269762306204,1682,0.9714625445897741,1.0,0.985524728588661,0.25877127529055016,0.3187444878973751,0.38319334129073995,0.14738888923828708,0.4237791777153219,0.14581643836850902,0.43189297898204093,0.11966486480822162
natural,refit_per_N,tuned_per_N,UNSW-NB15,10000,10,286,fixed_300,QSVM_ZZ,0.6954842543077837,0.7266666666666667,0.7818558253340862,0.7016835016835017,6,1.0,1.0,1.0,0.7914044874718693,1.1388298320374488,1.2573036109046014,0.5851855083093793,1.2566035676551104,0.4301775378074449,1.2566035676551104,0.4301775378074449
natural,refit_per_N,tuned_per_N,UNSW-NB15,10000,10,286,fixed_300,QSVM_Z,0.6834011759384894,0.72,0.7878239903556359,0.692929292929293,6,1.0,1.0,1.0,0.668595973283253,1.0905119016799896,1.163916038441629,0.5305998856526754,0.9207271290915018,0.16228948963955558,0.9207271290915018,0.16228948963955558
natural,refit_per_N,tuned_per_N,UNSW-NB15,10000,10,286,fixed_300,SVM_Linear,0.5079792923458691,0.6166666666666667,0.7536231884057971,0.5754208754208754,6,1.0,1.0,1.0,0.49351525668222357,1.1041861279883314,1.118432602243588,0.46031818132528785,0.8893565472965608,0.1555004773470122,0.8893565472965608,0.1555004773470122
natural,refit_per_N,tuned_per_N,UNSW-NB15,10000,10,286,fixed_300,SVM_Poly2,0.614263344833293,0.6633333333333333,0.7126674266172699,0.634006734006734,6,1.0,1.0,1.0,0.5642893155562716,0.9986265089814906,1.0139083358198897,0.536346177991851,1.0521931100071156,0.3134089933103024,1.0521931100071156,0.3134089933103024
natural,refit_per_N,tuned_per_N,UNSW-NB15,10000,10,286,fixed_300,SVM_RBF,0.6505331609467607,0.6966666666666667,0.772248243559719,0.667003367003367,6,1.0,1.0,1.0,0.46441156241905845,0.8873553904848511,0.9796746043815912,0.20812341977972224,0.9880430844343046,0.12474444164198886,0.9880430844343046,0.12474444164198886
natural,refit_per_N,tuned_per_N,UNSW-NB15,10000,10,286,fixed_300,RandomForest,0.752405206564799,0.7666666666666667,0.7894654823126072,0.7501683501683502,6,1.0,1.0,1.0,0.27037681270059255,0.3046506548976695,0.37515753099213517,0.15865834146238697,0.3988127959602615,0.11659559503453623,0.3988127959602615,0.11659559503453623
natural,refit_per_N,tuned_per_N,UNSW-NB15,10000,10,286,fixed_300,XGBoost,0.7277276295133438,0.7533333333333333,0.8091243739062217,0.7299663299663299,6,1.0,1.0,1.0,0.2593739455938339,0.30421785971452303,0.3704303431510925,0.15034863050644046,0.3626704514026642,0.13629033525470424,0.3626704514026642,0.13629033525470424
natural,refit_per_N,tuned_per_N,UNSW-NB15,10000,10,286,full_test,QSVM_ZZ,0.7177504375810431,0.7457489190108342,0.8039658843525823,0.7212620784554077,1682,0.9881093935790726,1.0,0.9940191387559809,0.7860278056099227,1.1220237543657479,1.2392864190953259,0.5839059753066779,1.2728868572778405,0.4587710752956413,1.288978330139652,0.41139605660357387
natural,refit_per_N,tuned_per_N,UNSW-NB15,10000,10,286,full_test,QSVM_Z,0.69625143179818,0.7299348977311374,0.7956810272670813,0.7034389763450912,1682,0.990487514863258,1.0,0.995221027479092,0.7011838909526373,1.1034864720903834,1.1812671634167027,0.5603116379760624,0.9880686191505548,0.19403128442419762,1.0017896936247923,0.10171108706789263
natural,refit_per_N,tuned_per_N,UNSW-NB15,10000,10,286,full_test,SVM_Linear,0.5236003333254371,0.6259898945731914,0.7649884666697164,0.585065623949194,1682,0.9928656361474435,1.0,0.9964200477326969,0.5046073519166243,1.0876988761557695,1.1119687936524252,0.44860096605112454,0.9918185161686693,0.22928803888889415,1.0069853060957743,0.14918970172145163
natural,refit_per_N,tuned_per_N,UNSW-NB15,10000,10,286,full_test,SVM_Poly2,0.6692671797678134,0.7046227469270757,0.7543605985562157,0.6784833707350693,1682,0.9560047562425684,1.0,0.9775075987841946,0.6176707006102663,1.0099749212264737,1.0079958606318198,0.6208951448094241,1.0667123631426603,0.4258097803790144,1.0950116737282185,0.3466102553975416
natural,refit_per_N,tuned_per_N,UNSW-NB15,10000,10,286,full_test,SVM_RBF,0.6772710916283704,0.7165500655881067,0.7893221073954423,0.6882937391640295,1682,0.9922711058263971,1.0,0.9961205610265592,0.4884571070203879,0.8985136512466055,0.9917624991121429,0.24964829707023892,1.0248159658815852,0.19059719711960685,1.0357848692355862,0.11715272142923729
natural,refit_per_N,tuned_per_N,UNSW-NB15,10000,10,286,full_test,RandomForest,0.7578636264568093,0.7722149346548122,0.7968622602185615,0.7553129475986178,1682,0.9631391200951248,1.0,0.9812235009085403,0.2593020889872739,0.30475709225267417,0.36642638088085666,0.16076742837411578,0.4230608844102048,0.15469203898581163,0.43291592938641915,0.1244746437111811
natural,refit_per_N,tuned_per_N,UNSW-NB15,10000,10,286,full_test,XGBoost,0.7317385822914255,0.7555749890686488,0.8053357148414182,0.7329148063178329,1682,0.9892984542211652,1.0,0.9946204423191871,0.2501019154683133,0.30255129912124296,0.36160382286191234,0.1527446627955355,0.4289147945278181,0.1287904960637945,0.4323756390746227,0.1166456153312689
natural,refit_per_N,tuned_once,UNSW-NB15,100,1,3,fixed_300,QSVM_ZZ,0.6408295678368672,0.69,0.7676151761517616,0.6595959595959596,6,1.0,1.0,1.0,0.3221415661648833,0.7695428587401867,0.7717551514432599,0.3168049657280859,0.8869608424175297,0.2333723263871465,0.8869608424175297,0.2333723263871465
natural,refit_per_N,tuned_once,UNSW-NB15,100,1,3,fixed_300,QSVM_Z,0.6629901960784313,0.7066666666666667,0.7853584578730777,0.6774410774410775,6,1.0,1.0,1.0,0.39745295903869093,0.8675569248540986,0.9211109378461378,0.2493561964161303,0.7729658306404404,0.3699452389092024,0.7729658306404404,0.3699452389092024
natural,refit_per_N,tuned_once,UNSW-NB15,100,1,3,fixed_300,SVM_Linear,0.5203667284483369,0.6233333333333333,0.7589837170129141,0.5828282828282828,6,1.0,1.0,1.0,0.3877168418131731,1.1084619938878542,1.0717526271131994,0.4799569226455366,1.0288055851467452,0.3982370587240029,1.0288055851467452,0.3982370587240029
natural,refit_per_N,tuned_once,UNSW-NB15,100,1,3,fixed_300,SVM_Poly2,0.5649794801641587,0.6466666666666666,0.7628032345013477,0.6094276094276094,6,1.0,1.0,1.0,0.3325934590441958,0.9097526752731395,0.9376038026062478,0.24324359910164484,0.8616096858111302,0.19417413642993722,0.8616096858111302,0.19417413642993722
natural,refit_per_N,tuned_once,UNSW-NB15,100,1,3,fixed_300,SVM_RBF,0.3548387096774194,0.55,0.275,0.5,6,1.0,1.0,1.0,0.2016340995743002,0.8662087646965231,0.8536057825393565,0.24966197580646504,0.8992329650844656,0.11144331893920323,0.8992329650844656,0.11144331893920323
natural,refit_per_N,tuned_once,UNSW-NB15,100,1,3,fixed_300,RandomForest,0.6583481877599524,0.6933333333333334,0.7348014304536044,0.6680134680134681,6,1.0,1.0,1.0,0.19703333333333334,0.36284436363573597,0.3924333333333334,0.12835203759798888,0.3791666666666667,0.1603230246166227,0.3791666666666667,0.1603230246166227
natural,refit_per_N,tuned_once,UNSW-NB15,100,1,3,fixed_300,XGBoost,0.6732705980249392,0.7033333333333334,0.7394762018655825,0.6797979797979798,6,0.8333333333333334,1.0,0.9090909090909091,0.20274916877349217,0.4035189715341501,0.4396557075778643,0.10313895782160934,0.3865369111299515,0.20591574021667164,0.40999134878317517,0.1540102907529774
natural,refit_per_N,tuned_once,UNSW-NB15,100,1,3,full_test,QSVM_ZZ,0.6447116357213857,0.6899018607588787,0.754144528571868,0.6605749855122925,1682,0.9827586206896551,1.0,0.991304347826087,0.3461103237417467,0.7734251417448303,0.7878619806292606,0.31185301916538555,0.9010863134539082,0.25787277763952926,0.9216736937710831,0.1702131485868485
natural,refit_per_N,tuned_once,UNSW-NB15,100,1,3,full_test,QSVM_Z,0.6673052179465918,0.7091531846669582,0.7830626167202153,0.6802279387390567,1682,0.9797859690844233,1.0,0.9897897897897898,0.4280620070605023,0.8693987301806808,0.936632748075554,0.24861683201441023,0.9465070969962704,0.2420996832864208,0.9657989177082117,0.14737839687464246
natural,refit_per_N,tuned_once,UNSW-NB15,100,1,3,full_test,SVM_Linear,0.5707934119730994,0.6520308021182529,0.7767384140064602,0.6142944259886817,1682,0.995243757431629,1.0,0.9976162097735399,0.4257039932711789,1.0769306259967935,1.0628812811334953,0.4596594884399679,1.2569199904127712,0.3638846353110934,1.271446801791565,0.3093265593652283
natural,refit_per_N,tuned_once,UNSW-NB15,100,1,3,full_test,SVM_Poly2,0.5855752997476833,0.6613831802944177,0.7857653595677435,0.6244961616518133,1682,0.9928656361474435,1.0,0.9964200477326969,0.36221781854373514,0.8996732920696604,0.9419905876568594,0.23079755912905012,1.004105891060608,0.18312725561295468,1.0131906874850605,0.12332421905084379
natural,refit_per_N,tuned_once,UNSW-NB15,100,1,3,full_test,SVM_RBF,0.3550883569369595,0.5506000097167566,0.2753000048583783,0.5,1682,1.0,1.0,1.0,0.21490165133755398,0.8589284167396027,0.8440230842751675,0.26751780882969567,0.9783640025379821,0.08386612511693302,0.9783640025379821,0.08386612511693302
natural,refit_per_N,tuned_once,UNSW-NB15,100,1,3,full_test,RandomForest,0.6757961496356161,0.7076470874022252,0.7501821331659101,0.6829212274128889,1682,0.9708680142687277,1.0,0.9852187028657617,0.197556114269057,0.36282309047011324,0.39145593450906085,0.1320275145604526,0.44249702734839474,0.15406050374444874,0.45824019024970275,0.09774551685921752
natural,refit_per_N,tuned_once,UNSW-NB15,100,1,3,full_test,XGBoost,0.6785008780550105,0.7091410387212749,0.7495126485039669,0.6849137319619099,1682,0.9589774078478003,1.0,0.9790591805766312,0.20652234088860244,0.40205765734025994,0.43997023314612604,0.1035762089352063,0.4514061043151919,0.16180431258782035,0.4732174355266494,0.07754589156503656
natural,refit_per_N,tuned_once,UNSW-NB15,100,2,3,fixed_300,QSVM_ZZ,0.5926300654986953,0.66,0.7531445118088861,0.6255892255892256,6,0.8333333333333334,1.0,0.9090909090909091,0.3364331478867025,0.6962819128359593,0.7029610063605202,0.32224461000311994,0.5770923151327754,0.46562410826240347,0.63524332432571,0.38250133238994843
natural,refit_per_N,tuned_once,UNSW-NB15,100,2,3,fixed_300,QSVM_Z,0.5354270810693328,0.62,0.6903709793443633,0.5831649831649832,6,1.0,1.0,1.0,0.2792410445876785,0.873481354924203,0.8778454263823631,0.26520302743786045,0.9199907110918063,0.24529076643893216,0.9199907110918063,0.24529076643893216
natural,refit_per_N,tuned_once,UNSW-NB15,100,2,3,fixed_300,SVM_Linear,0.5102812303110144,0.62,0.7742897504316434,0.5784511784511784,6,1.0,1.0,1.0,0.2887452137820286,1.009851473030895,1.0274869093763712,0.21781746285569173,1.1844899471698018,0.1838331100466681,1.1844899471698018,0.1838331100466681
natural,refit_per_N,tuned_once,UNSW-NB15,100,2,3,fixed_300,SVM_Poly2,0.5156603164352599,0.6166666666666667,0.7245273109243697,0.5767676767676767,6,1.0,1.0,1.0,0.27744381916754546,0.9033337327655808,0.9140298703029353,0.23986725858372315,0.940033856534229,0.14325274394410362,0.940033856534229,0.14325274394410362
natural,refit_per_N,tuned_once,UNSW-NB15,100,2,3,fixed_300,SVM_RBF,0.3548387096774194,0.55,0.275,0.5,6,1.0,1.0,1.0,0.16499037433311575,0.9106768630442773,0.9072659557293257,0.1828186480676976,0.9547690509179637,0.051128122842592216,0.9547690509179637,0.051128122842592216
natural,refit_per_N,tuned_once,UNSW-NB15,100,2,3,fixed_300,RandomForest,0.6820409232035312,0.7166666666666667,0.7748640248640248,0.6905723905723906,6,0.8333333333333334,1.0,0.9090909090909091,0.19903333333333334,0.3081172377881871,0.3278333333333333,0.16454727453092488,0.23666666666666666,0.2665312155993907,0.28833333333333333,0.2095564098014873
natural,refit_per_N,tuned_once,UNSW-NB15,100,2,3,fixed_300,XGBoost,0.6673402000887092,0.7,0.740328433482994,0.6754208754208755,6,1.0,1.0,1.0,0.19782113353411357,0.3760576875975651,0.40358696897824603,0.13292909292138297,0.30798568328221637,0.18382252524802623,0.30798568328221637,0.18382252524802623
natural,refit_per_N,tuned_once,UNSW-NB15,100,2,3,full_test,QSVM_ZZ,0.6134737193180175,0.6678448233979498,0.7332114452191363,0.6364070115734723,1682,0.9589774078478003,1.0,0.9790591805766312,0.339843573084826,0.7025530738551057,0.7098945400783525,0.3242286503646208,0.8409793545229955,0.33648684836762016,0.8718483818631669,0.24566251830685445
natural,refit_per_N,tuned_once,UNSW-NB15,100,2,3,full_test,QSVM_Z,0.5743653716007374,0.6494801535247534,0.746941583892659,0.6132473916164466,1682,0.9750297265160524,1.0,0.9873570138470801,0.32992029152108066,0.8448325811269165,0.864629909275745,0.2738696932424979,0.9257047822570863,0.253598410700624,0.9409990485599093,0.18910919706050067
natural,refit_per_N,tuned_once,UNSW-NB15,100,2,3,full_test,SVM_Linear,0.5234998656126156,0.626852256716708,0.7730769622906022,0.5857195787952428,1682,0.995243757431629,1.0,0.9976162097735399,0.2970159433382126,1.0039792207077924,1.0275303477343907,0.2009331498159432,1.2440617818284663,0.23976586063882857,1.2517404962263117,0.19576290517154568
natural,refit_per_N,tuned_once,UNSW-NB15,100,2,3,full_test,SVM_Poly2,0.5400920439158162,0.6340426565612398,0.7627261727087808,0.5943901986783395,1682,0.995243757431629,1.0,0.9976162097735399,0.30457429454964946,0.8919394887314068,0.914678377028673,0.22734339457097216,0.9658349246310795,0.17094920629738752,0.9734266472080487,0.12042132400919046
natural,refit_per_N,tuned_once,UNSW-NB15,100,2,3,full_test,SVM_RBF,0.3550883569369595,0.5506000097167566,0.2753000048583783,0.5,1682,1.0,1.0,1.0,0.17397539662231748,0.9042514435951243,0.8994615760003837,0.19724853655392446,0.984857019746475,0.05879584771338985,0.984857019746475,0.05879584771338985
natural,refit_per_N,tuned_once,UNSW-NB15,100,2,3,full_test,RandomForest,0.6977382454492727,0.7209590438711558,0.749200020994041,0.7000792078145383,1682,0.9363852556480381,1.0,0.9671476819158735,0.1996101758732935,0.3040759416618804,0.32369716513627755,0.16591125908889956,0.390166468489893,0.18304053303934809,0.40964328180737214,0.13388835475607724
natural,refit_per_N,tuned_once,UNSW-NB15,100,2,3,full_test,XGBoost,0.6880074392240807,0.7126633629694408,0.7404418210445234,0.6912940742295282,1682,0.9328180737217598,1.0,0.9652414641648723,0.2058373493130345,0.3691541868292803,0.40061709685237995,0.13472108125818386,0.4166886977647629,0.1975110423122258,0.44888158810549766,0.10557178856134873
natural,refit_per_N,tuned_once,UNSW-NB15,100,3,3,fixed_300,QSVM_ZZ,0.5311936530833032,0.61,0.6536544850498339,0.5747474747474748,6,0.8333333333333334,1.0,0.9090909090909091,0.314667197382751,0.6783682709168768,0.6527065333396449,0.3649289484697141,0.6620156030086423,0.5347569844718549,0.7772473193208164,0.34657797921525973
natural,refit_per_N,tuned_once,UNSW-NB15,100,3,3,fixed_300,QSVM_Z,0.7306133726284767,0.74,0.7446082905038667,0.7286195286195286,6,0.5,1.0,0.6666666666666666,0.44936606412714863,0.8041074647936604,0.8744394851417207,0.2896105339090672,0.22992190849130853,0.8236429787912405,0.818617881986412,0.24721772551432092
natural,refit_per_N,tuned_once,UNSW-NB15,100,3,3,fixed_300,SVM_Linear,0.7368299552149222,0.7466666666666667,0.7531354413829838,0.7346801346801346,6,0.5,1.0,0.6666666666666666,0.6266019598356231,0.9417790534518229,0.9887892633459203,0.5494302451469956,0.6593460316432247,1.4549774351441196,1.4530255289097402,0.6636364505953533
natural,refit_per_N,tuned_once,UNSW-NB15,100,3,3,fixed_300,SVM_Poly2,0.5417024013722127,0.62,0.6772765797156042,0.5845117845117845,6,1.0,1.0,1.0,0.337793641798908,0.8207287244929575,0.8010699379373498,0.3820826326603402,0.7352534051543792,0.31843480258102447,0.7352534051543792,0.31843480258102447
natural,refit_per_N,tuned_once,UNSW-NB15,100,3,3,fixed_300,SVM_RBF,0.41699438417162704,0.5766666666666667,0.7825342465753424,0.5296296296296297,6,1.0,1.0,1.0,0.23438891764896644,0.7694872508165754,0.7525284712206148,0.28416490615181417,0.7404599361968792,0.2702828615125968,0.7404599361968792,0.2702828615125968
natural,refit_per_N,tuned_once,UNSW-NB15,100,3,3,fixed_300,RandomForest,0.6958121109224675,0.7133333333333334,0.7271310581268505,0.6962962962962963,6,0.8333333333333334,1.0,0.9090909090909091,0.19525,0.3323229165034114,0.34668333333333334,0.16843915733053944,0.265,0.26539279065817395,0.3216666666666666,0.19284420885494302
natural,refit_per_N,tuned_once,UNSW-NB15,100,3,3,fixed_300,XGBoost,0.7152777777777778,0.7266666666666667,0.7326007326007327,0.7138047138047138,6,0.8333333333333334,1.0,0.9090909090909091,0.21548273622989655,0.3690655677340129,0.40600403885046643,0.1334275958603068,0.3356340080499649,0.3141473883765938,0.45702636738618213,0.04965549815789619
natural,refit_per_N,tuned_once,UNSW-NB15,100,3,3,full_test,QSVM_ZZ,0.5814813696028208,0.6395812077928388,0.6828076597981236,0.6081030439687019,1682,0.9262782401902497,1.0,0.9617283950617284,0.33062310852640486,0.6597818567759002,0.638991923719773,0.3692059856546494,0.8235456018715447,0.4241506973178306,0.8799503356016081,0.28951438525880546
natural,refit_per_N,tuned_once,UNSW-NB15,100,3,3,full_test,QSVM_Z,0.7358023320755515,0.7422751785454016,0.7424361831664666,0.7339515895936526,1682,0.8234244946492271,1.0,0.9031626997065536,0.46703268663629466,0.8055900659183559,0.8873294173709743,0.282385179783118,0.705439039403305,0.7148266434243182,0.9929861687355157,0.1503324221966014
natural,refit_per_N,tuned_once,UNSW-NB15,100,3,3,full_test,SVM_Linear,0.7320116867148196,0.7393358596900355,0.7403802794128627,0.730082728983285,1682,0.8323424494649228,1.0,0.9085009733939,0.5939469439344354,0.9336632722253791,0.9606645988247952,0.5492027009005445,1.463022512951579,1.041841554263987,1.6593777932147669,0.6872656233073524
natural,refit_per_N,tuned_once,UNSW-NB15,100,3,3,full_test,SVM_Poly2,0.5681788126600112,0.6372248943302725,0.6989646365706315,0.6029330667913126,1682,0.9512485136741974,1.0,0.9750152346130408,0.3545974109141765,0.7861650904005064,0.768141823850319,0.39211351882252066,0.8859054566381835,0.3577115769988822,0.9065139028824271,0.3016928807598967
natural,refit_per_N,tuned_once,UNSW-NB15,100,3,3,full_test,SVM_RBF,0.43934020582971217,0.5869771170383326,0.778596405495152,0.5405822591761442,1682,1.0,1.0,1.0,0.24263387390581517,0.7499811905507416,0.7298916244332007,0.2976595362636892,0.9008383189131222,0.21894156786729535,0.9008383189131222,0.21894156786729535
natural,refit_per_N,tuned_once,UNSW-NB15,100,3,3,full_test,RandomForest,0.7189884132894077,0.7293518923383374,0.7337424094825322,0.7172632982846077,1682,0.856718192627824,1.0,0.9228306115914185,0.1990913010737016,0.3278863861564157,0.3440990744789389,0.16953658995234946,0.37396254458977407,0.2649611447523645,0.44115041617122475,0.12425257863117944
natural,refit_per_N,tuned_once,UNSW-NB15,100,3,3,full_test,XGBoost,0.7376114336095572,0.743574794733518,0.7431972192251841,0.7358545505710422,1682,0.8555291319857312,1.0,0.9221403396347324,0.22794553874672163,0.3649930190336887,0.41044513650482123,0.1292821043199656,0.36275474822833054,0.30659401962916943,0.4666622750080156,0.088415051427425
natural,refit_per_N,tuned_once,UNSW-NB15,100,4,3,fixed_300,QSVM_ZZ,0.5428273315119647,0.63,0.7272224679345423,0.5922558922558923,6,1.0,1.0,1.0,0.2608734253257316,0.7201679119536673,0.7062397132822857,0.296516833977162,0.7773751228113109,0.23643698233823846,0.7773751228113109,0.23643698233823846
natural,refit_per_N,tuned_once,UNSW-NB15,100,4,3,fixed_300,QSVM_Z,0.4957010582010582,0.5933333333333334,0.6387470207694927,0.5548821548821549,6,1.0,1.0,1.0,0.27935839335868723,0.8263459625292502,0.8038011829142537,0.3388103010151647,0.9767429837913645,0.13994741458460863,0.9767429837913645,0.13994741458460863
natural,refit_per_N,tuned_once,UNSW-NB15,100,4,3,fixed_300,SVM_Linear,0.5165361742181149,0.6233333333333333,0.776268115942029,0.5821548821548821,6,1.0,1.0,1.0,0.2844579881817123,0.9807958776146061,1.006663846234712,0.171769616842236,0.9828644513519613,0.07429356089882795,0.9828644513519613,0.07429356089882795
natural,refit_per_N,tuned_once,UNSW-NB15,100,4,3,fixed_300,SVM_Poly2,0.5039611220543199,0.6166666666666667,0.7722367560497057,0.5747474747474748,6,1.0,1.0,1.0,0.2359615087712791,0.9599793743438092,0.982070185938123,0.11303266199913313,1.0019320259459221,0.019954544926779536,1.0019320259459221,0.019954544926779536
natural,refit_per_N,tuned_once,UNSW-NB15,100,4,3,fixed_300,SVM_RBF,0.3548387096774194,0.55,0.275,0.5,6,1.0,1.0,1.0,0.1407348283342344,0.9433635701405606,0.9446315261613104,0.13195604251705975,0.9853984971289131,0.023626227118054344,0.9853984971289131,0.023626227118054344
natural,refit_per_N,tuned_once,UNSW-NB15,100,4,3,fixed_300,RandomForest,0.5994865211810013,0.6533333333333333,0.7031539888682746,0.6228956228956228,6,1.0,1.0,1.0,0.17401666666666665,0.33653967035436144,0.33185000000000003,0.1828013334196444,0.345,0.18071616788027942,0.345,0.18071616788027942
natural,refit_per_N,tuned_once,UNSW-NB15,100,4,3,fixed_300,XGBoost,0.6480395183698673,0.6833333333333333,0.718944099378882,0.6582491582491582,6,1.0,1.0,1.0,0.18087935606638592,0.39180551350937265,0.41230729877948763,0.1274032701326615,0.4172114332516988,0.12459790160377865,0.4172114332516988,0.12459790160377865
natural,refit_per_N,tuned_once,UNSW-NB15,100,4,3,full_test,QSVM_ZZ,0.5709741342460687,0.6440144779672545,0.7256833318601252,0.6084901638601453,1682,0.9791914387633769,1.0,0.9894863322319015,0.30355410651400055,0.7107312678251382,0.7146748984340742,0.29414931615437634,0.785120916172217,0.2949840835978018,0.8063219630139158,0.23081454579060123
natural,refit_per_N,tuned_once,UNSW-NB15,100,4,3,full_test,QSVM_Z,0.5438646651850998,0.6224189865422922,0.6824411074860843,0.5864278047128572,1682,0.9815695600475625,1.0,0.9906990699069907,0.30717597560864945,0.8117136036780295,0.8039799836186591,0.32688260939921426,0.9369552165971142,0.2626233363885616,0.9511231906845117,0.20547693512051118
natural,refit_per_N,tuned_once,UNSW-NB15,100,4,3,full_test,SVM_Linear,0.5438252651375685,0.6380629645824224,0.7797423794667911,0.5981925517682158,1682,0.995243757431629,1.0,0.9976162097735399,0.3086752818832761,0.9724095798834971,1.0094016028252681,0.14822019062428285,1.0405595505068983,0.16163111462698493,1.049113236793674,0.09083067626622984
natural,refit_per_N,tuned_once,UNSW-NB15,100,4,3,full_test,SVM_Poly2,0.5254894821445795,0.6282976242530244,0.7770570534972904,0.5872059818134555,1682,0.9958382877526754,1.0,0.9979148048853143,0.26887644427253954,0.9531683017661068,0.9835000699469553,0.11641291247392639,0.9919921267422831,0.13238447848207988,1.0003970946008351,0.027922800286820017
natural,refit_per_N,tuned_once,UNSW-NB15,100,4,3,full_test,SVM_RBF,0.3550883569369595,0.5506000097167566,0.2753000048583783,0.5,1682,1.0,1.0,1.0,0.15044246733947372,0.9350896087688346,0.9353540892199755,0.1487892475487079,0.99373030247967,0.037236095794841044,0.99373030247967,0.037236095794841044
natural,refit_per_N,tuned_once,UNSW-NB15,100,4,3,full_test,RandomForest,0.6340101185359468,0.6708691638730991,0.701115865970769,0.6453628592414881,1682,0.9524375743162902,1.0,0.9756394640682094,0.1806406986347957,0.32915350963517387,0.3301360345916533,0.1788387362193053,0.42468489892984546,0.1656392922784681,0.4348454221165279,0.13675926802181795
natural,refit_per_N,tuned_once,UNSW-NB15,100,4,3,full_test,XGBoost,0.6769532195633194,0.7009789632220764,0.7223860305565714,0.6803481580936801,1682,0.9346016646848989,1.0,0.9661954517516902,0.19833724118629084,0.37183683005861445,0.3972953554934769,0.14055849292283853,0.42029605984829554,0.18941790926529675,0.44926023993565833,0.10340773224180531
natural,refit_per_N,tuned_once,UNSW-NB15,100,5,3,fixed_300,QSVM_ZZ,0.5109717868338558,0.61,0.6944444444444444,0.5707070707070707,6,1.0,1.0,1.0,0.2688642643584492,0.6814430803665775,0.6631438996918724,0.3112761358182729,0.733382833649871,0.34291249887677183,0.733382833649871,0.34291249887677183
natural,refit_per_N,tuned_once,UNSW-NB15,100,5,3,fixed_300,QSVM_Z,0.562425878215352,0.6433333333333333,0.7493686868686869,0.6063973063973064,6,1.0,1.0,1.0,0.34898048872969345,0.7995233140253186,0.8123172777388294,0.3180653257917648,0.8330665647673191,0.2750502994012838,0.8330665647673191,0.2750502994012838
natural,refit_per_N,tuned_once,UNSW-NB15,100,5,3,fixed_300,SVM_Linear,0.5712625716231918,0.6433333333333333,0.7228682170542635,0.6084175084175084,6,1.0,1.0,1.0,0.35106848724535034,0.8861048895460844,0.8882720311083036,0.34554848685089906,0.973471261679323,0.13659947888483276,0.973471261679323,0.13659947888483276
natural,refit_per_N,tuned_once,UNSW-NB15,100,5,3,fixed_300,SVM_Poly2,0.5056818181818181,0.6133333333333333,0.7345454545454546,0.5723905723905724,6,1.0,1.0,1.0,0.2756062874215495,0.8996287510759007,0.9112497460651677,0.23433867739842293,1.0115044128879862,0.016347746012664144,1.0115044128879862,0.016347746012664144
natural,refit_per_N,tuned_once,UNSW-NB15,100,5,3,fixed_300,SVM_RBF,0.3548387096774194,0.55,0.275,0.5,6,1.0,1.0,1.0,0.1630228298146889,0.9013355740558248,0.900014533979233,0.17016491625912836,0.9937272788337577,0.024829617180393865,0.9937272788337577,0.024829617180393865
natural,refit_per_N,tuned_once,UNSW-NB15,100,5,3,fixed_300,RandomForest,0.6919359710057384,0.7166666666666667,0.7471590909090908,0.6952861952861953,6,0.8333333333333334,1.0,0.9090909090909091,0.1953333333333333,0.28915086412152086,0.30843333333333334,0.16319378732728224,0.29000000000000004,0.21100947846009194,0.29000000000000004,0.21100947846009194
natural,refit_per_N,tuned_once,UNSW-NB15,100,5,3,fixed_300,XGBoost,0.7076199299731685,0.73,0.7609644215708211,0.7094276094276094,6,1.0,1.0,1.0,0.22189305027325948,0.36033556284146917,0.4074040679136912,0.11445596994139773,0.4269302586714427,0.07833697375375082,0.4269302586714427,0.07833697375375082
natural,refit_per_N,tuned_once,UNSW-NB15,100,5,3,full_test,QSVM_ZZ,0.5661340580508518,0.644913277947821,0.745236726631144,0.6080172838946774,1682,0.976218787158145,1.0,0.9879663056558363,0.30118709539217026,0.6788687480666763,0.6763328182751981,0.30683931048077373,0.8054526450338273,0.2952948972593167,0.8232750565303363,0.2411871079356243
natural,refit_per_N,tuned_once,UNSW-NB15,100,5,3,full_test,QSVM_Z,0.586594876019186,0.6563061749987854,0.7489622068518502,0.6211102341642798,1682,0.9785969084423306,1.0,0.9891826923076923,0.38600486492339386,0.7812841318545469,0.807306366224287,0.3281174812258224,0.9473737827660266,0.30883464415673,0.9716951848193717,0.22069071005067614
natural,refit_per_N,tuned_once,UNSW-NB15,100,5,3,full_test,SVM_Linear,0.6042726253513695,0.6628892775591507,0.7333593778753988,0.6303967425909983,1682,0.990487514863258,1.0,0.995221027479092,0.379136094226762,0.8659899004116417,0.8817945455410529,0.3407654105312583,0.9850522201436945,0.2495663261816974,0.9999055349009396,0.18110811370095284
natural,refit_per_N,tuned_once,UNSW-NB15,100,5,3,full_test,SVM_Poly2,0.5434700115115386,0.6326215809162902,0.7400436938096844,0.5939839442813502,1682,0.9928656361474435,1.0,0.9964200477326969,0.3126599405785797,0.9059346096379082,0.923018535762878,0.2578963707006036,0.9847284426226716,0.17477455480951376,0.9971138737231743,0.07746078716164338
natural,refit_per_N,tuned_once,UNSW-NB15,100,5,3,full_test,SVM_RBF,0.3550883569369595,0.5506000097167566,0.2753000048583783,0.5,1682,1.0,1.0,1.0,0.17347022270397455,0.8922217305241922,0.8901837440234763,0.18364214238811535,0.9847507275854439,0.07770248516610986,0.9847507275854439,0.07770248516610986
natural,refit_per_N,tuned_once,UNSW-NB15,100,5,3,full_test,RandomForest,0.7044988855322845,0.7225501627556722,0.7397020442784596,0.7047554975782278,1682,0.9369797859690844,1.0,0.9674647022713321,0.19356635330126803,0.28261943667396566,0.2985721833551961,0.16791762993435855,0.3816498216409037,0.1880119198680055,0.3977675386444709,0.15095050040230504
natural,refit_per_N,tuned_once,UNSW-NB15,100,5,3,full_test,XGBoost,0.7132583809878137,0.7291575572074042,0.7437755944799926,0.7126259583946428,1682,0.9482758620689655,1.0,0.9734513274336283,0.21374441360806734,0.3598191113937019,0.3995997016182627,0.12440476574233499,0.4235831034523695,0.17951558682354782,0.44999373543843646,0.0956772152035477
natural,refit_per_N,tuned_once,UNSW-NB15,100,6,3,fixed_300,QSVM_ZZ,0.5977393200416046,0.6433333333333333,0.6708156779661016,0.6158249158249158,6,1.0,1.0,1.0,0.3240410474846078,0.6637012349681221,0.6559037436478241,0.33954706422218073,0.8350283874202112,0.21345875431517417,0.8350283874202112,0.21345875431517417
natural,refit_per_N,tuned_once,UNSW-NB15,100,6,3,fixed_300,QSVM_Z,0.6126833298905185,0.6666666666666666,0.730883813306852,0.6356902356902356,6,0.8333333333333334,1.0,0.9090909090909091,0.38314002102791167,0.7727066732095884,0.7990919178314141,0.32453657019265275,0.7396890952935617,0.5186085988882095,0.8622741881468481,0.269403156983532
natural,refit_per_N,tuned_once,UNSW-NB15,100,6,3,fixed_300,SVM_Linear,0.5560841365767311,0.6433333333333333,0.7728544776119404,0.6050505050505051,6,1.0,1.0,1.0,0.33293909540106176,0.9397068670059021,0.9826850489711926,0.16801051060279032,1.0375303625627668,0.12011741453546225,1.0375303625627668,0.12011741453546225
natural,refit_per_N,tuned_once,UNSW-NB15,100,6,3,fixed_300,SVM_Poly2,0.5288558129005787,0.63,0.7800393037619315,0.5895622895622895,6,1.0,1.0,1.0,0.27455347273588093,0.9524581091628816,0.9806003776263431,0.1448411491964102,1.0147431374733695,0.026541442667959003,1.0147431374733695,0.026541442667959003
natural,refit_per_N,tuned_once,UNSW-NB15,100,6,3,fixed_300,SVM_RBF,0.3548387096774194,0.55,0.275,0.5,6,1.0,1.0,1.0,0.14298910661389577,0.9499729289878723,0.9521363552612893,0.12779206317211264,0.9981142222410049,0.017725012097271106,0.9981142222410049,0.017725012097271106
natural,refit_per_N,tuned_once,UNSW-NB15,100,6,3,fixed_300,RandomForest,0.7109283196239717,0.7266666666666667,0.7406931964056482,0.7104377104377104,6,0.8333333333333334,1.0,0.9090909090909091,0.19019999999999998,0.30568250413350995,0.3239333333333333,0.15711469978613996,0.26,0.26586337343329813,0.325,0.18071616788027942
natural,refit_per_N,tuned_once,UNSW-NB15,100,6,3,fixed_300,XGBoost,0.6871966346672419,0.71,0.7331349206349207,0.6898989898989899,6,0.8333333333333334,1.0,0.9090909090909091,0.1961196259657542,0.3714784196958802,0.3962569413582484,0.13942582405745899,0.2666684190432231,0.3070005517535108,0.3908442457516988,0.11225934283950588
natural,refit_per_N,tuned_once,UNSW-NB15,100,6,3,full_test,QSVM_ZZ,0.6149114250845815,0.659743477627168,0.6968209746462013,0.631682981534433,1682,0.8549346016646849,1.0,0.9217948717948717,0.33016611918864847,0.6666329066202284,0.665318699440493,0.3328064401778275,0.7170916476518168,0.46228903997227644,0.7923428953536699,0.31642427813467433
natural,refit_per_N,tuned_once,UNSW-NB15,100,6,3,full_test,QSVM_Z,0.6340574364905518,0.6801000825924306,0.7369968507783302,0.6508692445644269,1682,0.9417360285374554,1.0,0.969993876301286,0.39099952740922284,0.768784901034411,0.7954591683229539,0.33340000903371175,0.8574705419306266,0.3707726831136985,0.9021996606167847,0.24241263416969847
natural,refit_per_N,tuned_once,UNSW-NB15,100,6,3,full_test,SVM_Linear,0.5593820514037935,0.6460185590050042,0.7776300280944621,0.6073643103970466,1682,0.9928656361474435,1.0,0.9964200477326969,0.3397491552600605,0.9242581895084752,0.9705460517004665,0.16650240509387407,1.0602805196001919,0.22787466135287857,1.0730636097434725,0.15702270846807811
natural,refit_per_N,tuned_once,UNSW-NB15,100,6,3,full_test,SVM_Poly2,0.5459525935017697,0.6396054996842054,0.7833571051084012,0.5997870628945366,1682,0.9958382877526754,1.0,0.9979148048853143,0.29416871744557554,0.9520013254745813,0.9887774231177483,0.12312987274240114,1.004397670528693,0.15353174999011734,1.014866827514356,0.0493153244888364
natural,refit_per_N,tuned_once,UNSW-NB15,100,6,3,full_test,SVM_RBF,0.3550883569369595,0.5506000097167566,0.2753000048583783,0.5,1682,1.0,1.0,1.0,0.1469092093673094,0.9466155921360534,0.9486315023391129,0.1332729073812718,1.002631320193137,0.03251948762584009,1.002631320193137,0.03251948762584009
natural,refit_per_N,tuned_once,UNSW-NB15,100,6,3,full_test,RandomForest,0.7123544697543711,0.7258660059272215,0.7349970177344585,0.7112165822842166,1682,0.8703923900118906,1.0,0.9307056579783852,0.19624884613516008,0.30069957206333986,0.3211559296506826,0.16060109308053688,0.3390309155766944,0.23542492055394212,0.38592746730083227,0.14637911366505346
natural,refit_per_N,tuned_once,UNSW-NB15,100,6,3,full_test,XGBoost,0.6917563511868284,0.7092503522324248,0.7214464246019886,0.6922308565514248,1682,0.8793103448275862,1.0,0.9357798165137615,0.20188639746595274,0.36778141423910665,0.39599144033809297,0.13860759474307519,0.36830657887118606,0.2555184231550815,0.4314859577861042,0.12148773125243889
natural,refit_per_N,tuned_once,UNSW-NB15,100,7,3,fixed_300,QSVM_ZZ,0.5507126626730015,0.6133333333333333,0.6392177832098388,0.5818181818181818,6,0.6666666666666666,1.0,0.8,0.25563004138495926,0.6778199655957209,0.6475525339972438,0.32474965670868505,0.3321329186570435,0.5711099566848739,0.5522722257592122,0.3625937767463894
natural,refit_per_N,tuned_once,UNSW-NB15,100,7,3,fixed_300,QSVM_Z,0.6641623961391114,0.7,0.7483825507654859,0.674074074074074,6,0.5,1.0,0.6666666666666666,0.3823965551729256,0.7989970867178433,0.8405679629915185,0.27940824895484073,0.08625022943759802,0.9150506170194613,0.9005782367525486,0.1836180091205803
natural,refit_per_N,tuned_once,UNSW-NB15,100,7,3,fixed_300,SVM_Linear,0.6762166405023547,0.7066666666666667,0.7457606662241265,0.6828282828282828,6,0.5,1.0,0.6666666666666666,0.39835517386557057,0.7873454617748062,0.7829714180918415,0.4068850933299262,0.3201611566072334,0.7137766836500641,0.7061674935009902,0.3366122271176348
natural,refit_per_N,tuned_once,UNSW-NB15,100,7,3,fixed_300,SVM_Poly2,0.5899442538593482,0.66,0.7620303230059328,0.6249158249158249,6,0.8333333333333334,1.0,0.9090909090909091,0.31134205323349706,0.8626195091972457,0.8808803597294066,0.25513934154171114,0.6274843004458869,0.4209896180956045,0.6594621985005864,0.3688880786893501
natural,refit_per_N,tuned_once,UNSW-NB15,100,7,3,fixed_300,SVM_RBF,0.3548387096774194,0.55,0.275,0.5,6,1.0,1.0,1.0,0.19172703334437738,0.858109974700451,0.847845065305945,0.23296078904356987,0.7581495954866155,0.25691465737747854,0.7581495954866155,0.25691465737747854
natural,refit_per_N,tuned_once,UNSW-NB15,100,7,3,fixed_300,RandomForest,0.7057587221521648,0.72,0.7295341474445952,0.705050505050505,6,0.5,1.0,0.6666666666666666,0.17886666666666667,0.3028262134551029,0.30946666666666667,0.16711487732162633,0.08666666666666667,0.3303995897226401,0.325,0.10511898020814317
natural,refit_per_N,tuned_once,UNSW-NB15,100,7,3,fixed_300,XGBoost,0.7152777777777778,0.7266666666666667,0.7326007326007327,0.7138047138047138,6,0.5,1.0,0.6666666666666666,0.20775944958130518,0.3473100772670335,0.37656862984100975,0.14827118965336544,0.09367384513219197,0.4158314526355382,0.39080458879470825,0.17018331187231825
natural,refit_per_N,tuned_once,UNSW-NB15,100,7,3,full_test,QSVM_ZZ,0.5913818598393407,0.644949715784871,0.6853582154378909,0.6146025777387729,1682,0.8787158145065398,1.0,0.9354430379746835,0.28876082871158326,0.6732682061831563,0.6525502598813933,0.33294301612139504,0.6302808230648564,0.4609348863937573,0.7016346874749435,0.34267134509625563
natural,refit_per_N,tuned_once,UNSW-NB15,100,7,3,full_test,QSVM_Z,0.6687967245032181,0.7003716659379099,0.7375830821742229,0.6760486512719373,1682,0.9209274673008323,1.0,0.9588362735995049,0.3919290081379812,0.794946486409727,0.8423742393020377,0.275597359630867,0.7931779960671145,0.4689409524175437,0.9004270478513722,0.19562229371157872
natural,refit_per_N,tuned_once,UNSW-NB15,100,7,3,full_test,SVM_Linear,0.6777456726075104,0.7022664334645096,0.7251679801141927,0.6813285430493584,1682,0.896551724137931,1.0,0.9454545454545454,0.41828266425384797,0.7680723142677827,0.7685630770037998,0.41738023890262965,0.8197721991012534,0.456944040866562,0.8864827569455987,0.3081763075593215
natural,refit_per_N,tuned_once,UNSW-NB15,100,7,3,full_test,SVM_Poly2,0.595117572357327,0.6637394937569839,0.7658448118682019,0.6285136661412141,1682,0.9785969084423306,1.0,0.9891826923076923,0.33324808883447077,0.848940183648837,0.873117461946883,0.263476036422635,0.9172867671762113,0.24010766907165002,0.932184341575224,0.1734908046715222
natural,refit_per_N,tuned_once,UNSW-NB15,100,7,3,full_test,SVM_RBF,0.3550883569369595,0.5506000097167566,0.2753000048583783,0.5,1682,1.0,1.0,1.0,0.1988916303737324,0.8446565631635866,0.8319835499851408,0.2465886511625504,0.9522978796432616,0.138386213496039,0.9522978796432616,0.138386213496039
natural,refit_per_N,tuned_once,UNSW-NB15,100,7,3,full_test,RandomForest,0.6950809198845376,0.710137006267308,0.7185106294023278,0.6947647363237233,1682,0.8347205707491082,1.0,0.9099157485418017,0.17610710294903562,0.3060338606175957,0.31129415051255893,0.16663249206045178,0.25322235434007134,0.22991808865500554,0.3030439952437574,0.15858191944544361
natural,refit_per_N,tuned_once,UNSW-NB15,100,7,3,full_test,XGBoost,0.6963809658635717,0.7080114657727251,0.7111089450855725,0.6953257611710361,1682,0.7282996432818074,1.0,0.8427932576539388,0.19120620085037884,0.35662890804973096,0.37692102747889467,0.14722271680903457,0.2246202369542808,0.29902216694986045,0.33140207618014283,0.1733238906794972
natural,refit_per_N,tuned_once,UNSW-NB15,100,8,3,fixed_300,QSVM_ZZ,0.47159090909090906,0.5866666666666667,0.6472727272727272,0.5454545454545454,6,0.8333333333333334,1.0,0.9090909090909091,0.2858952767918867,0.7203039288183667,0.7120561911530524,0.30585918296446774,0.6620996906116425,0.3869832200124862,0.6789676382874767,0.35655989544197353
natural,refit_per_N,tuned_once,UNSW-NB15,100,8,3,fixed_300,QSVM_Z,0.49881371874605157,0.6033333333333334,0.6851365546218487,0.5632996632996633,6,1.0,1.0,1.0,0.26988409687301285,0.842792150011988,0.840691909401473,0.27635692018420066,0.9127271353710786,0.12908077919906433,0.9127271353710786,0.12908077919906433
natural,refit_per_N,tuned_once,UNSW-NB15,100,8,3,fixed_300,SVM_Linear,0.6566993382755362,0.6933333333333334,0.7387739414515406,0.6673400673400673,6,1.0,1.0,1.0,0.4327383759774445,0.7819990935876142,0.7793937429214255,0.4374133947541812,0.6923977915073567,0.4813350045608492,0.6923977915073567,0.4813350045608492
natural,refit_per_N,tuned_once,UNSW-NB15,100,8,3,fixed_300,SVM_Poly2,0.4577777777777778,0.5933333333333334,0.7543859649122807,0.5488215488215488,6,1.0,1.0,1.0,0.24780535134583015,0.9284788986033347,0.9358537663789996,0.21830777645684657,1.0735720133078803,0.11839423657154127,1.0735720133078803,0.11839423657154127
natural,refit_per_N,tuned_once,UNSW-NB15,100,8,3,fixed_300,SVM_RBF,0.3548387096774194,0.55,0.275,0.5,6,1.0,1.0,1.0,0.16791739502903535,0.8997138336570047,0.8958192001470805,0.18758783189473208,0.9691183798941173,0.035883144601266626,0.9691183798941173,0.035883144601266626
natural,refit_per_N,tuned_once,UNSW-NB15,100,8,3,fixed_300,RandomForest,0.6790507683330091,0.7066666666666667,0.7389202725525597,0.6841750841750842,6,0.8333333333333334,1.0,0.9090909090909091,0.18198333333333333,0.32889762802766187,0.32828333333333326,0.1830891487469667,0.2891666666666666,0.21430929103102883,0.2941666666666667,0.207392877301887
natural,refit_per_N,tuned_once,UNSW-NB15,100,8,3,fixed_300,XGBoost,0.6731393152873952,0.7,0.7272466922504153,0.6781144781144781,6,1.0,1.0,1.0,0.1941161964337031,0.3917348083268939,0.4173933889468511,0.13007696427984075,0.4075477719306946,0.09381613847300416,0.4075477719306946,0.09381613847300416
natural,refit_per_N,tuned_once,UNSW-NB15,100,8,3,full_test,QSVM_ZZ,0.5188734869582002,0.6194432298498761,0.7311557701923798,0.5791056934901901,1682,0.9815695600475625,1.0,0.9906990699069907,0.30666593155486055,0.7154209526151947,0.712931546719693,0.3124095752519585,0.8587726527908941,0.28613480538910185,0.8713897930685545,0.24503759828342786
natural,refit_per_N,tuned_once,UNSW-NB15,100,8,3,full_test,QSVM_Z,0.5463764308816508,0.6296093863868241,0.7129017874331189,0.5923265290791542,1682,0.9780023781212842,1.0,0.9888788698527202,0.30060226750485786,0.8242002548091212,0.8288150286964853,0.2876341973120143,0.945332954389398,0.28482486868135987,0.9660662635419233,0.20370462665361497
natural,refit_per_N,tuned_once,UNSW-NB15,100,8,3,full_test,SVM_Linear,0.682004815644375,0.7061652820288588,0.7299784515482535,0.6852888467307863,1682,0.920332936979786,1.0,0.958513931888545,0.43086764958329277,0.7538060362706892,0.7466076071930259,0.4432240434103988,0.9547302101857975,0.4576515931623023,0.9929105613261054,0.36753689906251386
natural,refit_per_N,tuned_once,UNSW-NB15,100,8,3,full_test,SVM_Poly2,0.48629959307675796,0.6077588301025117,0.7643774155583842,0.5643297926886561,1682,0.9958382877526754,1.0,0.9979148048853143,0.2731228428940472,0.9059649338796,0.920251359388453,0.22024074162992302,1.0682271354683743,0.1999515266361102,1.075567756823137,0.1557042916477413
natural,refit_per_N,tuned_once,UNSW-NB15,100,8,3,full_test,SVM_RBF,0.3550883569369595,0.5506000097167566,0.2753000048583783,0.5,1682,1.0,1.0,1.0,0.1788389756275648,0.8817249164395123,0.8757161314027415,0.20626067166282183,0.9718812305870014,0.0903980347247337,0.9718812305870014,0.0903980347247337
natural,refit_per_N,tuned_once,UNSW-NB15,100,8,3,full_test,RandomForest,0.6606070659740326,0.688262158091629,0.7110602189805062,0.6661970256676866,1682,0.9363852556480381,1.0,0.9671476819158735,0.1781406379050673,0.3301314230431787,0.3298585604625176,0.17864538461246104,0.40703626634958384,0.18525820074686872,0.4240695600475624,0.14200046235432934
natural,refit_per_N,tuned_once,UNSW-NB15,100,8,3,full_test,XGBoost,0.6701870633106188,0.693654957975028,0.7112616472069934,0.6735581356526384,1682,0.9304399524375743,1.0,0.9639667385278718,0.18995283070669539,0.39126471429464926,0.41420657910605313,0.132676540393624,0.42586500930304194,0.2037800107726899,0.4608090557113697,0.10267576692478776
natural,refit_per_N,tuned_once,UNSW-NB15,100,9,3,fixed_300,QSVM_ZZ,0.5738636363636364,0.6466666666666666,0.7337790752424899,0.6114478114478115,6,0.8333333333333334,1.0,0.9090909090909091,0.2909013898350748,0.6725767832731798,0.6648042836088668,0.30825056772271703,0.5998878858663671,0.4283733712350398,0.614427370621117,0.40724467709733575
natural,refit_per_N,tuned_once,UNSW-NB15,100,9,3,fixed_300,QSVM_Z,0.5552350042072365,0.63,0.6951827242524917,0.5949494949494949,6,1.0,1.0,1.0,0.2849823060029834,0.8214868534822855,0.8225448355794343,0.28191409798129213,1.0330079817029516,0.046034115951736565,1.0330079817029516,0.046034115951736565
natural,refit_per_N,tuned_once,UNSW-NB15,100,9,3,fixed_300,SVM_Linear,0.644633972992182,0.6833333333333333,0.7263014763014763,0.6569023569023569,6,0.8333333333333334,1.0,0.9090909090909091,0.40597935325522594,0.8317787449484041,0.8110180235799065,0.4460099564426966,0.5842068290069303,0.4454418979476912,0.6173199729821249,0.3982865230746862
natural,refit_per_N,tuned_once,UNSW-NB15,100,9,3,fixed_300,SVM_Poly2,0.4713345864661654,0.6,0.760340885470796,0.5562289562289562,6,1.0,1.0,1.0,0.2768280180037239,0.8623948563024236,0.8627543593485929,0.2757055588009552,0.8812620027528918,0.1575371374984749,0.8812620027528918,0.1575371374984749
natural,refit_per_N,tuned_once,UNSW-NB15,100,9,3,fixed_300,SVM_RBF,0.3548387096774194,0.55,0.275,0.5,6,1.0,1.0,1.0,0.17513668121333814,0.8802432633719546,0.8813301917368361,0.16958228961552052,0.9045982137582101,0.10486344323391325,0.9045982137582101,0.10486344323391325
natural,refit_per_N,tuned_once,UNSW-NB15,100,9,3,fixed_300,RandomForest,0.6072270227808326,0.65,0.6777389277389277,0.6232323232323232,6,0.8333333333333334,1.0,0.9090909090909091,0.13248333333333331,0.3120036053032436,0.3013166666666667,0.15526219669392233,0.19499999999999995,0.21692932796957937,0.2366666666666666,0.17050578354478838
natural,refit_per_N,tuned_once,UNSW-NB15,100,9,3,fixed_300,XGBoost,0.59429330279365,0.63,0.6392152255639099,0.6063973063973064,6,0.6666666666666666,1.0,0.8,0.13591271450122197,0.39403726440995335,0.4002881575624148,0.1162197170107444,0.10280463099479675,0.3627431845240502,0.3531557619571686,0.13203188201747773
natural,refit_per_N,tuned_once,UNSW-NB15,100,9,3,full_test,QSVM_ZZ,0.5738447761736494,0.6451926346985376,0.7242216715479086,0.6100319659640228,1682,0.9565992865636147,1.0,0.977818292312367,0.3049891482864188,0.6721203148712444,0.6669079152596835,0.3162244943059891,0.7737764752389958,0.3442669160401047,0.8013244144803254,0.2740965630408606
natural,refit_per_N,tuned_once,UNSW-NB15,100,9,3,full_test,QSVM_Z,0.6036652140140256,0.6626463586454842,0.7337730000552287,0.6300594103324184,1682,0.9661117717003567,1.0,0.9827638342908981,0.3249345969896971,0.8066554438269453,0.8193215375625383,0.29152652617328145,0.8970927752225596,0.28167056747858704,0.9205974109888216,0.19134827624230566
natural,refit_per_N,tuned_once,UNSW-NB15,100,9,3,full_test,SVM_Linear,0.6610790983160735,0.6965335471019773,0.7405464706343414,0.670670616305885,1682,0.9363852556480381,1.0,0.9671476819158735,0.42307559444797577,0.8084528995623,0.7934955474627191,0.4505040128401056,0.8406995384398633,0.38356450732621,0.8665063006587534,0.32103625361021026
natural,refit_per_N,tuned_once,UNSW-NB15,100,9,3,full_test,SVM_Poly2,0.50322124223466,0.6159573434387602,0.7651135826853697,0.5736227949470691,1682,0.9964328180737217,1.0,0.9982132221560452,0.29458298885515755,0.8549748704629522,0.867250892916716,0.2561972973728227,0.9461513361131314,0.17641151551271217,0.9533716368083301,0.13193140552408647
natural,refit_per_N,tuned_once,UNSW-NB15,100,9,3,full_test,SVM_RBF,0.3550883569369595,0.5506000097167566,0.2753000048583783,0.5,1682,1.0,1.0,1.0,0.17611699145227494,0.8760959643065939,0.8774397218625545,0.16929520917694052,0.9580639923452674,0.09874210202639733,0.9580639923452674,0.09874210202639733
natural,refit_per_N,tuned_once,UNSW-NB15,100,9,3,full_test,RandomForest,0.6482652804136468,0.6838896176456299,0.7197797409026125,0.6584261413094026,1682,0.8876337693222355,1.0,0.9404724409448819,0.1578930428023126,0.30618064647912013,0.30746113297381333,0.15538485432693852,0.22147740784780023,0.19775171145297124,0.25737514863258026,0.14804058374620543
natural,refit_per_N,tuned_once,UNSW-NB15,100,9,3,full_test,XGBoost,0.6504627155887108,0.6797842880046641,0.7016894607407609,0.6572042218252842,1682,0.8186682520808561,1.0,0.900294213795358,0.17749637220514033,0.3797478984929612,0.40166954431464374,0.11989581196135482,0.2736425666973509,0.28452778914741195,0.3775766413220327,0.11520502173864332
natural,refit_per_N,tuned_once,UNSW-NB15,100,10,3,fixed_300,QSVM_ZZ,0.5552350042072365,0.63,0.6951827242524917,0.5949494949494949,6,0.8333333333333334,1.0,0.9090909090909091,0.2947510201131467,0.7055616707552168,0.6858270277048097,0.33813713662687156,0.6345507813617527,0.6053666445754405,0.8510303608266169,0.2118272726601958
natural,refit_per_N,tuned_once,UNSW-NB15,100,10,3,fixed_300,QSVM_Z,0.5026123301985371,0.6033333333333334,0.6759259259259259,0.5639730639730639,6,1.0,1.0,1.0,0.29568914789152745,0.8356818344968208,0.8283160782683124,0.3157351345209973,0.8328417796810998,0.2829746757980604,0.8328417796810998,0.2829746757980604
natural,refit_per_N,tuned_once,UNSW-NB15,100,10,3,fixed_300,SVM_Linear,0.562425878215352,0.6433333333333333,0.7493686868686869,0.6063973063973064,6,1.0,1.0,1.0,0.392312334923933,0.8850252173320311,0.8742441622970123,0.4157832946820641,0.8117281677256756,0.31073517350835717,0.8117281677256756,0.31073517350835717
natural,refit_per_N,tuned_once,UNSW-NB15,100,10,3,fixed_300,SVM_Poly2,0.4625234962406015,0.5933333333333334,0.729162336312617,0.5494949494949495,6,1.0,1.0,1.0,0.25244861175344063,0.9201398328112658,0.921853534069769,0.24611719815011004,0.9855195985947498,0.09640352603791587,0.9855195985947498,0.09640352603791587
natural,refit_per_N,tuned_once,UNSW-NB15,100,10,3,fixed_300,SVM_RBF,0.3548387096774194,0.55,0.275,0.5,6,1.0,1.0,1.0,0.15456176592380547,0.9276329976277619,0.9284741439973838,0.1494258401404452,0.9920063614384108,0.007624927241161111,0.9920063614384108,0.007624927241161111
natural,refit_per_N,tuned_once,UNSW-NB15,100,10,3,fixed_300,RandomForest,0.64,0.68,0.723404255319149,0.6531986531986532,6,0.8333333333333334,1.0,0.9090909090909091,0.16966666666666663,0.3241651670916472,0.33546666666666664,0.14605460926957728,0.2308333333333333,0.31110577872414324,0.3541666666666667,0.15696115938522992
natural,refit_per_N,tuned_once,UNSW-NB15,100,10,3,fixed_300,XGBoost,0.655,0.6933333333333334,0.7430441898527005,0.6666666666666667,6,0.8333333333333334,1.0,0.9090909090909091,0.17469928751389185,0.3908273391894359,0.4097531784574191,0.12396847526608669,0.27070767680803937,0.3198684129658859,0.41271014014879864,0.07258641825079543
natural,refit_per_N,tuned_once,UNSW-NB15,100,10,3,full_test,QSVM_ZZ,0.5825196553034692,0.6464801049409707,0.7091778127094994,0.6131483994362315,1682,0.9571938168846611,1.0,0.9781287970838396,0.33105139374141823,0.6938988909751816,0.6918243136825946,0.33536519675173415,0.8587374315531587,0.3703941227722053,0.8951758599710944,0.2707064134070688
natural,refit_per_N,tuned_once,UNSW-NB15,100,10,3,full_test,QSVM_Z,0.5222705895770601,0.6183622406840596,0.7129477154789001,0.5789039530574429,1682,0.9791914387633769,1.0,0.9894863322319015,0.3252153308627907,0.8179200299716677,0.8142449911361507,0.3343101572892126,0.9016776144925372,0.262531374910046,0.9129977729977946,0.2199552449708334
natural,refit_per_N,tuned_once,UNSW-NB15,100,10,3,full_test,SVM_Linear,0.5446194771236234,0.6287348782976242,0.7126765953634528,0.5912964292272507,1682,0.9892984542211652,1.0,0.9946204423191871,0.3627128404425223,0.8841278513416373,0.8625105000854437,0.4114830487179522,0.9877294273847613,0.30436426665592725,0.9970763464941195,0.2721870456152668
natural,refit_per_N,tuned_once,UNSW-NB15,100,10,3,full_test,SVM_Poly2,0.4988211991149218,0.6099208084341446,0.729510441777631,0.5680913405243239,1682,0.9946492271105827,1.0,0.9973174366616989,0.270658795944174,0.9225350326219925,0.9306297300904445,0.24136150419774383,0.9707848938875793,0.1759558644589447,0.9790913628793891,0.12150670587582171
natural,refit_per_N,tuned_once,UNSW-NB15,100,10,3,full_test,SVM_RBF,0.3550883569369595,0.5506000097167566,0.2753000048583783,0.5,1682,1.0,1.0,1.0,0.15889523674215947,0.9231631949866116,0.9229362067976314,0.16020842368376045,0.9834709831507249,0.051150983446028996,0.9834709831507249,0.051150983446028996
natural,refit_per_N,tuned_once,UNSW-NB15,100,10,3,full_test,RandomForest,0.6655646044989423,0.6935699363552447,0.7194539316967142,0.6711585956820669,1682,0.9161712247324614,1.0,0.9562519391870927,0.18019445659039013,0.32117820505264727,0.33799567604333675,0.14623407456114362,0.3691082045184304,0.19406313605865214,0.39977407847800234,0.11866782881978755
natural,refit_per_N,tuned_once,UNSW-NB15,100,10,3,full_test,XGBoost,0.6611345719847692,0.6927925958315114,0.7257136518212554,0.6687090808712179,1682,0.9209274673008323,1.0,0.9588362735995049,0.18387327282847651,0.38928566029795086,0.41273697133362947,0.12247815425050171,0.39206570684555453,0.2130180078297559,0.4361712627121725,0.09405753413805448
natural,refit_per_N,tuned_once,UNSW-NB15,500,1,14,fixed_300,QSVM_ZZ,0.674732640086738,0.7066666666666667,0.7495540931176579,0.6821548821548822,6,0.8333333333333334,1.0,0.9090909090909091,0.4148619055891727,0.7509629068860934,0.7869226190580043,0.34177255571912446,0.7330015282939795,0.5876516862800782,0.9218241353576069,0.18128984621685135
natural,refit_per_N,tuned_once,UNSW-NB15,500,1,14,fixed_300,QSVM_Z,0.6033177064551027,0.67,0.7782392026578073,0.6353535353535353,6,1.0,1.0,1.0,0.3712028388497295,0.8619631567261886,0.9069529084475363,0.24126428036911954,0.9551775533061511,0.18476548882677754,0.9551775533061511,0.18476548882677754
natural,refit_per_N,tuned_once,UNSW-NB15,500,1,14,fixed_300,SVM_Linear,0.5079792923458691,0.6166666666666667,0.7536231884057971,0.5754208754208754,6,1.0,1.0,1.0,0.3752709832130284,1.070950680551541,1.09632964921405,0.2929589924710954,1.0108574242970845,0.033131357780397365,1.0108574242970845,0.033131357780397365
natural,refit_per_N,tuned_once,UNSW-NB15,500,1,14,fixed_300,SVM_Poly2,0.5325069141244683,0.63,0.7639180672268908,0.5902356902356902,6,1.0,1.0,1.0,0.29970875322084095,0.8831398113757325,0.8811186921470441,0.30559959676517534,0.9759512117851056,0.1509143606429147,0.9759512117851056,0.1509143606429147
natural,refit_per_N,tuned_once,UNSW-NB15,500,1,14,fixed_300,SVM_RBF,0.49757449757449757,0.6133333333333333,0.7700972862263185,0.571043771043771,6,1.0,1.0,1.0,0.2709341088314868,0.8643920036792635,0.8658028773595842,0.2663910751298336,0.9459377435781207,0.1029931031475798,0.9459377435781207,0.1029931031475798
natural,refit_per_N,tuned_once,UNSW-NB15,500,1,14,fixed_300,RandomForest,0.7098819231366181,0.73,0.7551075853075419,0.7107744107744107,6,0.8333333333333334,1.0,0.9090909090909091,0.22009532819955438,0.3041760923711052,0.33523613342750075,0.16906147849230355,0.316873421092084,0.21327279985990405,0.3187160751565762,0.21050918172723865
natural,refit_per_N,tuned_once,UNSW-NB15,500,1,14,fixed_300,XGBoost,0.7048888888888889,0.7233333333333334,0.7420634920634921,0.7053872053872055,6,0.8333333333333334,1.0,0.9090909090909091,0.22640119701623918,0.35917622795224463,0.40149968534708025,0.13806906750820158,0.329479659597079,0.2369168936779135,0.3758202741543452,0.15311950278377873
natural,refit_per_N,tuned_once,UNSW-NB15,500,1,14,full_test,QSVM_ZZ,0.6697178609229069,0.7017198659087597,0.7407875151592097,0.6771537306741136,1682,0.9405469678953626,1.0,0.9693627450980392,0.4121801453113695,0.7478683708204236,0.7822587303401933,0.34244831882934545,0.9005103742469177,0.40503038926388685,0.9591948139523957,0.23433706330926088
natural,refit_per_N,tuned_once,UNSW-NB15,500,1,14,full_test,QSVM_Z,0.6017515360940371,0.6701161152407327,0.783136475834159,0.6346867793408868,1682,0.9887039239001189,1.0,0.9943198804185351,0.38128971883775564,0.8470436590318051,0.8925544289025803,0.25731576213623736,0.9950095746495496,0.2446935612880516,1.006430637895082,0.19239637129167877
natural,refit_per_N,tuned_once,UNSW-NB15,500,1,14,full_test,SVM_Linear,0.5236003333254371,0.6259898945731914,0.7649884666697164,0.585065623949194,1682,0.9928656361474435,1.0,0.9964200477326969,0.38885904821871453,1.061920388729915,1.0968097417481215,0.2754898578682652,1.0278036421296808,0.17643657521024472,1.0402251533580262,0.07376870724248767
natural,refit_per_N,tuned_once,UNSW-NB15,500,1,14,full_test,SVM_Poly2,0.5819558055782053,0.6557353155516689,0.7607403284060594,0.619566036520947,1682,0.9851367419738407,1.0,0.992512728361785,0.3464039958495589,0.8572610544871453,0.8692795619939419,0.3150321999106978,0.9795837521448043,0.25902332603604067,0.9921019184188116,0.20593978335081303
natural,refit_per_N,tuned_once,UNSW-NB15,500,1,14,full_test,SVM_RBF,0.5465344729927819,0.6390346402370889,0.7760408848201519,0.5994673674821914,1682,0.995243757431629,1.0,0.9976162097735399,0.3122847641769376,0.8379292527122588,0.8521679183123747,0.27102960260297043,0.9636537919623809,0.18842281441851222,0.9702051002115786,0.15110873992032872
natural,refit_per_N,tuned_once,UNSW-NB15,500,1,14,full_test,RandomForest,0.7032913023089616,0.7238497789437885,0.746999532164255,0.7044255427226398,1682,0.9334126040428062,1.0,0.965559655596556,0.21569441143242163,0.29955074402273446,0.3266066134810831,0.17199664938065204,0.39927553056672654,0.18449714581467144,0.4153617130092791,0.14468860870537953
natural,refit_per_N,tuned_once,UNSW-NB15,500,1,14,full_test,XGBoost,0.7148160358961017,0.7303721517757372,0.7446074682015038,0.7140493392889934,1682,0.9096313912009513,1.0,0.9526774595267746,0.22559912857829276,0.35464542383809805,0.39614325707172654,0.14049506518448707,0.40151814081651843,0.2260102125225176,0.44743107227380435,0.11001304074127187
natural,refit_per_N,tuned_once,UNSW-NB15,500,2,14,fixed_300,QSVM_ZZ,0.5530004351323198,0.6233333333333333,0.6707463197535091,0.5895622895622895,6,1.0,1.0,1.0,0.32752271293115354,0.8195996741801523,0.8277996734937411,0.3062065544132756,0.9911497225485851,0.16369079462273203,0.9911497225485851,0.16369079462273203
natural,refit_per_N,tuned_once,UNSW-NB15,500,2,14,fixed_300,QSVM_Z,0.6053402800390753,0.6633333333333333,0.734,0.6313131313131313,6,1.0,1.0,1.0,0.3546926322317966,0.8712770463653763,0.9069011436286352,0.24992172888280087,0.8459243722138924,0.26998481597769747,0.8459243722138924,0.26998481597769747
natural,refit_per_N,tuned_once,UNSW-NB15,500,2,14,fixed_300,SVM_Linear,0.5165361742181149,0.6233333333333333,0.776268115942029,0.5821548821548821,6,1.0,1.0,1.0,0.3193527806498084,0.973141561632837,0.9963879361940062,0.2370691420092676,1.0697485728395433,0.22697366647356343,1.0697485728395433,0.22697366647356343
natural,refit_per_N,tuned_once,UNSW-NB15,500,2,14,fixed_300,SVM_Poly2,0.5156603164352599,0.6166666666666667,0.7245273109243697,0.5767676767676767,6,1.0,1.0,1.0,0.29034191888121474,0.9070446011076341,0.9069784808499625,0.2905484013606466,0.9466635370493756,0.10274603939512576,0.9466635370493756,0.10274603939512576
natural,refit_per_N,tuned_once,UNSW-NB15,500,2,14,fixed_300,SVM_RBF,0.5510646768901275,0.6366666666666667,0.7438080495356036,0.598989898989899,6,1.0,1.0,1.0,0.2907711818764801,0.8647144983340865,0.8650881583457934,0.2896575946335597,0.9467784685072638,0.09831108671579472,0.9467784685072638,0.09831108671579472
natural,refit_per_N,tuned_once,UNSW-NB15,500,2,14,fixed_300,RandomForest,0.6744791666666667,0.7,0.7245053272450532,0.6787878787878787,6,0.8333333333333334,1.0,0.9090909090909091,0.19902849463420239,0.32102496903088856,0.33741851714436893,0.1697589959493603,0.35250000000000004,0.21980578548649107,0.38916666666666666,0.1453276948447504
natural,refit_per_N,tuned_once,UNSW-NB15,500,2,14,fixed_300,XGBoost,0.679426291793313,0.7,0.7152670536237287,0.6814814814814815,6,0.8333333333333334,1.0,0.9090909090909091,0.20979608009258907,0.36976634478986486,0.3978961123029391,0.14973385981694365,0.3270124594370524,0.31437648409516467,0.4493014415105184,0.062433460865767815
natural,refit_per_N,tuned_once,UNSW-NB15,500,2,14,full_test,QSVM_ZZ,0.6388809176153298,0.6829057960452801,0.7373017727088141,0.6542715330260112,1682,0.9577883472057075,1.0,0.978439113270574,0.3983979207089442,0.7875198473425772,0.8235123664630779,0.3173890285849018,0.9058930207317544,0.39246386250846543,0.9540395333965782,0.2539264009550916
natural,refit_per_N,tuned_once,UNSW-NB15,500,2,14,full_test,QSVM_Z,0.6465137016589224,0.6894403148229121,0.7469414406611994,0.6609432129561839,1682,0.9464922711058263,1.0,0.9725106902871106,0.4093544536485347,0.8348675357415526,0.89705019418359,0.24469536177101212,0.8981683007784192,0.3952749703168428,0.9676589011329549,0.16304861158665518
natural,refit_per_N,tuned_once,UNSW-NB15,500,2,14,full_test,SVM_Linear,0.544107562988205,0.638342321333139,0.7808566276108275,0.5984611383641649,1682,0.995243757431629,1.0,0.9976162097735399,0.35314963651371306,0.9417905363609492,0.9791086638033359,0.23028309667463212,1.1721374905751942,0.2559180629308662,1.1800430225290852,0.21656134633544702
natural,refit_per_N,tuned_once,UNSW-NB15,500,2,14,full_test,SVM_Poly2,0.556062484616183,0.6396054996842054,0.744355402125599,0.6018684683094813,1682,0.9791914387633769,1.0,0.9894863322319015,0.3397523871203863,0.8666638292766878,0.881670238744636,0.2986561026373127,0.9321719597154825,0.25503008095903407,0.9474306182378638,0.19068331940469657
natural,refit_per_N,tuned_once,UNSW-NB15,500,2,14,full_test,SVM_RBF,0.5873446673753387,0.6569377641743186,0.7503052477564263,0.6217458748786728,1682,0.9732461355529132,1.0,0.9864416993070202,0.34116671391841064,0.8314752659184668,0.8480541859543289,0.29757342321755237,0.9336985587643511,0.25985069078437195,0.9486019356830805,0.19866994679129155
natural,refit_per_N,tuned_once,UNSW-NB15,500,2,14,full_test,RandomForest,0.709501832532937,0.7307122382548705,0.7583219798332622,0.7106449247712373,1682,0.9137931034482759,1.0,0.954954954954955,0.21416544133376503,0.31169896650533246,0.33999494868820335,0.16560953127367012,0.39062867922595484,0.21263078430675664,0.42376521805763595,0.1350024275088586
natural,refit_per_N,tuned_once,UNSW-NB15,500,2,14,full_test,XGBoost,0.7195897764679077,0.7364208327260361,0.7553457814896081,0.7189907493304653,1682,0.9179548156956004,1.0,0.9572225666460012,0.23045101553101768,0.3683014414856961,0.41491209642883525,0.1288470977428204,0.4074017121307065,0.2312195324619794,0.4573751938187126,0.10122528991443992
natural,refit_per_N,tuned_once,UNSW-NB15,500,3,14,fixed_300,QSVM_ZZ,0.6135443503864557,0.6733333333333333,0.7630140442351359,0.6404040404040404,6,1.0,1.0,1.0,0.35855756057779153,0.783954437706352,0.797484700415349,0.32736254711011165,0.911288609063809,0.222090812199073,0.911288609063809,0.222090812199073
natural,refit_per_N,tuned_once,UNSW-NB15,500,3,14,fixed_300,QSVM_Z,0.5593020222682903,0.6433333333333333,0.7603936311366652,0.6057239057239057,6,1.0,1.0,1.0,0.37105700027559335,0.9337646906030614,0.9662759863819671,0.2755186255266769,1.108653821306462,0.29046474460371413,1.108653821306462,0.29046474460371413
natural,refit_per_N,tuned_once,UNSW-NB15,500,3,14,fixed_300,SVM_Linear,0.5899442538593482,0.66,0.7620303230059328,0.6249158249158249,6,1.0,1.0,1.0,0.37682360842880114,1.0138420165152089,0.8726425990042613,0.6390356490243841,0.6000035863422138,0.45572560133156137,0.6000035863422138,0.45572560133156137
natural,refit_per_N,tuned_once,UNSW-NB15,500,3,14,fixed_300,SVM_Poly2,0.5133139404788544,0.6133333333333333,0.7089960554777961,0.5737373737373738,6,1.0,1.0,1.0,0.31455736243855853,0.965546619531293,0.9532202524209122,0.3501396280446163,0.9485502162488114,0.15989268561129033,0.9485502162488114,0.15989268561129033
natural,refit_per_N,tuned_once,UNSW-NB15,500,3,14,fixed_300,SVM_RBF,0.44391293948816074,0.5866666666666667,0.7472527472527473,0.5414141414141413,6,1.0,1.0,1.0,0.24780834358963535,0.8652450540539998,0.8668046750298404,0.2422965828565488,0.9445154396515337,0.08025492797997667,0.9445154396515337,0.08025492797997667
natural,refit_per_N,tuned_once,UNSW-NB15,500,3,14,fixed_300,RandomForest,0.6302952503209243,0.68,0.7476808905380334,0.6498316498316499,6,0.8333333333333334,1.0,0.9090909090909091,0.20332113620584752,0.3227767983495241,0.3450992451665504,0.1625756961119445,0.3311636636636637,0.23068789673657736,0.339496996996997,0.21823855493910085
natural,refit_per_N,tuned_once,UNSW-NB15,500,3,14,fixed_300,XGBoost,0.6619183285849952,0.7033333333333334,0.7708333333333333,0.6750841750841751,6,0.8333333333333334,1.0,0.9090909090909091,0.20667633682489395,0.39167538618387754,0.42736351877450945,0.11612553193125161,0.3388981322447459,0.2577045963767986,0.40853769580523175,0.11983552953468303
natural,refit_per_N,tuned_once,UNSW-NB15,500,3,14,full_test,QSVM_ZZ,0.625030114735837,0.6748287421658651,0.7360684905671665,0.644549848445463,1682,0.9720570749108205,1.0,0.9858305697919807,0.38119396801327177,0.7657562972811168,0.7893127728614063,0.3296617883122446,0.9186076714287515,0.30603744451822745,0.9478089466015877,0.19788171263911428
natural,refit_per_N,tuned_once,UNSW-NB15,500,3,14,full_test,QSVM_Z,0.6003161302080239,0.6661322450566001,0.7628206549502601,0.6315334922410277,1682,0.9940546967895363,1.0,0.9970184853905785,0.41476004784345816,0.9190110861878498,0.9685984863368844,0.28004329324084115,1.1936787338859869,0.2930193217490566,1.2009579670331476,0.2615897629295523
natural,refit_per_N,tuned_once,UNSW-NB15,500,3,14,full_test,SVM_Linear,0.6159065558861967,0.6761405042996648,0.7700677146689339,0.6426462733800596,1682,0.9946492271105827,1.0,0.9973174366616989,0.4293063791176747,0.9713047551613823,0.8504681734531218,0.6359565869566506,0.9083812769784146,0.3702565286702521,0.9180243255182698,0.34565557878415093
natural,refit_per_N,tuned_once,UNSW-NB15,500,3,14,full_test,SVM_Poly2,0.5729510770421247,0.6494922994704367,0.7516172809536599,0.6129255951884117,1682,0.9756242568370987,1.0,0.9876617514294312,0.3867579641175303,0.9062948175591486,0.9138809990062713,0.3684746107918519,0.9988678249759595,0.29688874754460837,1.0120589530440602,0.24822678291064956
natural,refit_per_N,tuned_once,UNSW-NB15,500,3,14,full_test,SVM_RBF,0.5042486808010143,0.6179249866394597,0.7799821837765708,0.5753574528821594,1682,0.9964328180737217,1.0,0.9982132221560452,0.2924207155396327,0.8373502501735219,0.8477781393003794,0.26064831261060817,0.9665067058993569,0.16082280417480363,0.9713627817813193,0.12827132595062044
natural,refit_per_N,tuned_once,UNSW-NB15,500,3,14,full_test,RandomForest,0.6502511218565902,0.688007093232279,0.7313869871202607,0.6615318586476708,1682,0.9684898929845422,1.0,0.9839927514346118,0.19734592453418573,0.3216093157121374,0.339820548305366,0.16401207526436032,0.42004780699482774,0.14810772258054086,0.42697776766193823,0.12675189770408316
natural,refit_per_N,tuned_once,UNSW-NB15,500,3,14,full_test,XGBoost,0.6536316238013835,0.6864888500218627,0.7182898433796707,0.6621004230649074,1682,0.9667063020214031,1.0,0.9830713422007256,0.18828922926348696,0.39869284401433086,0.42332287019223913,0.12331490298045154,0.44451555586669167,0.1503453472058893,0.45926117590505644,0.09631705529260164
natural,refit_per_N,tuned_once,UNSW-NB15,500,4,14,fixed_300,QSVM_ZZ,0.6865515697298372,0.72,0.7772083787073217,0.6942760942760943,6,0.8333333333333334,1.0,0.9090909090909091,0.4573970281661838,0.76607097916621,0.8267161283871498,0.3355849066339165,0.7578818397984252,0.4286084644300706,0.8129580097189324,0.3117521023364253
natural,refit_per_N,tuned_once,UNSW-NB15,500,4,14,fixed_300,QSVM_Z,0.6880570409982174,0.72,0.7724449463579899,0.694949494949495,6,0.5,1.0,0.6666666666666666,0.4961100645374109,0.8658585248882834,0.9414460746066193,0.33093121621390736,0.6086173857480969,0.9658533163014212,0.9635005870748573,0.6123351774573353
natural,refit_per_N,tuned_once,UNSW-NB15,500,4,14,fixed_300,SVM_Linear,0.6525553200926519,0.6866666666666666,0.7218771142136662,0.661952861952862,6,1.0,1.0,1.0,0.694522079198984,1.1046218098369083,1.0866280254583962,0.7223501890015902,0.8222294555042421,0.2884082365840349,0.8222294555042421,0.2884082365840349
natural,refit_per_N,tuned_once,UNSW-NB15,500,4,14,fixed_300,SVM_Poly2,0.5817032394308999,0.6566666666666666,0.7696866211329851,0.6205387205387205,6,1.0,1.0,1.0,0.36252615737102756,0.874315280984501,0.8819812314881672,0.34345528478074966,0.9415650705536165,0.21229327636659687,0.9415650705536165,0.21229327636659687
natural,refit_per_N,tuned_once,UNSW-NB15,500,4,14,fixed_300,SVM_RBF,0.5787837893101051,0.6566666666666666,0.7809343434343434,0.6198653198653199,6,1.0,1.0,1.0,0.3272985884712442,0.7961685247720529,0.8004784073941874,0.31661175775489,0.9048113433054826,0.2138445935433867,0.9048113433054826,0.2138445935433867
natural,refit_per_N,tuned_once,UNSW-NB15,500,4,14,fixed_300,RandomForest,0.7375328083989501,0.7566666666666667,0.7910052910052909,0.737037037037037,6,0.8333333333333334,1.0,0.9090909090909091,0.2251646523178808,0.3150699617500974,0.3518434050772627,0.1617851036229145,0.29666666666666663,0.24805353364859678,0.35166666666666674,0.1608484448859305
natural,refit_per_N,tuned_once,UNSW-NB15,500,4,14,fixed_300,XGBoost,0.7271793175939814,0.7433333333333333,0.7633779264214047,0.7262626262626263,6,1.0,1.0,1.0,0.24080363263686497,0.36857359358310315,0.4196421139438947,0.13316673602132034,0.4369129538536072,0.08186344396923453,0.4369129538536072,0.08186344396923453
natural,refit_per_N,tuned_once,UNSW-NB15,500,4,14,full_test,QSVM_ZZ,0.7042460890818985,0.7293397463926541,0.7668053989440735,0.7071035543175753,1682,0.9524375743162902,1.0,0.9756394640682094,0.4672873337508998,0.744703153544962,0.8087026981823734,0.3448770580023919,0.9031589508956859,0.3805013233043563,0.9530390883912201,0.2284597199022058
natural,refit_per_N,tuned_once,UNSW-NB15,500,4,14,full_test,QSVM_Z,0.7024897633287431,0.728161589661371,0.766603002299608,0.70566110330749,1682,0.9363852556480381,1.0,0.9671476819158735,0.5098510453446267,0.8392299964354739,0.9228872990794926,0.33546103880160677,1.2160519183783225,0.573572527374623,1.2828958305641418,0.40242514865705414
natural,refit_per_N,tuned_once,UNSW-NB15,500,4,14,full_test,SVM_Linear,0.6879106127225978,0.7144366710392072,0.7475322639714153,0.6920201909754102,1682,0.9274673008323424,1.0,0.9623689080814312,0.7007472398987059,1.0671269068816862,1.052827836062834,0.7220526831386889,0.8965879683576798,0.4445425734605198,0.9466640295510048,0.32452318835008975
natural,refit_per_N,tuned_once,UNSW-NB15,500,4,14,full_test,SVM_Poly2,0.607870366352078,0.6699582179468493,0.7605057165011883,0.6362050398143666,1682,0.9839476813317479,1.0,0.9919089002097693,0.38551297163890963,0.8408302254594301,0.8568411712718192,0.3484808840690631,0.9050124324133965,0.27972570595456403,0.9177617595825078,0.23453640664641126
natural,refit_per_N,tuned_once,UNSW-NB15,500,4,14,full_test,SVM_RBF,0.5823825372926856,0.6558567750085021,0.7600443249745594,0.6197558147576677,1682,0.9821640903686087,1.0,0.991001799640072,0.35153583091117735,0.7770589187282537,0.7888965146575136,0.3240992020211742,0.9529322953005306,0.2742489234146986,0.9614930478148214,0.24253566835544932
natural,refit_per_N,tuned_once,UNSW-NB15,500,4,14,full_test,RandomForest,0.7340002172519927,0.7506801729582665,0.7742584020058565,0.7328437545460399,1682,0.9458977407847801,1.0,0.972196761380996,0.22866050177475594,0.3068196648304181,0.34387820699217153,0.167844304503854,0.3962031069130883,0.19031967152038934,0.41300976053421107,0.15040417879396373
natural,refit_per_N,tuned_once,UNSW-NB15,500,4,14,full_test,XGBoost,0.7419206201406403,0.7552956323179323,0.7714097870162018,0.7398342713577426,1682,0.9227110582639715,1.0,0.9598021026592455,0.24759821025963713,0.3643642823013223,0.42211614124415736,0.12603240552284853,0.41236007918784223,0.22230884459391598,0.45767572075660107,0.09997495647616521
natural,refit_per_N,tuned_once,UNSW-NB15,500,5,14,fixed_300,QSVM_ZZ,0.5971906630861392,0.6533333333333333,0.7079673057825988,0.6222222222222222,6,0.5,1.0,0.6666666666666666,0.35176331549679823,0.801747941715572,0.8199465209919424,0.3069607383488421,0.20256911663056065,0.8274233218604412,0.8008135426311337,0.2904501170762827
natural,refit_per_N,tuned_once,UNSW-NB15,500,5,14,fixed_300,QSVM_Z,0.6253813772061947,0.6766666666666666,0.7450316169828365,0.6461279461279461,6,0.6666666666666666,1.0,0.8,0.3810976759725349,0.8576781880050615,0.9056842333541283,0.24613691772072166,0.3383570929274449,0.7468057172869899,0.7495062259220414,0.33233224190701793
natural,refit_per_N,tuned_once,UNSW-NB15,500,5,14,fixed_300,SVM_Linear,0.5180111618467782,0.62,0.7411477411477412,0.5797979797979798,6,1.0,1.0,1.0,0.41650962628849164,0.9883749730204769,0.9805671108296429,0.43457277554330836,0.6877781469847285,0.3514802622604882,0.6877781469847285,0.3514802622604882
natural,refit_per_N,tuned_once,UNSW-NB15,500,5,14,fixed_300,SVM_Poly2,0.5738636363636364,0.6466666666666666,0.7337790752424899,0.6114478114478115,6,0.8333333333333334,1.0,0.9090909090909091,0.3246614570734542,0.8871021204377012,0.9010943989584485,0.28352093037346715,0.5544185784266279,0.48534044432260315,0.6145961631590611,0.4064564715071288
natural,refit_per_N,tuned_once,UNSW-NB15,500,5,14,fixed_300,SVM_RBF,0.5336183443451225,0.6266666666666667,0.7347403765439502,0.5878787878787879,6,1.0,1.0,1.0,0.28180987929191187,0.8547404891860862,0.8608834097426434,0.2624459310990968,0.6801095582608537,0.34827401693067894,0.6801095582608537,0.34827401693067894
natural,refit_per_N,tuned_once,UNSW-NB15,500,5,14,fixed_300,RandomForest,0.6747036391768906,0.7033333333333334,0.7361372180451128,0.6804713804713804,6,1.0,1.0,1.0,0.20379288114163133,0.3261423417762466,0.3497614897434039,0.1598976728904331,0.29499999999999993,0.14838014242703323,0.29499999999999993,0.14838014242703323
natural,refit_per_N,tuned_once,UNSW-NB15,500,5,14,fixed_300,XGBoost,0.7038217696946629,0.7233333333333334,0.7444253859348199,0.7047138047138046,6,1.0,1.0,1.0,0.21793899565935135,0.3848873656386654,0.42639133661985396,0.11758451476624324,0.4315466582775116,0.07741616801110308,0.4315466582775116,0.07741616801110308
natural,refit_per_N,tuned_once,UNSW-NB15,500,5,14,full_test,QSVM_ZZ,0.6577301414260243,0.6965456930476607,0.7492164885276724,0.6693205360571018,1682,0.9524375743162902,1.0,0.9756394640682094,0.4107676778480601,0.7719731628069303,0.8088922733711698,0.33221369529151573,0.8741327562853475,0.35886914356600286,0.9161922180238191,0.23127247446985463
natural,refit_per_N,tuned_once,UNSW-NB15,500,5,14,full_test,QSVM_Z,0.6578571976863976,0.6987198173249769,0.7590274394308636,0.6706143038388251,1682,0.9589774078478003,1.0,0.9790591805766312,0.4107930780133991,0.8292014882847664,0.8874694925339208,0.2621525527988983,0.9188981616141364,0.338844636086919,0.9651303189726517,0.166472178523812
natural,refit_per_N,tuned_once,UNSW-NB15,500,5,14,full_test,SVM_Linear,0.5400704437798998,0.632026429577807,0.7476851014944228,0.5928473806463306,1682,0.9928656361474435,1.0,0.9964200477326969,0.41460076286329123,0.972690487309361,0.967785060063261,0.42592564396534693,0.9716722053969199,0.2830718284505777,0.983049560605166,0.2406036080304232
natural,refit_per_N,tuned_once,UNSW-NB15,500,5,14,full_test,SVM_Poly2,0.5899929229070705,0.6562818831074188,0.738646486450441,0.6219599805399683,1682,0.9732461355529132,1.0,0.9864416993070202,0.35735398218029024,0.8638273813496284,0.8832755622171323,0.306143584841291,0.9253696136985217,0.28937830264058634,0.9459688603771705,0.2125832523798978
natural,refit_per_N,tuned_once,UNSW-NB15,500,5,14,full_test,SVM_RBF,0.5513135226351153,0.6387552834863722,0.7550637658003458,0.6002270647069906,1682,0.9887039239001189,1.0,0.9943198804185351,0.30634755971560534,0.8398894306502805,0.8529889423698696,0.26771803685312373,0.9437282301144,0.2183185347685076,0.9522014850726177,0.17775906942777206
natural,refit_per_N,tuned_once,UNSW-NB15,500,5,14,full_test,RandomForest,0.7031910481205246,0.7267769518534714,0.7587369856321278,0.7054742214198669,1682,0.8894173602853745,1.0,0.9414726242920075,0.20960962866786084,0.3197327493422115,0.34802025456605173,0.1582628504861091,0.29306682923190264,0.20147294984004918,0.32243374880988046,0.15005330233520037
natural,refit_per_N,tuned_once,UNSW-NB15,500,5,14,full_test,XGBoost,0.7049775107025977,0.7246271194675218,0.7459860051008123,0.705737487509569,1682,0.8751486325802615,1.0,0.9334178820545339,0.22018903910010432,0.37667145520996514,0.4174456830682476,0.12690035381158027,0.33051205553140994,0.264954076494016,0.40041506885773503,0.13822682132657893
natural,refit_per_N,tuned_once,UNSW-NB15,500,6,14,fixed_300,QSVM_ZZ,0.6410172437681854,0.6833333333333333,0.7348197343453511,0.6555555555555556,6,1.0,1.0,1.0,0.3768912463696071,0.7887754196172512,0.8073820238209273,0.3351834449868159,0.9576092751133382,0.1575303562493567,0.9576092751133382,0.1575303562493567
natural,refit_per_N,tuned_once,UNSW-NB15,500,6,14,fixed_300,QSVM_Z,0.665409340969185,0.7033333333333334,0.7601959745762712,0.6764309764309764,6,0.8333333333333334,1.0,0.9090909090909091,0.423256806432745,0.851208524226923,0.9018752226437978,0.30053844793873236,0.8873525036875624,0.49354971359005395,0.9554920576804996,0.34354142878973765
natural,refit_per_N,tuned_once,UNSW-NB15,500,6,14,fixed_300,SVM_Linear,0.6629417094533374,0.69,0.7130681818181819,0.6683501683501684,6,1.0,1.0,1.0,0.44079115515163303,0.831826219619079,0.8567148276632282,0.39021968962066056,0.8964952619997253,0.3356034917032439,0.8964952619997253,0.3356034917032439
natural,refit_per_N,tuned_once,UNSW-NB15,500,6,14,fixed_300,SVM_Poly2,0.600672268907563,0.67,0.7884615384615384,0.6346801346801347,6,1.0,1.0,1.0,0.34595171939166597,0.8768364648294118,0.8852583280803299,0.3237938708021039,0.9887346172172601,0.13446909332171886,0.9887346172172601,0.13446909332171886
natural,refit_per_N,tuned_once,UNSW-NB15,500,6,14,fixed_300,SVM_RBF,0.6400122549019608,0.6866666666666666,0.7528698288932207,0.6572390572390573,6,1.0,1.0,1.0,0.3528717718925266,0.771932971888952,0.7909365362989237,0.30792595869030337,0.8941436088889,0.24522610003996395,0.8941436088889,0.24522610003996395
natural,refit_per_N,tuned_once,UNSW-NB15,500,6,14,fixed_300,RandomForest,0.7303419264372775,0.75,0.7827380952380952,0.7303030303030302,6,1.0,1.0,1.0,0.21829694280078893,0.31781663800220505,0.34886360946745565,0.16418024429429443,0.4458333333333333,0.07981314984943827,0.4458333333333333,0.07981314984943827
natural,refit_per_N,tuned_once,UNSW-NB15,500,6,14,fixed_300,XGBoost,0.722169452887538,0.74,0.7631929282709409,0.7218855218855219,6,1.0,1.0,1.0,0.23091695368289947,0.37515747123935916,0.42040218393007917,0.1316349933403761,0.4720560709635417,0.05244774571151468,0.4720560709635417,0.05244774571151468
natural,refit_per_N,tuned_once,UNSW-NB15,500,6,14,full_test,QSVM_ZZ,0.6716082291392935,0.7063960549968421,0.7559258614833817,0.6804265383799046,1682,0.9619500594530321,1.0,0.9806060606060606,0.41791855872145584,0.775976135061204,0.8143344428813004,0.33712653269291176,0.9316357559061132,0.3783546841033632,0.9696200886948062,0.2663350000754441
natural,refit_per_N,tuned_once,UNSW-NB15,500,6,14,full_test,QSVM_Z,0.6822021686017452,0.7157848710100568,0.769099687421797,0.6899534867082736,1682,0.9447086801426873,1.0,0.9715683277285234,0.4472366051717391,0.8273035193088851,0.8906208176956751,0.3020699474517385,0.9263320323268733,0.3947808181482493,0.9792130134559826,0.23470151846779916
natural,refit_per_N,tuned_once,UNSW-NB15,500,6,14,full_test,SVM_Linear,0.6674752339152723,0.6959505417091775,0.7239271330276357,0.6732310079867214,1682,0.9256837098692033,1.0,0.9614078419265205,0.431351908605335,0.8134660267990523,0.8340178362017094,0.39013548250719265,0.8778112952999206,0.43045697179115955,0.9400950641797805,0.2684532455094443
natural,refit_per_N,tuned_once,UNSW-NB15,500,6,14,full_test,SVM_Poly2,0.5941501640313719,0.6609216343584512,0.7520752952931864,0.6262875935142767,1682,0.9774078478002378,1.0,0.9885748647023451,0.36828255693915213,0.8477636806821628,0.8663139924996671,0.322234955317847,0.9393635942952122,0.29587029365759915,0.9603829834208657,0.21819192952969427
natural,refit_per_N,tuned_once,UNSW-NB15,500,6,14,full_test,SVM_RBF,0.6520031970815772,0.6931569742020114,0.7492287980419683,0.665167764075732,1682,0.9429250891795482,1.0,0.9706242350061199,0.37069179977483213,0.7586061124717337,0.7854841141555791,0.309693962984438,0.8758154040528798,0.36221040666702753,0.9221517231787892,0.21882687246449586
natural,refit_per_N,tuned_once,UNSW-NB15,500,6,14,full_test,RandomForest,0.7103984143733637,0.7331900111742701,0.7662210926306272,0.7120927308672831,1682,0.9482758620689655,1.0,0.9734513274336283,0.21828501187427898,0.3155483800452494,0.3473308012270711,0.1630350915511629,0.40827561581380295,0.17492456728894734,0.4250570256597879,0.12889572392682339
natural,refit_per_N,tuned_once,UNSW-NB15,500,6,14,full_test,XGBoost,0.7126645369489144,0.7318418112034203,0.7548053076717307,0.7129995111143969,1682,0.9435196195005945,1.0,0.970939125114714,0.2298630946785717,0.3761943426552246,0.4226229744847289,0.1254952077917192,0.4332649294424284,0.1911072402697452,0.46442680298289846,0.09245659002664221
natural,refit_per_N,tuned_once,UNSW-NB15,500,7,14,fixed_300,QSVM_ZZ,0.6686974972391457,0.7033333333333334,0.7510141987829615,0.6777777777777778,6,1.0,1.0,1.0,0.42865014719604894,0.7909659899976569,0.8519215889974281,0.2891327588224227,0.9178441147540926,0.1731498370386448,0.9178441147540926,0.1731498370386448
natural,refit_per_N,tuned_once,UNSW-NB15,500,7,14,fixed_300,QSVM_Z,0.6351719812081568,0.6833333333333333,0.7502927400468384,0.6535353535353535,6,0.8333333333333334,1.0,0.9090909090909091,0.39687162916505686,0.8470245210787465,0.8906666961355334,0.28578045024077436,0.754948113785192,0.47025276721488235,0.8156226064929076,0.3547450963139434
natural,refit_per_N,tuned_once,UNSW-NB15,500,7,14,fixed_300,SVM_Linear,0.7536945812807883,0.76,0.7616645649432534,0.7515151515151515,6,0.5,1.0,0.6666666666666666,0.6993416466627922,0.9403757617883968,1.0531576180086253,0.5140470248396851,0.1465887013731545,0.8960207256310599,0.8959031025760603,0.14730586860430261
natural,refit_per_N,tuned_once,UNSW-NB15,500,7,14,fixed_300,SVM_Poly2,0.6186657231591776,0.6766666666666666,0.7653769841269842,0.6441077441077441,6,1.0,1.0,1.0,0.3848869469574056,0.8348240134498142,0.8146597762343134,0.4259090799178934,0.6068865156192346,0.44375984411211317,0.6068865156192346,0.44375984411211317
natural,refit_per_N,tuned_once,UNSW-NB15,500,7,14,fixed_300,SVM_RBF,0.5102812303110144,0.62,0.7742897504316434,0.5784511784511784,6,1.0,1.0,1.0,0.3267125272879873,0.7601370271617317,0.7515961024035175,0.34590847691408266,0.6385827619679499,0.3880718608236831,0.6385827619679499,0.3880718608236831
natural,refit_per_N,tuned_once,UNSW-NB15,500,7,14,fixed_300,RandomForest,0.7079217325227963,0.7266666666666667,0.7472176367218701,0.7084175084175084,6,0.8333333333333334,1.0,0.9090909090909091,0.22733619266164468,0.3213934719088349,0.35806727579245723,0.16359503136121165,0.3253668941979522,0.23282479513506768,0.36036689419795215,0.1738007555674876
natural,refit_per_N,tuned_once,UNSW-NB15,500,7,14,fixed_300,XGBoost,0.723155553452274,0.74,0.7606603922393396,0.7225589225589226,6,0.8333333333333334,1.0,0.9090909090909091,0.2382300098737081,0.3710373890137747,0.4221834123134613,0.1272141816699229,0.3405151565869649,0.23165916225620153,0.3787632981936137,0.1617247762842355
natural,refit_per_N,tuned_once,UNSW-NB15,500,7,14,full_test,QSVM_ZZ,0.6870655609113928,0.718359811494923,0.7667718363730558,0.6934591661280975,1682,0.9684898929845422,1.0,0.9839927514346118,0.45106044438539816,0.7746359410747794,0.8413973281560846,0.309138968533189,0.9392897197591413,0.34786539420806395,0.97971010786502,0.20843131885551294
natural,refit_per_N,tuned_once,UNSW-NB15,500,7,14,full_test,QSVM_Z,0.6610848298469049,0.7015619686148764,0.7633870556667979,0.6734858640516455,1682,0.9619500594530321,1.0,0.9806060606060606,0.4298311177181647,0.8302929193018025,0.8930860826553301,0.27665568956541153,1.0071876706570495,0.3515826988447858,1.0474638262183362,0.20213097440669428
natural,refit_per_N,tuned_once,UNSW-NB15,500,7,14,full_test,SVM_Linear,0.7591917276786564,0.763396978088714,0.7621166945577109,0.7577844157578562,1682,0.8186682520808561,1.0,0.900294213795358,0.7008748358381262,0.9371260231507053,1.0542732885587691,0.5078765123618683,0.6248103648251315,0.7206346816729605,0.9035038695756354,0.305586475624587
natural,refit_per_N,tuned_once,UNSW-NB15,500,7,14,full_test,SVM_Poly2,0.6406952630267113,0.6895010445513288,0.7641370164318673,0.6589517291049101,1682,0.9768133174791914,1.0,0.9882706766917293,0.41249618155135304,0.7878240373397501,0.7867036223572459,0.4146290199379904,0.9074705662413525,0.3610578060582369,0.9214177072661422,0.32381318170573925
natural,refit_per_N,tuned_once,UNSW-NB15,500,7,14,full_test,SVM_RBF,0.5214637089346537,0.6259898945731914,0.7745894571093067,0.5846806384607497,1682,0.995243757431629,1.0,0.9976162097735399,0.3514989564552433,0.7328538625008559,0.7329277702831778,0.35134482167704967,0.894980865131401,0.30173376093314846,0.902684330302266,0.2778399022188187
natural,refit_per_N,tuned_once,UNSW-NB15,500,7,14,full_test,RandomForest,0.7216796850861471,0.736930962444736,0.7523459702478974,0.7206213736016083,1682,0.915576694411415,1.0,0.9559279950341403,0.22872337119894992,0.31603925145590406,0.3540551310862807,0.16382964672151815,0.3982062448639377,0.20982057517269664,0.428103969115577,0.13899596699878977
natural,refit_per_N,tuned_once,UNSW-NB15,500,7,14,full_test,XGBoost,0.7237257677346713,0.738218432687169,0.7522920442179318,0.7224387915224852,1682,0.9078478002378121,1.0,0.9516983483951387,0.2364441396935783,0.3675302307895147,0.41768969765561653,0.12852866688793566,0.40491981480124445,0.2304551607777841,0.45407886712786416,0.10431692085018576
natural,refit_per_N,tuned_once,UNSW-NB15,500,8,14,fixed_300,QSVM_ZZ,0.6463624970530208,0.6833333333333333,0.7224898580121704,0.6575757575757576,6,0.8333333333333334,1.0,0.9090909090909091,0.36550411677697847,0.7917656699768875,0.80462689719179,0.3362464748519768,0.868514224951965,0.4266822190269438,0.8865824020018646,0.38774517332685565
natural,refit_per_N,tuned_once,UNSW-NB15,500,8,14,fixed_300,QSVM_Z,0.6182016518622409,0.6733333333333333,0.7486416253248287,0.6417508417508417,6,1.0,1.0,1.0,0.38336151796105206,0.8607139734670555,0.9074420681562719,0.2536601870911503,0.7965214610536254,0.22506710992449136,0.7965214610536254,0.22506710992449136
natural,refit_per_N,tuned_once,UNSW-NB15,500,8,14,fixed_300,SVM_Linear,0.6554492127199754,0.69,0.7282608695652174,0.664983164983165,6,1.0,1.0,1.0,0.41648222102087595,0.8871408735621914,0.883541298303758,0.42406502350804587,0.858051078336531,0.24977935885502928,0.858051078336531,0.24977935885502928
natural,refit_per_N,tuned_once,UNSW-NB15,500,8,14,fixed_300,SVM_Poly2,0.5793650793650793,0.6466666666666666,0.7189542483660131,0.6127946127946128,6,1.0,1.0,1.0,0.3385020914906629,0.8576020700455105,0.8578201798879168,0.33794898352703956,0.9454728349498822,0.1471366814779662,0.9454728349498822,0.1471366814779662
natural,refit_per_N,tuned_once,UNSW-NB15,500,8,14,fixed_300,SVM_RBF,0.6086053570477661,0.6733333333333333,0.780291376346032,0.6390572390572391,6,1.0,1.0,1.0,0.3030105800929829,0.824824730432957,0.8192391552143015,0.31780253955222537,0.9412637429915217,0.07208648540305729,0.9412637429915217,0.07208648540305729
natural,refit_per_N,tuned_once,UNSW-NB15,500,8,14,fixed_300,RandomForest,0.6804028860587865,0.7066666666666667,0.73583824961338,0.6848484848484848,6,0.6666666666666666,1.0,0.8,0.20693705925078879,0.3191227075093965,0.3406363988269208,0.16920133786031127,0.22705521472392634,0.2431028229443095,0.2670552147239264,0.1983294364071511
natural,refit_per_N,tuned_once,UNSW-NB15,500,8,14,fixed_300,XGBoost,0.6943875166289145,0.7166666666666667,0.7414021164021165,0.6966329966329966,6,0.5,1.0,0.6666666666666666,0.2121816043059031,0.3794761890980582,0.41462401072184246,0.1308057377607937,0.11346043646335602,0.3805022726462506,0.3618299812078476,0.16350631434457055
natural,refit_per_N,tuned_once,UNSW-NB15,500,8,14,full_test,QSVM_ZZ,0.6483966560046401,0.6846548122236797,0.7223753843141393,0.6589049260590335,1682,0.9476813317479191,1.0,0.9731379731379731,0.38818492814050504,0.7622739383496459,0.7828585269185087,0.3447921436945907,0.9149568448846208,0.40233378868969777,0.9601008737200131,0.27789353681705853
natural,refit_per_N,tuned_once,UNSW-NB15,500,8,14,full_test,QSVM_Z,0.6221709897800474,0.6756911043093815,0.7479970472693498,0.6442003572442114,1682,0.9738406658739596,1.0,0.9867469879518073,0.38759864425721435,0.8522136733529078,0.8977753787711806,0.2655187815427569,0.8840235078540821,0.3304836602577573,0.9247686377107881,0.188467447699952
natural,refit_per_N,tuned_once,UNSW-NB15,500,8,14,full_test,SVM_Linear,0.6589191465092394,0.692962639071078,0.7312229098232226,0.667830245802142,1682,0.9262782401902497,1.0,0.9617283950617284,0.4087549592327727,0.8570221571228123,0.8446207101750869,0.43380116463669816,0.8882027738880829,0.41370204790914433,0.9379665428204303,0.28332369568427324
natural,refit_per_N,tuned_once,UNSW-NB15,500,8,14,full_test,SVM_Poly2,0.5838144403006476,0.6481198076082204,0.7137416786001348,0.6146349300416626,1682,0.964922711058264,1.0,0.9821482602118004,0.35028920107411704,0.8410747505437927,0.8492061068406526,0.33008824349859595,0.9069967085523044,0.31334214757669343,0.9364507195097896,0.2094907651957132
natural,refit_per_N,tuned_once,UNSW-NB15,500,8,14,full_test,SVM_RBF,0.5885459261606254,0.6582981100908517,0.7545366228450479,0.6230110106577061,1682,0.9768133174791914,1.0,0.9882706766917293,0.320110796836948,0.8142616846921875,0.8155338811876041,0.3168556485916387,0.926233674258844,0.2565221445338309,0.9396181462965765,0.2020647646608859
natural,refit_per_N,tuned_once,UNSW-NB15,500,8,14,full_test,RandomForest,0.7129740119284443,0.7321090220084536,0.7550714476428406,0.7132843895249701,1682,0.9405469678953626,1.0,0.9693627450980392,0.21551929626376182,0.3049781675958193,0.33364061081224916,0.167762309798596,0.38591410190428627,0.18810823105329277,0.40685539052379,0.13705142042432517
natural,refit_per_N,tuned_once,UNSW-NB15,500,8,14,full_test,XGBoost,0.7110878808195109,0.7276271680513045,0.7431534063689158,0.7106922643988735,1682,0.9078478002378121,1.0,0.9516983483951387,0.22270432535979015,0.36782902640974297,0.4086179032803062,0.13389106886684013,0.3985728854302419,0.2258294958327754,0.4468416914290679,0.10095448969255362
natural,refit_per_N,tuned_once,UNSW-NB15,500,9,14,fixed_300,QSVM_ZZ,0.6821250800847667,0.7133333333333334,0.7587797527523218,0.6888888888888889,6,0.6666666666666666,1.0,0.8,0.41575727020498815,0.7875495274187285,0.8311044731561869,0.31992768021154916,0.4183210978574176,0.7940531139794738,0.8476623299420721,0.29492619946405546
natural,refit_per_N,tuned_once,UNSW-NB15,500,9,14,fixed_300,QSVM_Z,0.630977198275304,0.6833333333333333,0.7628722084367245,0.6521885521885522,6,0.6666666666666666,1.0,0.8,0.3883526252133078,0.8567174073690881,0.8879616062216242,0.3103331491729384,0.5665491732950608,0.5816618048277532,0.7243830403073689,0.36684824092783797
natural,refit_per_N,tuned_once,UNSW-NB15,500,9,14,fixed_300,SVM_Linear,0.5102812303110144,0.62,0.7742897504316434,0.5784511784511784,6,1.0,1.0,1.0,0.3519956898747227,1.0543120204772467,1.0552813815548872,0.3490787990652045,1.3289234654807582,0.4879978312533068,1.3289234654807582,0.4879978312533068
natural,refit_per_N,tuned_once,UNSW-NB15,500,9,14,fixed_300,SVM_Poly2,0.44391293948816074,0.5866666666666667,0.7472527472527473,0.5414141414141413,6,1.0,1.0,1.0,0.24198935567361018,0.9084405618856994,0.9202298437753685,0.1923541976763049,0.8458588772077754,0.20848892685859136,0.8458588772077754,0.20848892685859136
natural,refit_per_N,tuned_once,UNSW-NB15,500,9,14,fixed_300,SVM_RBF,0.4780014914243102,0.6033333333333334,0.7630023640661938,0.55993265993266,6,1.0,1.0,1.0,0.2602378195475748,0.8509289948302761,0.8572720563887253,0.23851309880337046,0.7773967707926713,0.2361409905774519,0.7773967707926713,0.2361409905774519
natural,refit_per_N,tuned_once,UNSW-NB15,500,9,14,fixed_300,RandomForest,0.7057416267942584,0.7266666666666667,0.7523939808481532,0.7070707070707071,6,0.5,1.0,0.6666666666666666,0.2167795358205496,0.32507957656963177,0.3572322388510473,0.15828842591526474,0.18166666666666667,0.328502494494165,0.31666666666666665,0.2015908948561142
natural,refit_per_N,tuned_once,UNSW-NB15,500,9,14,fixed_300,XGBoost,0.7444512801097913,0.76,0.784320942215679,0.7427609427609427,6,0.5,1.0,0.6666666666666666,0.24087600976228715,0.3702086019840123,0.42485602964957553,0.12071874391475942,0.11698910593986511,0.39933448435233815,0.38108349839846295,0.1671222562974348
natural,refit_per_N,tuned_once,UNSW-NB15,500,9,14,full_test,QSVM_ZZ,0.6926964592202141,0.7210805033279891,0.762933589058097,0.6974672852063217,1682,0.9423305588585018,1.0,0.9703091521273339,0.4450986413120573,0.7816641134266482,0.8468792501945883,0.30316187475795714,0.9411959635187475,0.436123248501893,1.0137788894647917,0.21978556118034914
natural,refit_per_N,tuned_once,UNSW-NB15,500,9,14,full_test,QSVM_Z,0.6361281361955538,0.6867439148812127,0.7637596430774685,0.6557152646778959,1682,0.9768133174791914,1.0,0.9882706766917293,0.39321756733913554,0.8393925159486653,0.8798820703178128,0.29156027409092883,0.9510345098921462,0.2595754935184541,0.9662755237658862,0.19533992938492115
natural,refit_per_N,tuned_once,UNSW-NB15,500,9,14,full_test,SVM_Linear,0.5234896971137868,0.6269737161735413,0.7742277203927018,0.5858124897155162,1682,0.995243757431629,1.0,0.9976162097735399,0.3483077254245103,1.0418746651562216,1.0470954191079553,0.33228342234893465,1.5315099813567261,0.4532044165369519,1.5391374483809421,0.426582912404238
natural,refit_per_N,tuned_once,UNSW-NB15,500,9,14,full_test,SVM_Poly2,0.4760766596528837,0.6031919545255794,0.7673759510555538,0.5590698796387493,1682,0.9964328180737217,1.0,0.9982132221560452,0.2641356457437845,0.9010983994789669,0.9200813308797643,0.1876067948198126,0.9735256529124717,0.17548755680871564,0.9806373192544291,0.12999433664138424
natural,refit_per_N,tuned_once,UNSW-NB15,500,9,14,full_test,SVM_RBF,0.4979455921109269,0.6147670407617937,0.7795031809040607,0.5718066827084739,1682,0.9958382877526754,1.0,0.9979148048853143,0.27695406113299964,0.8485992456225625,0.8615728201828226,0.2334877023987793,0.9357736447032745,0.19520978497825967,0.9426740425657922,0.15857119456312166
natural,refit_per_N,tuned_once,UNSW-NB15,500,9,14,full_test,RandomForest,0.7237499914143366,0.7400889083224019,0.7590322182959008,0.7228805795559965,1682,0.9322235434007135,1.0,0.9649230769230769,0.22274623076560093,0.3172162398933705,0.3532842289389446,0.1594750129499479,0.3976818690722874,0.1919656424090627,0.42253820062137504,0.1283087910862021
natural,refit_per_N,tuned_once,UNSW-NB15,500,9,14,full_test,XGBoost,0.722363168610812,0.7372831948695525,0.752053512849,0.7212094839037396,1682,0.929845422116528,1.0,0.9636475662353666,0.229931684770966,0.37239635037868996,0.419162704612909,0.12589777003018793,0.41267092853749127,0.21339892441073577,0.45552402794998975,0.09129214730671568
natural,refit_per_N,tuned_once,UNSW-NB15,500,10,14,fixed_300,QSVM_ZZ,0.6776556776556777,0.7066666666666667,0.7422222222222222,0.6835016835016835,6,0.8333333333333334,1.0,0.9090909090909091,0.4086677856119457,0.752124093911206,0.7946410644000917,0.3181911224528634,0.7583580114198677,0.5244576937120062,0.8930736553822923,0.22930807234051617
natural,refit_per_N,tuned_once,UNSW-NB15,500,10,14,fixed_300,QSVM_Z,0.7200930661029159,0.7366666666666667,0.7555392976588629,0.7195286195286195,6,0.8333333333333334,1.0,0.9090909090909091,0.46259164431333194,0.8343518252884183,0.8983308924629445,0.32114732662340045,0.6446957001910198,1.0345802403465327,1.1607542490022378,0.37234176905570265
natural,refit_per_N,tuned_once,UNSW-NB15,500,10,14,fixed_300,SVM_Linear,0.5102812303110144,0.62,0.7742897504316434,0.5784511784511784,6,1.0,1.0,1.0,0.3355122127764053,1.0337632612329084,1.0615989478454202,0.23290040603338416,1.0383666964643206,0.07350867881424183,1.0383666964643206,0.07350867881424183
natural,refit_per_N,tuned_once,UNSW-NB15,500,10,14,fixed_300,SVM_Poly2,0.5336183443451225,0.6266666666666667,0.7347403765439502,0.5878787878787879,6,1.0,1.0,1.0,0.28045405637699655,0.8701279762330363,0.8788240438303562,0.2518838477302011,0.9924016655089166,0.017585742282677667,0.9924016655089166,0.017585742282677667
natural,refit_per_N,tuned_once,UNSW-NB15,500,10,14,fixed_300,SVM_RBF,0.4780014914243102,0.6033333333333334,0.7630023640661938,0.55993265993266,6,1.0,1.0,1.0,0.27729300072710505,0.8215755399293391,0.8263521502101796,0.2627163868232048,0.8803330422441785,0.24231453737895295,0.8803330422441785,0.24231453737895295
natural,refit_per_N,tuned_once,UNSW-NB15,500,10,14,fixed_300,RandomForest,0.7391304347826086,0.7533333333333333,0.7715019255455713,0.7373737373737373,6,1.0,1.0,1.0,0.22496886460588883,0.30390775997362035,0.3394858131487889,0.16649414189379744,0.3941666666666666,0.1481670416193231,0.3941666666666666,0.1481670416193231
natural,refit_per_N,tuned_once,UNSW-NB15,500,10,14,fixed_300,XGBoost,0.7602820211515864,0.7733333333333333,0.7946084724005135,0.7575757575757576,6,1.0,1.0,1.0,0.26395056863625843,0.3547992276205589,0.4263471629222234,0.11739033721614578,0.46783114473025006,0.05121444378699772,0.46783114473025006,0.05121444378699772
natural,refit_per_N,tuned_once,UNSW-NB15,500,10,14,full_test,QSVM_ZZ,0.6809692289187094,0.7112665792158578,0.7520983447045442,0.6871171512993626,1682,0.9464922711058263,1.0,0.9725106902871106,0.4295433948302035,0.7413513562841421,0.7934072097381358,0.32344143371271816,0.9061192669013606,0.38694293580923655,0.9593566959029282,0.22452548062246008
natural,refit_per_N,tuned_once,UNSW-NB15,500,10,14,full_test,QSVM_Z,0.7165265589752379,0.73308069766312,0.7502905708029026,0.7159575718840697,1682,0.8840665873959572,1.0,0.9384663931839697,0.4772615728500837,0.8177183951347732,0.8845926744910191,0.33754671217173876,0.9256357742182519,0.6422789170427681,1.0761010089830105,0.33366212289680147
natural,refit_per_N,tuned_once,UNSW-NB15,500,10,14,full_test,SVM_Linear,0.5235516237691308,0.6269251323908079,0.7735008573567789,0.585785757212255,1682,0.995243757431629,1.0,0.9976162097735399,0.3462221859293339,1.0272600433407322,1.0629709642562497,0.21266341439520775,1.0758319001199173,0.17505418203460232,1.0853500844102597,0.10036651948771431
natural,refit_per_N,tuned_once,UNSW-NB15,500,10,14,full_test,SVM_Poly2,0.5370397735323393,0.6292450080163241,0.7386657925544431,0.5901253526534564,1682,0.9803804994054697,1.0,0.9900930651456019,0.29776524463461324,0.8647225793749933,0.8788925690021987,0.2528974739809954,0.9387481776630227,0.24764999993889192,0.9555178483850424,0.1719427374244056
natural,refit_per_N,tuned_once,UNSW-NB15,500,10,14,full_test,SVM_RBF,0.4915394105686278,0.6103823543701112,0.7657363508262165,0.5672660980489888,1682,0.9964328180737217,1.0,0.9982132221560452,0.2932070423360672,0.8166707536810921,0.8294777969952486,0.2547313759343682,0.9396900971812492,0.21330178764901223,0.9451639748439008,0.1875638344992119
natural,refit_per_N,tuned_once,UNSW-NB15,500,10,14,full_test,RandomForest,0.7390741356680024,0.7537530972161492,0.7728697055703027,0.7373008923950863,1682,0.9215219976218787,1.0,0.9591584158415841,0.22296596201550237,0.30804180562151884,0.3419552196743898,0.16634362616434656,0.40654895076553205,0.19822988075060902,0.4335745920930417,0.12880298165146697
natural,refit_per_N,tuned_once,UNSW-NB15,500,10,14,full_test,XGBoost,0.7481326643340087,0.7626803672933975,0.7844362303236949,0.7459988874871519,1682,0.9346016646848989,1.0,0.9661954517516902,0.25363424500208964,0.3642909791356361,0.42728852902968967,0.12026121850798177,0.4203086901859211,0.2231205005055463,0.4688541474934849,0.08135072937477325
natural,refit_per_N,tuned_once,UNSW-NB15,1000,1,29,fixed_300,QSVM_ZZ,0.604449621730949,0.6566666666666666,0.7063817330210773,0.6265993265993266,6,0.6666666666666666,1.0,0.8,0.4050516790750029,0.8136719544955439,0.8351360642913147,0.3587152998884918,0.682257794668146,0.6213285886960497,0.8089723186737885,0.44394673231821535
natural,refit_per_N,tuned_once,UNSW-NB15,1000,1,29,fixed_300,QSVM_Z,0.6259934548854604,0.68,0.7604535790219702,0.6484848484848484,6,0.8333333333333334,1.0,0.9090909090909091,0.43044292157189196,0.8987880673112869,0.9380753300740632,0.3363268853049684,0.9888464749133914,0.615591001884522,1.0434215249496437,0.5177269104668889
natural,refit_per_N,tuned_once,UNSW-NB15,1000,1,29,fixed_300,SVM_Linear,0.5079792923458691,0.6166666666666667,0.7536231884057971,0.5754208754208754,6,1.0,1.0,1.0,0.36004121363337094,1.0487848147947647,1.0766760529612387,0.2652318612808182,1.0182351921579706,0.06829827888130698,1.0182351921579706,0.06829827888130698
natural,refit_per_N,tuned_once,UNSW-NB15,1000,1,29,fixed_300,SVM_Poly2,0.5846464220256069,0.65,0.7220985963711057,0.6164983164983165,6,1.0,1.0,1.0,0.31418122481800037,0.9159453501348128,0.9085074739257202,0.335081924733088,0.8510217175096502,0.2480758876208505,0.8510217175096502,0.2480758876208505
natural,refit_per_N,tuned_once,UNSW-NB15,1000,1,29,fixed_300,SVM_RBF,0.5598782873288415,0.64,0.7366149419381358,0.6033670033670033,6,1.0,1.0,1.0,0.3034244929035831,0.8572160692977421,0.8600684235791874,0.29524247512524243,0.9152350776280352,0.1954380989959151,0.9152350776280352,0.1954380989959151
natural,refit_per_N,tuned_once,UNSW-NB15,1000,1,29,fixed_300,RandomForest,0.7130102040816326,0.74,0.7910204574256231,0.7164983164983165,6,0.8333333333333334,1.0,0.9090909090909091,0.2284761571836042,0.3098199486216151,0.34500040647476493,0.17077609463134527,0.2479635856664069,0.25821517213164,0.28629691899974025,0.214930428526931
natural,refit_per_N,tuned_once,UNSW-NB15,1000,1,29,fixed_300,XGBoost,0.731247881458525,0.7533333333333333,0.7959791511541325,0.731986531986532,6,0.6666666666666666,1.0,0.8,0.25064187437295915,0.35108030628861975,0.4092644599080086,0.13631336144746536,0.2208439956108729,0.3122738889425497,0.33479201296965283,0.18493609751589044
natural,refit_per_N,tuned_once,UNSW-NB15,1000,1,29,full_test,QSVM_ZZ,0.6598179266228974,0.6999708497303601,0.7593634551713828,0.6720856766057508,1682,0.9565992865636147,1.0,0.977818292312367,0.4435589110386891,0.7856343142558128,0.8340286445681738,0.34403779347304836,1.0074342435311037,0.3757229586683718,1.0427544684308798,0.262211012882822
natural,refit_per_N,tuned_once,UNSW-NB15,1000,1,29,full_test,QSVM_Z,0.6540117630013357,0.7010396929504932,0.7836362113949288,0.6705973538172426,1682,0.9720570749108205,1.0,0.9858305697919807,0.46062998251143294,0.8545574905363604,0.9056698343885028,0.34958637916684737,1.2218679783349795,0.4328839639085528,1.2407255246408653,0.3754331567592843
natural,refit_per_N,tuned_once,UNSW-NB15,1000,1,29,full_test,SVM_Linear,0.5236089705859062,0.6260020405188748,0.7650563033573681,0.5850766536853628,1682,0.9928656361474435,1.0,0.9964200477326969,0.37348494748671446,1.0382778227273786,1.0751976143821136,0.24791517338329944,1.0520477815943645,0.179991146030373,1.0629608331890186,0.09651743113582158
natural,refit_per_N,tuned_once,UNSW-NB15,1000,1,29,full_test,SVM_Poly2,0.6322482291702275,0.6804037312345139,0.7431247005343049,0.6504445627574101,1682,0.9476813317479191,1.0,0.9731379731379731,0.3745590092415458,0.8645797235828155,0.8760932805488932,0.3467753070961431,0.9419117974493051,0.3566189889817866,0.9724212015178745,0.2622440548708509
natural,refit_per_N,tuned_once,UNSW-NB15,1000,1,29,full_test,SVM_RBF,0.6041368606840564,0.6669460234173833,0.7551703386088076,0.633119452638909,1682,0.9673008323424495,1.0,0.9833786642490179,0.35171959797573477,0.8169242808918393,0.8315819014727324,0.31550514647760686,0.9552917217129845,0.2949733597246527,0.9730085004888177,0.22988261025382015
natural,refit_per_N,tuned_once,UNSW-NB15,1000,1,29,full_test,RandomForest,0.7263566318278079,0.7470485351989505,0.7809152331581592,0.7266621979342794,1682,0.9577883472057075,1.0,0.978439113270574,0.2314531950690325,0.3017303425818081,0.34073222399843694,0.16885891350852011,0.41215881848511204,0.16889552044949205,0.4222002356709991,0.14194206382288882
natural,refit_per_N,tuned_once,UNSW-NB15,1000,1,29,full_test,XGBoost,0.7347596562103433,0.7521012486032163,0.778145794924984,0.7337393130799554,1682,0.9322235434007135,1.0,0.9649230769230769,0.24632146473323696,0.35837785879591383,0.41515998397807435,0.1294262004649611,0.4260762569524445,0.1898013062608941,0.4537575557101496,0.10802589149318667
natural,refit_per_N,tuned_once,UNSW-NB15,1000,2,29,fixed_300,QSVM_ZZ,0.6496662610170741,0.6833333333333333,0.7156432748538012,0.6589225589225589,6,1.0,1.0,1.0,0.4027063279761208,0.8273753515259832,0.8589703183699882,0.3299884104996963,1.020508594068277,0.08819648487949305,1.020508594068277,0.08819648487949305
natural,refit_per_N,tuned_once,UNSW-NB15,1000,2,29,fixed_300,QSVM_Z,0.6438674479692867,0.6866666666666666,0.7423005693120241,0.6585858585858586,6,1.0,1.0,1.0,0.43644214488996275,0.8856362144204408,0.9426600882012262,0.29364129178570336,1.0075937414853315,0.08784580491590882,1.0075937414853315,0.08784580491590882
natural,refit_per_N,tuned_once,UNSW-NB15,1000,2,29,fixed_300,SVM_Linear,0.5142045454545454,0.62,0.7563636363636363,0.5791245791245792,6,1.0,1.0,1.0,0.37206880732878006,1.1018374719489354,1.1157313135306202,0.3280619575402162,1.0044695667176902,0.06184149736487712,1.0044695667176902,0.06184149736487712
natural,refit_per_N,tuned_once,UNSW-NB15,1000,2,29,fixed_300,SVM_Poly2,0.5142045454545454,0.62,0.7563636363636363,0.5791245791245792,6,1.0,1.0,1.0,0.31204554780329913,0.9245217170295235,0.9374514941405975,0.27073515711233487,1.1033652042433877,0.13143048535846097,1.1033652042433877,0.13143048535846097
natural,refit_per_N,tuned_once,UNSW-NB15,1000,2,29,fixed_300,SVM_RBF,0.5165361742181149,0.6233333333333333,0.776268115942029,0.5821548821548821,6,1.0,1.0,1.0,0.29380070015608284,0.8994047181631998,0.911399824547478,0.2541614807189623,1.063242801254001,0.07010386873972556,1.063242801254001,0.07010386873972556
natural,refit_per_N,tuned_once,UNSW-NB15,1000,2,29,fixed_300,RandomForest,0.7139997139997141,0.7333333333333333,0.7578112352274566,0.7144781144781145,6,0.8333333333333334,1.0,0.9090909090909091,0.22550031746028207,0.31396217301990026,0.35221708870773494,0.15926632313302574,0.295,0.30385029208476994,0.39999999999999997,0.13910427743243556
natural,refit_per_N,tuned_once,UNSW-NB15,1000,2,29,fixed_300,XGBoost,0.6996996996996997,0.72,0.7416221466731423,0.701010101010101,6,0.8333333333333334,1.0,0.9090909090909091,0.23434595872958502,0.37522178447079474,0.4249913335839907,0.12284861534765863,0.30253006517887115,0.3176040660983528,0.4219686637322108,0.11974652382174307
natural,refit_per_N,tuned_once,UNSW-NB15,1000,2,29,full_test,QSVM_ZZ,0.7020480805701526,0.7303235679930039,0.7779688775125939,0.7063825076731192,1682,0.9619500594530321,1.0,0.9806060606060606,0.4783178205989436,0.8180002455562336,0.8916869621178457,0.3206348403115757,0.9426242061955191,0.3292226083824546,0.9772049411129305,0.20493516789549246
natural,refit_per_N,tuned_once,UNSW-NB15,1000,2,29,full_test,QSVM_Z,0.6854638465005292,0.7202545790215226,0.7811329158334104,0.6937019574502589,1682,0.9732461355529132,1.0,0.9864416993070202,0.49179852744059244,0.8423109034525398,0.9241413157169293,0.3119555709596349,0.9409377445759037,0.28013324209611695,0.960110577078818,0.2050028104106118
natural,refit_per_N,tuned_once,UNSW-NB15,1000,2,29,full_test,SVM_Linear,0.5434866843236807,0.6370548510907059,0.7728398286828764,0.5973565645412464,1682,0.9928656361474435,1.0,0.9964200477326969,0.3860806095621351,1.0909292704302476,1.1135019096220395,0.3151164981866449,1.0961933259829817,0.2599714197196542,1.1093055994346601,0.19663680749949472
natural,refit_per_N,tuned_once,UNSW-NB15,1000,2,29,full_test,SVM_Poly2,0.5562112616571735,0.6440266239129379,0.775243024295916,0.6052077048371057,1682,0.9940546967895363,1.0,0.9970184853905785,0.3735341608033785,0.9186663116453865,0.9259581002365035,0.3550734544367233,1.087408042111653,0.26250326432761534,1.0961830754336312,0.22304008376213205
natural,refit_per_N,tuned_once,UNSW-NB15,1000,2,29,full_test,SVM_RBF,0.5455841900928442,0.6387674294320556,0.7779344191797977,0.5990756866457916,1682,0.995243757431629,1.0,0.9976162097735399,0.3369561287461705,0.8669575775918583,0.8934400402455954,0.2586885550802305,1.0398894024656338,0.21957173531432567,1.0476303196602832,0.17903192351580732
natural,refit_per_N,tuned_once,UNSW-NB15,1000,2,29,full_test,RandomForest,0.729823875263463,0.7479594811252004,0.7746047213545675,0.7292082020695363,1682,0.9387633769322236,1.0,0.9684145967494634,0.2282412358767194,0.31303528113785994,0.3526105825988273,0.16047095073846496,0.4083972898679168,0.1851660019629703,0.4287092837007342,0.13146537461709581
natural,refit_per_N,tuned_once,UNSW-NB15,1000,2,29,full_test,XGBoost,0.7318847385050747,0.7481538162561338,0.769671220198409,0.7307085311730155,1682,0.9381688466111772,1.0,0.9680981595092024,0.2425873433679787,0.36711319717206514,0.42220112522770364,0.12396341620288659,0.42348252515021745,0.20354398915574695,0.4593631219070108,0.09875792049696121
natural,refit_per_N,tuned_once,UNSW-NB15,1000,3,29,fixed_300,QSVM_ZZ,0.6641623961391114,0.7,0.7483825507654859,0.674074074074074,6,1.0,1.0,1.0,0.40925390200099676,0.8103888641177319,0.8495206394968897,0.3202086045968544,0.8871060686987748,0.3350181104329676,0.8871060686987748,0.3350181104329676
natural,refit_per_N,tuned_once,UNSW-NB15,1000,3,29,fixed_300,QSVM_Z,0.66078697421981,0.7,0.7576853526220615,0.6727272727272727,6,0.6666666666666666,1.0,0.8,0.46197406531818047,0.868867294346917,0.8955413190316345,0.4078678194212176,0.8178207840629108,0.7372647250897035,0.897015409604311,0.6385557647060125
natural,refit_per_N,tuned_once,UNSW-NB15,1000,3,29,fixed_300,SVM_Linear,0.7229789002262339,0.7333333333333333,0.7386082998402015,0.7212121212121212,6,0.5,1.0,0.6666666666666666,0.6738538687825807,1.058878416327956,1.1165524581822979,0.5732478915491269,0.877029816894491,1.5647230930281304,1.5630690741431732,0.8799742763482955
natural,refit_per_N,tuned_once,UNSW-NB15,1000,3,29,fixed_300,SVM_Poly2,0.6038799451526078,0.6533333333333333,0.694633940502145,0.6242424242424243,6,0.6666666666666666,1.0,0.8,0.37758342853729926,0.8766584527210395,0.8508593742827987,0.43259405154060215,0.5246187065272541,0.48833175339848356,0.5712735045474283,0.4328270689521
natural,refit_per_N,tuned_once,UNSW-NB15,1000,3,29,fixed_300,SVM_RBF,0.6121302116002509,0.6633333333333333,0.7173594847775175,0.6333333333333333,6,1.0,1.0,1.0,0.3580485679229863,0.7851656247050536,0.7820303233632185,0.3648457325371891,0.6464928012808854,0.4468975458154417,0.6464928012808854,0.4468975458154417
natural,refit_per_N,tuned_once,UNSW-NB15,1000,3,29,fixed_300,RandomForest,0.7209302325581395,0.7433333333333333,0.78125,0.7222222222222222,6,1.0,1.0,1.0,0.22329490502182728,0.3190606038737863,0.355588714811304,0.15879845544543916,0.3794172718756208,0.14575762666844075,0.3794172718756208,0.14575762666844075
natural,refit_per_N,tuned_once,UNSW-NB15,1000,3,29,fixed_300,XGBoost,0.7282997282997283,0.7466666666666667,0.7740003237817711,0.7279461279461279,6,1.0,1.0,1.0,0.2427383538087209,0.37169754848320463,0.4268575922648112,0.12195725433150849,0.47523125012715656,0.027838592840700983,0.47523125012715656,0.027838592840700983
natural,refit_per_N,tuned_once,UNSW-NB15,1000,3,29,full_test,QSVM_ZZ,0.6766645880245941,0.7057280279842588,0.7401723896734707,0.6823757097784275,1682,0.9423305588585018,1.0,0.9703091521273339,0.43363689494257424,0.7904966887440681,0.8346943861770524,0.3408977167058862,0.8988901794826939,0.38938140157264867,0.9529697878907468,0.2268700377497537
natural,refit_per_N,tuned_once,UNSW-NB15,1000,3,29,full_test,QSVM_Z,0.6873398742667067,0.7169994655783899,0.7598015975564731,0.6929267446657812,1682,0.9470868014268727,1.0,0.972824427480916,0.4799181728671231,0.8352548922581746,0.8792277926390981,0.3936123427184567,1.2384021312407318,0.5279677008729394,1.2670008240183053,0.45508092001706674
natural,refit_per_N,tuned_once,UNSW-NB15,1000,3,29,full_test,SVM_Linear,0.7382998808823706,0.744716513627751,0.744999004261041,0.7364119767433541,1682,0.8210463733650416,1.0,0.9017303297420829,0.6491794867351471,1.0540880257097134,1.0965195541686918,0.5746132954152763,1.6866497784808612,1.2000102292111676,1.9204609363983856,0.7724259299303811
natural,refit_per_N,tuned_once,UNSW-NB15,1000,3,29,full_test,SVM_Poly2,0.6466195402052628,0.6846548122236797,0.7262530165207681,0.6581945657384201,1682,0.9239001189060642,1.0,0.9604449938195303,0.4170747559206701,0.8295243867872991,0.8227914467784742,0.43020494582154273,0.8221833813621985,0.3978401651553886,0.8652984387190459,0.29243960325069984
natural,refit_per_N,tuned_once,UNSW-NB15,1000,3,29,full_test,SVM_RBF,0.6514773620276288,0.688298595928679,0.729737009817244,0.6621865253588539,1682,0.929845422116528,1.0,0.9636475662353666,0.39246081296784285,0.7486727926310426,0.7591010373741273,0.37188984282831383,0.8909960096656849,0.4217207905333173,0.9336279787929932,0.31632437721922374
natural,refit_per_N,tuned_once,UNSW-NB15,1000,3,29,full_test,RandomForest,0.7219263854453148,0.7417650488267017,0.7705880771137217,0.7221300268767842,1682,0.9524375743162902,1.0,0.9756394640682094,0.2242214748480894,0.31300890954480315,0.3489696714229817,0.16269608374025285,0.4164707176149123,0.16431970266031776,0.430775905767767,0.12198746789328473
natural,refit_per_N,tuned_once,UNSW-NB15,1000,3,29,full_test,XGBoost,0.7279249010757401,0.745226643346451,0.7684596879984851,0.7271537211348823,1682,0.9488703923900119,1.0,0.9737644905430141,0.23709569268697078,0.36497861781746926,0.4151668587673923,0.13061484730259793,0.4371593658160086,0.1820542230381145,0.465132041596204,0.08890576543292068
natural,refit_per_N,tuned_once,UNSW-NB15,1000,4,29,fixed_300,QSVM_ZZ,0.7354273633343401,0.7566666666666667,0.7982954545454546,0.7356902356902357,6,1.0,1.0,1.0,0.49706518327312976,0.7824918654380796,0.8750235951798928,0.3061062295634811,0.7731919579386058,0.3748677272086222,0.7731919579386058,0.3748677272086222
natural,refit_per_N,tuned_once,UNSW-NB15,1000,4,29,fixed_300,QSVM_Z,0.7252322441745667,0.7433333333333333,0.7685463121783876,0.724915824915825,6,0.5,1.0,0.6666666666666666,0.5164255104846138,0.8509423968681679,0.9331602006794185,0.34642504316949085,0.5378023873605403,1.0207568104644837,0.9875944802657882,0.5965174067107097
natural,refit_per_N,tuned_once,UNSW-NB15,1000,4,29,fixed_300,SVM_Linear,0.7536945812807883,0.76,0.7616645649432534,0.7515151515151515,6,0.5,1.0,0.6666666666666666,1.0948525448994557,1.45027649742008,1.5388478823726215,0.9664115111892906,0.33225381216101463,1.1142167742573201,1.113724193795266,0.3339012367257712
natural,refit_per_N,tuned_once,UNSW-NB15,1000,4,29,fixed_300,SVM_Poly2,0.6239316239316239,0.67,0.71875,0.6414141414141414,6,0.8333333333333334,1.0,0.9090909090909091,0.39021803551562045,0.8776288326006945,0.8918260299255396,0.35657932553778043,0.4253342584398825,0.6091644531901845,0.5952057939687485,0.4446578743923614
natural,refit_per_N,tuned_once,UNSW-NB15,1000,4,29,fixed_300,SVM_RBF,0.6776556776556777,0.7066666666666667,0.7422222222222222,0.6835016835016835,6,0.8333333333333334,1.0,0.9090909090909091,0.4112328906583385,0.8131513203398572,0.8690749564500315,0.273927509025731,0.4202606287059571,0.7112835270103638,0.7145071244067415,0.4147563393230277
natural,refit_per_N,tuned_once,UNSW-NB15,1000,4,29,fixed_300,RandomForest,0.7094571691443514,0.7333333333333333,0.7702044790652385,0.7117845117845117,6,1.0,1.0,1.0,0.2379385250342811,0.3293833753152883,0.37774719463639644,0.14971708844989493,0.3670839826365699,0.15343206099318554,0.3670839826365699,0.15343206099318554
natural,refit_per_N,tuned_once,UNSW-NB15,1000,4,29,fixed_300,XGBoost,0.6966337309177744,0.7233333333333334,0.7625704887218046,0.7006734006734007,6,0.8333333333333334,1.0,0.9090909090909091,0.2317736361424128,0.3847936522469755,0.43361221889654794,0.11732696554438811,0.36825433373451233,0.26123080165943957,0.4397769669691722,0.10222037650722428
natural,refit_per_N,tuned_once,UNSW-NB15,1000,4,29,full_test,QSVM_ZZ,0.7348684376003929,0.7525870864305495,0.7799539509615728,0.7339420599016029,1682,0.9322235434007135,1.0,0.9649230769230769,0.5137841138167146,0.7706914589125441,0.8693798520384628,0.31955924852952244,0.9050966720872013,0.42037868554765334,0.967254132441179,0.24563726989518905
natural,refit_per_N,tuned_once,UNSW-NB15,1000,4,29,full_test,QSVM_Z,0.7187030643077493,0.7374896759461692,0.7616658982849942,0.7186971234448072,1682,0.9066587395957194,1.0,0.9510445899594637,0.5249103823667433,0.8262673628646111,0.9154692119313961,0.346647928678866,1.1802283537377076,0.6439371979823486,1.274701962248498,0.4274681150116423
natural,refit_per_N,tuned_once,UNSW-NB15,1000,4,29,full_test,SVM_Linear,0.7591917276786564,0.763396978088714,0.7621166945577109,0.7577844157578562,1682,0.8186682520808561,1.0,0.900294213795358,1.0780603943497322,1.4420197746792127,1.5210940550884506,0.9632798762592111,0.9930303256742026,0.881707171539152,1.2851805634860975,0.3344064641865358
natural,refit_per_N,tuned_once,UNSW-NB15,1000,4,29,full_test,SVM_Poly2,0.6321123095419585,0.6745493854151484,0.7182220162654234,0.6468022958544886,1682,0.9221165279429251,1.0,0.9594803587998763,0.3956358339615187,0.8595925477293171,0.8800429113297509,0.3477808727409557,0.850563791496418,0.41730257704422485,0.9163835197745355,0.2405024924988237
natural,refit_per_N,tuned_once,UNSW-NB15,1000,4,29,full_test,SVM_RBF,0.6599237794744817,0.6911043093815284,0.7220834423628424,0.6672951688563177,1682,0.9078478002378121,1.0,0.9516983483951387,0.4088988135219592,0.8109875061414377,0.8654559562533591,0.27547225378022744,0.8521388011257851,0.4969297156137618,0.9627041659562816,0.2151287230810542
natural,refit_per_N,tuned_once,UNSW-NB15,1000,4,29,full_test,RandomForest,0.7246698930589521,0.7452509352378176,0.777881629663312,0.725007442985207,1682,0.9524375743162902,1.0,0.9756394640682094,0.23842439474024626,0.3164001766884223,0.3618912096403136,0.16121419354631328,0.41925832027172644,0.1674968398472945,0.4338433752540652,0.12495061514078362
natural,refit_per_N,tuned_once,UNSW-NB15,1000,4,29,full_test,XGBoost,0.7361700560493116,0.7529879026380994,0.7778530661116051,0.734964242191543,1682,0.9458977407847801,1.0,0.972196761380996,0.24960778898680366,0.3661139054793636,0.4253594074178378,0.12414835733661157,0.435431544778605,0.18111494149435675,0.46268788222821516,0.09123144118096488
natural,refit_per_N,tuned_once,UNSW-NB15,1000,5,29,fixed_300,QSVM_ZZ,0.6448167432623391,0.69,0.7554146480478768,0.6609427609427609,6,0.8333333333333334,1.0,0.9090909090909091,0.40378508424237697,0.8276283771045573,0.8673792314574307,0.3092966111706749,0.6306116228996426,0.8155290222481588,0.9768696052336628,0.3293696698783704
natural,refit_per_N,tuned_once,UNSW-NB15,1000,5,29,fixed_300,QSVM_Z,0.6716254540026867,0.7066666666666667,0.7579911600794311,0.6808080808080809,6,0.5,1.0,0.6666666666666666,0.49110230171239105,0.8797159367334024,0.9479433458577042,0.3412990083988479,0.45957474140744087,1.005514578247951,0.992201708365088,0.48765180193071395
natural,refit_per_N,tuned_once,UNSW-NB15,1000,5,29,fixed_300,SVM_Linear,0.7419458430342581,0.75,0.7536094224924013,0.7397306397306398,6,0.5,1.0,0.6666666666666666,1.0983870862140341,1.4616494490418528,1.5335580079887519,0.9955265637740054,0.8698727502150208,1.4982819997659107,1.4974369008607147,0.8713267356909452
natural,refit_per_N,tuned_once,UNSW-NB15,1000,5,29,fixed_300,SVM_Poly2,0.5870344397693626,0.6466666666666666,0.7013938105362627,0.6148148148148148,6,1.0,1.0,1.0,0.3730746869148087,0.8882888464151666,0.8554855300721033,0.44315494414417,0.5958687649458788,0.4724663790558131,0.5958687649458788,0.4724663790558131
natural,refit_per_N,tuned_once,UNSW-NB15,1000,5,29,fixed_300,SVM_RBF,0.7028862478777589,0.72,0.7349228611500701,0.703030303030303,6,0.5,1.0,0.6666666666666666,0.383124688789969,0.7410149369361776,0.7458706882217385,0.37358343161142477,0.4285827892610174,0.6095852443874641,0.608503718969566,0.43011696249495374
natural,refit_per_N,tuned_once,UNSW-NB15,1000,5,29,fixed_300,RandomForest,0.7292933130699089,0.7466666666666667,0.7711805740454764,0.7286195286195286,6,0.8333333333333334,1.0,0.9090909090909091,0.22785821194350964,0.3194309789895889,0.35906368049505355,0.15820489384872577,0.36475764761103197,0.18992541569373642,0.37754931427769867,0.16302245337870455
natural,refit_per_N,tuned_once,UNSW-NB15,1000,5,29,fixed_300,XGBoost,0.7385355603576929,0.7566666666666667,0.7877091936535536,0.7377104377104378,6,1.0,1.0,1.0,0.24424086729685465,0.36613638891109734,0.4229056517283122,0.12190269184488758,0.3692578474680583,0.17133375112552626,0.3692578474680583,0.17133375112552626
natural,refit_per_N,tuned_once,UNSW-NB15,1000,5,29,full_test,QSVM_ZZ,0.6668294299768487,0.7032866929019094,0.7550150037533094,0.6767410551820682,1682,0.9613555291319857,1.0,0.9802970597150652,0.4368630488813311,0.8004104097473649,0.857027502868431,0.3114642946421599,0.9561795264263064,0.363254447023351,0.9962793409899441,0.23164747949355885
natural,refit_per_N,tuned_once,UNSW-NB15,1000,5,29,full_test,QSVM_Z,0.7041308713558938,0.7285502599232376,0.7636853317325298,0.706714480076123,1682,0.929845422116528,1.0,0.9636475662353666,0.5202715568478186,0.8491944187928006,0.9350874565275301,0.3426734632541159,1.1425098477376359,0.5421774387969127,1.210184370179466,0.3670680011812321
natural,refit_per_N,tuned_once,UNSW-NB15,1000,5,29,full_test,SVM_Linear,0.7426902632137102,0.7484696108439003,0.7482072366859309,0.7408906732550957,1682,0.8210463733650416,1.0,0.9017303297420829,1.0750030859331545,1.4558226988306042,1.5126745263961274,0.9934118694622492,1.6599417580761673,1.1819303389245306,1.878503169016691,0.7896782954276399
natural,refit_per_N,tuned_once,UNSW-NB15,1000,5,29,full_test,SVM_Poly2,0.6511445207409482,0.6896467958995287,0.7360198517442166,0.6628147195108283,1682,0.9381688466111772,1.0,0.9680981595092024,0.41749491742864275,0.8289106587198475,0.8125329463608953,0.4485366175645005,0.8430025822864216,0.38706933599361804,0.8684423384864141,0.32601216132586824
natural,refit_per_N,tuned_once,UNSW-NB15,1000,5,29,full_test,SVM_RBF,0.716558377233103,0.7277486275081377,0.7332216940826406,0.714962888813105,1682,0.8460166468489893,1.0,0.9165861513687601,0.41095992771229256,0.7178762351816347,0.7432866896361313,0.3629865675663658,0.8020219680823752,0.4914811391391642,0.8870598590792067,0.312918126395124
natural,refit_per_N,tuned_once,UNSW-NB15,1000,5,29,full_test,RandomForest,0.7203770975938214,0.738254870524219,0.7603943234217136,0.7200402627104294,1682,0.9322235434007135,1.0,0.9649230769230769,0.22413692825938605,0.3133129494619378,0.35070726093037785,0.159395056513067,0.4009468747057515,0.18949244960929668,0.422339608587434,0.1352591579651985
natural,refit_per_N,tuned_once,UNSW-NB15,1000,5,29,full_test,XGBoost,0.7206218615150441,0.7373560705436525,0.7563582536457425,0.7199617441053513,1682,0.9227110582639715,1.0,0.9598021026592455,0.23247528453822885,0.36351203325255177,0.4112625732671871,0.13057125284757864,0.40981752940151267,0.216893821169648,0.4523116584942542,0.10201715863769245
natural,refit_per_N,tuned_once,UNSW-NB15,1000,6,29,fixed_300,QSVM_ZZ,0.665409340969185,0.7033333333333334,0.7601959745762712,0.6764309764309764,6,1.0,1.0,1.0,0.42004124776755297,0.849069567341189,0.9070986336657256,0.27299422853395655,0.9544911243944444,0.30568325374711536,0.9544911243944444,0.30568325374711536
natural,refit_per_N,tuned_once,UNSW-NB15,1000,6,29,fixed_300,QSVM_Z,0.6505331609467607,0.6966666666666667,0.772248243559719,0.667003367003367,6,1.0,1.0,1.0,0.4588941872390806,0.8982802569474975,0.9584535174430611,0.31441715920811714,1.1295343379233354,0.3758730200974355,1.1295343379233354,0.3758730200974355
natural,refit_per_N,tuned_once,UNSW-NB15,1000,6,29,fixed_300,SVM_Linear,0.6334597120580419,0.6766666666666666,0.7246543778801844,0.6488215488215487,6,1.0,1.0,1.0,0.43426883951591916,0.8956960954865574,0.9062905485918937,0.411701787678135,0.9727252405032639,0.17354866978776204,0.9727252405032639,0.17354866978776204
natural,refit_per_N,tuned_once,UNSW-NB15,1000,6,29,fixed_300,SVM_Poly2,0.5926050420168067,0.6633333333333333,0.7740384615384616,0.6279461279461279,6,1.0,1.0,1.0,0.3636766421642426,0.8881179373254245,0.9015348579225755,0.32901226512935217,1.0135753810673414,0.17056365673211052,1.0135753810673414,0.17056365673211052
natural,refit_per_N,tuned_once,UNSW-NB15,1000,6,29,fixed_300,SVM_RBF,0.6505331609467607,0.6966666666666667,0.772248243559719,0.667003367003367,6,1.0,1.0,1.0,0.3500603134305282,0.8219946143260818,0.8366867505051214,0.31332515147900986,0.9846319059998914,0.10028793850782168,0.9846319059998914,0.10028793850782168
natural,refit_per_N,tuned_once,UNSW-NB15,1000,6,29,fixed_300,RandomForest,0.7056514913657771,0.7333333333333333,0.7819684991853237,0.7097643097643098,6,0.8333333333333334,1.0,0.9090909090909091,0.24450118850368294,0.32229389664602787,0.3736427072713794,0.15506551614691208,0.3809948374936692,0.18467080088089718,0.3867462093382866,0.17230130718391426
natural,refit_per_N,tuned_once,UNSW-NB15,1000,6,29,fixed_300,XGBoost,0.7437162349147526,0.7633333333333333,0.8029201163571269,0.743097643097643,6,1.0,1.0,1.0,0.2576057723164558,0.355970497891672,0.4207024648785591,0.12682730520320654,0.4543916583061218,0.09140448456861379,0.4543916583061218,0.09140448456861379
natural,refit_per_N,tuned_once,UNSW-NB15,1000,6,29,full_test,QSVM_ZZ,0.680103938059136,0.7139386872661906,0.7665582333759882,0.6880732970683557,1682,0.9774078478002378,1.0,0.9885748647023451,0.4454511373032344,0.8283787110131965,0.8954434675532591,0.28778290602609674,0.9807943585324429,0.2827865497467131,1.0022363851702993,0.19351494693559881
natural,refit_per_N,tuned_once,UNSW-NB15,1000,6,29,full_test,QSVM_Z,0.6733460763973944,0.7131249089054074,0.78409174483654,0.6848232058494566,1682,0.9791914387633769,1.0,0.9894863322319015,0.4814823862505143,0.88062614725215,0.9554310132625583,0.30737481742936573,1.2024726573937778,0.37283535551262886,1.2184988765181084,0.3165551800618501
natural,refit_per_N,tuned_once,UNSW-NB15,1000,6,29,full_test,SVM_Linear,0.6515296086175907,0.6892338337462954,0.7333902769268655,0.6627327942077788,1682,0.9453032104637337,1.0,0.9718826405867971,0.43354255455468194,0.8610519266392299,0.8656602869487404,0.4242662307782149,0.9338448462929458,0.39542171163299844,0.9727869101165001,0.2865486947879162
natural,refit_per_N,tuned_once,UNSW-NB15,1000,6,29,full_test,SVM_Poly2,0.6223130932590535,0.6781445853374144,0.7605247325028076,0.645849643828952,1682,0.9803804994054697,1.0,0.9900930651456019,0.40215516087430014,0.8530811352000541,0.8836192120259434,0.3296866463639347,0.9620204553282595,0.27332640615376513,0.9749478218108018,0.22286189785896066
natural,refit_per_N,tuned_once,UNSW-NB15,1000,6,29,full_test,SVM_RBF,0.6601387303630971,0.701476946995093,0.7658314550453724,0.6730758297342608,1682,0.9690844233055886,1.0,0.9842995169082126,0.38303971739102444,0.7969706634212174,0.8239177661896765,0.32100027727412495,0.9266821771096011,0.3071755367344037,0.9524861628966655,0.21416530351820753
natural,refit_per_N,tuned_once,UNSW-NB15,1000,6,29,full_test,RandomForest,0.7135020351481802,0.735351989505903,0.7668282221047682,0.7147241600110654,1682,0.9500594530321046,1.0,0.974390243902439,0.2301000022464032,0.3206208597818849,0.36050610258431215,0.16055870191471805,0.4220704601962075,0.16424597836486013,0.4344918869122606,0.12781633302004808
natural,refit_per_N,tuned_once,UNSW-NB15,1000,6,29,full_test,XGBoost,0.7185186431083505,0.7372346110868192,0.761128201024061,0.7184977880907467,1682,0.93935790725327,1.0,0.9687308399754752,0.23435484620771957,0.3654430497177143,0.41463226376146894,0.12865031043906314,0.42928340267412163,0.18237287801537042,0.45435428621156604,0.105386379804316
natural,refit_per_N,tuned_once,UNSW-NB15,1000,7,29,fixed_300,QSVM_ZZ,0.6428525710774587,0.69,0.7612704918032787,0.6602693602693602,6,1.0,1.0,1.0,0.41488787827515655,0.8518274986972731,0.9118063668601614,0.2575872443072192,0.8395655026605621,0.2956269646679349,0.8395655026605621,0.2956269646679349
natural,refit_per_N,tuned_once,UNSW-NB15,1000,7,29,fixed_300,QSVM_Z,0.6359223300970873,0.6866666666666666,0.765258574593232,0.6558922558922559,6,0.8333333333333334,1.0,0.9090909090909091,0.47731966837024475,0.9276369622345775,0.9913522782445209,0.324907771431023,0.903718260575812,0.7250739181889679,0.9969087549650765,0.5904335827254868
natural,refit_per_N,tuned_once,UNSW-NB15,1000,7,29,fixed_300,SVM_Linear,0.5102812303110144,0.62,0.7742897504316434,0.5784511784511784,6,1.0,1.0,1.0,0.5166953455067814,1.0188421779850265,1.0423922652628983,0.4673669104993724,0.932769571641078,0.4802875070591574,0.932769571641078,0.4802875070591574
natural,refit_per_N,tuned_once,UNSW-NB15,1000,7,29,fixed_300,SVM_Poly2,0.5846464220256069,0.65,0.7220985963711057,0.6164983164983165,6,0.6666666666666666,1.0,0.8,0.3699377121986615,0.910980941050252,0.9033393621653035,0.3882243972580357,0.44402280536314936,0.5846491215076479,0.5977916096024974,0.42616433268292303
natural,refit_per_N,tuned_once,UNSW-NB15,1000,7,29,fixed_300,SVM_RBF,0.5971906630861392,0.6533333333333333,0.7079673057825988,0.6222222222222222,6,0.5,1.0,0.6666666666666666,0.3414635104560429,0.8067089983570501,0.8132359406604536,0.32561333176223967,0.41376054350495384,0.6313929170370794,0.6266779161972517,0.42086766613364057
natural,refit_per_N,tuned_once,UNSW-NB15,1000,7,29,fixed_300,RandomForest,0.7026395330339333,0.73,0.7753527864147334,0.7067340067340068,6,1.0,1.0,1.0,0.23419197503696718,0.32066055966472407,0.3645955363937915,0.15728690516992505,0.3877941489176448,0.11833973546753157,0.3877941489176448,0.11833973546753157
natural,refit_per_N,tuned_once,UNSW-NB15,1000,7,29,fixed_300,XGBoost,0.7021935983729601,0.7266666666666667,0.7616129217022739,0.705050505050505,6,0.8333333333333334,1.0,0.9090909090909091,0.22778330773115157,0.3679889165578096,0.4125805335243543,0.13068428117832004,0.36061180134614307,0.20892259985645306,0.3903500984112422,0.14600111188351728
natural,refit_per_N,tuned_once,UNSW-NB15,1000,7,29,full_test,QSVM_ZZ,0.6714673949948406,0.7104649468007579,0.7761530627700269,0.6825890093746796,1682,0.9839476813317479,1.0,0.9919089002097693,0.44821894696888614,0.8318117770824693,0.9034442621527287,0.2767661866961072,0.9727164140721568,0.2631523132519535,0.9907470783073956,0.18397442485467705
natural,refit_per_N,tuned_once,UNSW-NB15,1000,7,29,full_test,QSVM_Z,0.6639600861026341,0.7059830928436088,0.7770956395379759,0.6771306051926805,1682,0.9655172413793104,1.0,0.9824561403508771,0.5078874433093848,0.8862343576372086,0.962135454529042,0.3430107270424246,1.2732834662818695,0.49418472969063226,1.3076318697166698,0.39442138109826386
natural,refit_per_N,tuned_once,UNSW-NB15,1000,7,29,full_test,SVM_Linear,0.5237666299283504,0.6269372783364913,0.7726277957385608,0.5858340436085958,1682,0.995243757431629,1.0,0.9976162097735399,0.5172154433976556,1.003232720374446,1.0286185156837586,0.4646844685498826,1.1895558614102377,0.4099815104727513,1.2030268991695643,0.3685841372325108
natural,refit_per_N,tuned_once,UNSW-NB15,1000,7,29,full_test,SVM_Poly2,0.6116369791191184,0.6667273963950833,0.7326563209437269,0.6351165765606779,1682,0.9542211652794292,1.0,0.9765743839367204,0.39681074758849094,0.8727831711745455,0.87089961208111,0.4009277976945541,0.88634134509013,0.3481335592430355,0.9159256200332141,0.26053447690119064
natural,refit_per_N,tuned_once,UNSW-NB15,1000,7,29,full_test,SVM_RBF,0.6287760128994224,0.6742092989360151,0.7242461745920457,0.6454155038741203,1682,0.9340071343638525,1.0,0.9658776513987088,0.3655345269543841,0.7778219892654034,0.7890709478703065,0.3405724249078463,0.8882929429221194,0.37403907975237527,0.9219658629247182,0.2809778162573038
natural,refit_per_N,tuned_once,UNSW-NB15,1000,7,29,full_test,RandomForest,0.7105863226062759,0.7337851625127533,0.7682720213116198,0.7124295181972762,1682,0.9470868014268727,1.0,0.972824427480916,0.23025108170095607,0.319725369731792,0.35966380428097194,0.16087827872254892,0.41088071570116014,0.1822262135335215,0.42700293001963796,0.14034904056852807
natural,refit_per_N,tuned_once,UNSW-NB15,1000,7,29,full_test,XGBoost,0.7138936338734784,0.7346839624933197,0.7629558340559831,0.7147235661939183,1682,0.9351961950059453,1.0,0.9665130568356375,0.23351139241680832,0.3639021436368052,0.4117958626746031,0.13181998337117973,0.4176206878972252,0.1962094168724256,0.4481536527380223,0.10983386438952679
natural,refit_per_N,tuned_once,UNSW-NB15,1000,8,29,fixed_300,QSVM_ZZ,0.6475,0.6866666666666666,0.7332242225859247,0.6599326599326599,6,0.8333333333333334,1.0,0.9090909090909091,0.3976954269206879,0.8538018555621951,0.8899904164925098,0.3083120492399941,0.6601533209708493,0.46892954330620157,0.751341032316473,0.301966847405176
natural,refit_per_N,tuned_once,UNSW-NB15,1000,8,29,fixed_300,QSVM_Z,0.684981684981685,0.7133333333333334,0.7511111111111111,0.6902356902356903,6,0.6666666666666666,1.0,0.8,0.4514719119920386,0.8575541931492375,0.9032901506134141,0.35113100875653575,0.6122799427558986,0.6927327397635816,0.7771960991978971,0.5007310659756361
natural,refit_per_N,tuned_once,UNSW-NB15,1000,8,29,fixed_300,SVM_Linear,0.7068497068497068,0.7266666666666667,0.7497166909502995,0.7077441077441078,6,1.0,1.0,1.0,0.6047333057590507,0.9890282310090232,1.0263189506592514,0.5390256249426367,0.6642387507950543,0.5466971120041871,0.6642387507950543,0.5466971120041871
natural,refit_per_N,tuned_once,UNSW-NB15,1000,8,29,fixed_300,SVM_Poly2,0.629540044047816,0.6766666666666666,0.7340410373325734,0.6474747474747475,6,1.0,1.0,1.0,0.4117985713670543,0.8670781049589447,0.8742874036426459,0.3962625888359167,0.8054526177707598,0.30347249528709636,0.8054526177707598,0.30347249528709636
natural,refit_per_N,tuned_once,UNSW-NB15,1000,8,29,fixed_300,SVM_RBF,0.6595967530767216,0.6966666666666667,0.7457264957264957,0.6703703703703704,6,1.0,1.0,1.0,0.37138201665299636,0.7984541281237935,0.8193943795648857,0.32256231607032104,0.7908417073933189,0.2640266539690086,0.7908417073933189,0.2640266539690086
natural,refit_per_N,tuned_once,UNSW-NB15,1000,8,29,fixed_300,RandomForest,0.6629417094533374,0.69,0.7130681818181819,0.6683501683501684,6,0.8333333333333334,1.0,0.9090909090909091,0.20472030716565842,0.3381667842483323,0.36030953748140193,0.16261677445699707,0.2404923697915793,0.27761819200921395,0.3104923697915793,0.19622163174238375
natural,refit_per_N,tuned_once,UNSW-NB15,1000,8,29,fixed_300,XGBoost,0.6672453703703703,0.6933333333333334,0.7160493827160493,0.672053872053872,6,0.6666666666666666,1.0,0.8,0.20438415348529815,0.38587620687542545,0.41747824092706043,0.12800487327018187,0.23778394858042398,0.27216484552579684,0.2991006374359131,0.2028637918111782
natural,refit_per_N,tuned_once,UNSW-NB15,1000,8,29,full_test,QSVM_ZZ,0.6819519373081111,0.7128455521546908,0.7562975099321175,0.6883547985910555,1682,0.950653983353151,1.0,0.9747028345016763,0.4522256718623122,0.8017107088903569,0.8651856478016603,0.3141686074050358,0.9114500145652008,0.3827376583927703,0.967237439806513,0.2041592007219551
natural,refit_per_N,tuned_once,UNSW-NB15,1000,8,29,full_test,QSVM_Z,0.7146535454360305,0.7363965408346694,0.7680813538805724,0.7157919386341252,1682,0.9322235434007135,1.0,0.9649230769230769,0.5025755980028606,0.7989718147480972,0.8752498288548396,0.3533778849325105,1.0339165696758332,0.4757414984200401,1.0766290989805396,0.3690301201765769
natural,refit_per_N,tuned_once,UNSW-NB15,1000,8,29,full_test,SVM_Linear,0.7223718423184631,0.7343074381771365,0.7422520838715683,0.7207053414925558,1682,0.8751486325802615,1.0,0.9334178820545339,0.6071774913420639,0.9512442691975018,0.9942503932033373,0.5338504671614894,0.9296588715589681,0.608956730818915,1.0554572482274658,0.3479998773592604
natural,refit_per_N,tuned_once,UNSW-NB15,1000,8,29,full_test,SVM_Poly2,0.6766207743834699,0.7105256765291745,0.760714263448149,0.6847702714626742,1682,0.9565992865636147,1.0,0.977818292312367,0.45282628419736265,0.820263791568141,0.8382779652375724,0.41853839061057296,0.9105838723398566,0.3675037910258908,0.9419488099244203,0.2774066770389965
natural,refit_per_N,tuned_once,UNSW-NB15,1000,8,29,full_test,SVM_RBF,0.6731849577605837,0.7032988388475927,0.7388243073328331,0.6795388830991054,1682,0.9256837098692033,1.0,0.9614078419265205,0.411283286550986,0.7634956953788747,0.8025664506422007,0.3285828829410204,0.8612993085404073,0.4160085444622147,0.9281103699502736,0.2313239052681765
natural,refit_per_N,tuned_once,UNSW-NB15,1000,8,29,full_test,RandomForest,0.7279748328098827,0.743429043385318,0.761268213935514,0.7267507899675905,1682,0.9161712247324614,1.0,0.9562519391870927,0.23424498713216843,0.3077413600795599,0.34827924690045703,0.1681577380872423,0.3956526715673967,0.21118504012001826,0.426125374263872,0.13984749943201344
natural,refit_per_N,tuned_once,UNSW-NB15,1000,8,29,full_test,XGBoost,0.7320840416133322,0.7457975027935675,0.7601218152684257,0.7303819198179915,1682,0.9161712247324614,1.0,0.9562519391870927,0.24271111648799623,0.3569052772085132,0.4099353624506246,0.13506687817007662,0.40683401151871423,0.2252174957207725,0.45153476164967493,0.11114491589414577
natural,refit_per_N,tuned_once,UNSW-NB15,1000,9,29,fixed_300,QSVM_ZZ,0.6966337309177744,0.7233333333333334,0.7625704887218046,0.7006734006734007,6,0.6666666666666666,1.0,0.8,0.47806446949817283,0.7943141996746785,0.8691253482733687,0.3226481268969189,0.46692420598219986,0.7629134702636453,0.7410221997478832,0.5009403923847967
natural,refit_per_N,tuned_once,UNSW-NB15,1000,9,29,fixed_300,QSVM_Z,0.6775,0.7133333333333334,0.7725040916530278,0.6868686868686869,6,0.6666666666666666,1.0,0.8,0.48936729440836985,0.9130710188664212,0.976295836880513,0.34644692698898455,0.5236762196024473,1.1133142539485035,1.152417649107454,0.4308584141544322
natural,refit_per_N,tuned_once,UNSW-NB15,1000,9,29,fixed_300,SVM_Linear,0.7311827956989247,0.7466666666666667,0.7660900732429484,0.7299663299663299,6,0.5,1.0,0.6666666666666666,0.7971409116325393,1.1910932251356594,1.1534101886439432,0.8507535722491948,0.962428773048622,1.0656260295913813,1.0652093852580349,0.9628898917803461
natural,refit_per_N,tuned_once,UNSW-NB15,1000,9,29,fixed_300,SVM_Poly2,0.5765948906527172,0.6366666666666667,0.6814516129032258,0.6050505050505051,6,0.5,1.0,0.6666666666666666,0.35315818148424954,0.8606228538541699,0.8538499737083731,0.36923247436211315,0.45052378220892453,0.616810714823516,0.6136627949850622,0.45480227605856677
natural,refit_per_N,tuned_once,UNSW-NB15,1000,9,29,fixed_300,SVM_RBF,0.6859621470082179,0.71,0.7357910046990379,0.6892255892255892,6,0.5,1.0,0.6666666666666666,0.39257602308455014,0.7549776590946328,0.7895871572848224,0.3172685308752916,0.22666622109481174,0.781390433038079,0.7779435539543322,0.23822764635898486
natural,refit_per_N,tuned_once,UNSW-NB15,1000,9,29,fixed_300,RandomForest,0.7190066765934964,0.74,0.7719171617344955,0.7198653198653199,6,0.5,1.0,0.6666666666666666,0.23233287434818872,0.3347769222513942,0.37611385625704014,0.15682002202035905,0.20375186301387452,0.29291606149849464,0.28624813698612545,0.21301794487175704
natural,refit_per_N,tuned_once,UNSW-NB15,1000,9,29,fixed_300,XGBoost,0.739505893827836,0.7566666666666667,0.7846269296740995,0.7383838383838384,6,0.5,1.0,0.6666666666666666,0.23951518654823303,0.38144029007015856,0.43494984368483225,0.11697372762540124,0.136440376440684,0.37580375381344255,0.36188491185506183,0.16995219408764398
natural,refit_per_N,tuned_once,UNSW-NB15,1000,9,29,full_test,QSVM_ZZ,0.713260835083014,0.736530146237186,0.7726848623155274,0.7150240734425416,1682,0.9429250891795482,1.0,0.9706242350061199,0.5004536488737207,0.7870059309949501,0.8754661314871828,0.3215450865914703,0.9548244881930043,0.44985451257300063,1.0251787541891584,0.2511322514025027
natural,refit_per_N,tuned_once,UNSW-NB15,1000,9,29,full_test,QSVM_Z,0.66768337532859,0.7044891415245591,0.7581690302079769,0.677751034410392,1682,0.9530321046373365,1.0,0.975951293759513,0.490199583567689,0.8723003505014219,0.9394983686300071,0.3443056034344989,1.2242463977604765,0.5369276186873119,1.2776777797359682,0.3932047829155907
natural,refit_per_N,tuned_once,UNSW-NB15,1000,9,29,full_test,SVM_Linear,0.7083032519574874,0.7231938978768887,0.7342573729574198,0.7075754732054917,1682,0.8697978596908442,1.0,0.9303656597774245,0.78156487861646,1.1771921765231361,1.1222876490134412,0.8585426680287491,1.5181065485675564,0.8505608822932756,1.5556944775487964,0.779689681742288
natural,refit_per_N,tuned_once,UNSW-NB15,1000,9,29,full_test,SVM_Poly2,0.6026780807494776,0.6572292668707186,0.711411347486018,0.6261435940484736,1682,0.9369797859690844,1.0,0.9674647022713321,0.36741335242171186,0.835255004852791,0.8380015210755342,0.3611051721375481,0.8847656552378175,0.382305135049437,0.9271329635432096,0.26342351619617793
natural,refit_per_N,tuned_once,UNSW-NB15,1000,9,29,full_test,SVM_RBF,0.6859016882761665,0.7068454549871253,0.7245535449949498,0.687756926078112,1682,0.8775267538644471,1.0,0.934768841038632,0.3988788076483908,0.7419450995164399,0.7777976455460265,0.3234465279926804,0.7907443957076482,0.4872860344484117,0.8947574853803353,0.2492657639295282
natural,refit_per_N,tuned_once,UNSW-NB15,1000,9,29,full_test,RandomForest,0.7391857374158954,0.7555992809600155,0.7802981705016245,0.7377678127258115,1682,0.9595719381688466,1.0,0.9793689320388349,0.23897392392947547,0.3164388285747418,0.3630816246438529,0.15941707058526045,0.4163155204924533,0.1664444347294896,0.4300611266884236,0.12676667451189733
natural,refit_per_N,tuned_once,UNSW-NB15,1000,9,29,full_test,XGBoost,0.7481681870916681,0.761818005149881,0.7806503271215902,0.7458963312116493,1682,0.9464922711058263,1.0,0.9725106902871106,0.2543687216399282,0.3644111269323168,0.428194133986443,0.11894830642095117,0.43074865823480946,0.18771316171867003,0.46105016651037334,0.0906277088658059
natural,refit_per_N,tuned_once,UNSW-NB15,1000,10,29,fixed_300,QSVM_ZZ,0.6225930680359435,0.6733333333333333,0.7365491651205937,0.6430976430976431,6,1.0,1.0,1.0,0.4153163620959569,0.7872303775783981,0.83102502859614,0.31877382240960733,1.0177139776425284,0.08984718831148998,1.0177139776425284,0.08984718831148998
natural,refit_per_N,tuned_once,UNSW-NB15,1000,10,29,fixed_300,QSVM_Z,0.701477685456988,0.7333333333333333,0.7964255973352123,0.7077441077441078,6,1.0,1.0,1.0,0.46216606450514736,0.7890095172516339,0.8562557393832572,0.3208731809719599,0.9485542904395206,0.40450635518291367,0.9485542904395206,0.40450635518291367
natural,refit_per_N,tuned_once,UNSW-NB15,1000,10,29,fixed_300,SVM_Linear,0.5102812303110144,0.62,0.7742897504316434,0.5784511784511784,6,1.0,1.0,1.0,0.32879519899746673,1.023338277817037,1.0511813462474466,0.22437756356357996,1.080301716276157,0.10143439583191648,1.080301716276157,0.10143439583191648
natural,refit_per_N,tuned_once,UNSW-NB15,1000,10,29,fixed_300,SVM_Poly2,0.45088468578401464,0.59,0.7509990009990011,0.5451178451178451,6,1.0,1.0,1.0,0.2642052914691612,0.9486572996748558,0.94571455388473,0.27455252837535493,0.9507483191010068,0.06798485889066548,0.9507483191010068,0.06798485889066548
natural,refit_per_N,tuned_once,UNSW-NB15,1000,10,29,fixed_300,SVM_RBF,0.49757449757449757,0.6133333333333333,0.7700972862263185,0.571043771043771,6,1.0,1.0,1.0,0.25330422252170837,0.9090615595390882,0.9250295468358474,0.18675193616033392,1.0005668640893584,0.05571963221227082,1.0005668640893584,0.05571963221227082
natural,refit_per_N,tuned_once,UNSW-NB15,1000,10,29,fixed_300,RandomForest,0.7447236903606227,0.7633333333333333,0.7992724867724867,0.7437710437710439,6,1.0,1.0,1.0,0.2347348696628422,0.32274527090097244,0.37048694499149193,0.14833877616943197,0.42607599055869344,0.10639137611185875,0.42607599055869344,0.10639137611185875
natural,refit_per_N,tuned_once,UNSW-NB15,1000,10,29,fixed_300,XGBoost,0.739505893827836,0.7566666666666667,0.7846269296740995,0.7383838383838384,6,1.0,1.0,1.0,0.23873873233795165,0.38573331840288877,0.4410547357797623,0.10609945942690091,0.4554384648799896,0.09570429649944116,0.4554384648799896,0.09570429649944116
natural,refit_per_N,tuned_once,UNSW-NB15,1000,10,29,full_test,QSVM_ZZ,0.6690030352816245,0.7040275955885925,0.7524131059291331,0.6780521998659738,1682,0.960166468489893,1.0,0.9796784956020624,0.41933224048755446,0.8006742829194698,0.8478147662245809,0.3132554188078462,0.937583275273228,0.351278468790816,0.9821517833403691,0.1945169277708924
natural,refit_per_N,tuned_once,UNSW-NB15,1000,10,29,full_test,QSVM_Z,0.6890925383987273,0.7196229898459894,0.7666848392512173,0.69502850083826,1682,0.9708680142687277,1.0,0.9852187028657617,0.4500841460827079,0.8090435015196417,0.8644156538822984,0.33153084808114214,1.0073347002288806,0.34580283636279124,1.0301005966523782,0.27054678097913953
natural,refit_per_N,tuned_once,UNSW-NB15,1000,10,29,full_test,SVM_Linear,0.5235257443770034,0.626888694553758,0.7732888225594361,0.5857526680037489,1682,0.995243757431629,1.0,0.9976162097735399,0.339918558053367,1.0142082765666687,1.0496609410808169,0.20585179895921832,1.1169075071005863,0.19274102254974237,1.1260601326061392,0.12891880757364552
natural,refit_per_N,tuned_once,UNSW-NB15,1000,10,29,full_test,SVM_Poly2,0.4996759263548691,0.6157022785794102,0.78040817171212,0.5728348043622905,1682,0.9964328180737217,1.0,0.9982132221560452,0.3031617454381642,0.9365594694900624,0.9491633058208152,0.261035826414542,1.0062805587661465,0.22703570626765074,1.013401890910162,0.19277547139319057
natural,refit_per_N,tuned_once,UNSW-NB15,1000,10,29,full_test,SVM_RBF,0.5293301574653173,0.6308118350094738,0.7821041811775344,0.5898617038020991,1682,0.995243757431629,1.0,0.9976162097735399,0.27847256115393,0.9021502987363572,0.9255574509579535,0.1864551790697785,1.0167666202298196,0.14973431301492485,1.0242414675296252,0.08464124703937996
natural,refit_per_N,tuned_once,UNSW-NB15,1000,10,29,full_test,RandomForest,0.7306319499530523,0.7491619297478501,0.7774720863412456,0.7300964762079648,1682,0.9357907253269917,1.0,0.9668304668304668,0.23266522669683096,0.32160190454947774,0.3641526276631987,0.15796758050222492,0.41583725662319304,0.18466685422850393,0.4372519612232712,0.1258300180917009
natural,refit_per_N,tuned_once,UNSW-NB15,1000,10,29,full_test,XGBoost,0.7323429625059528,0.7486275081377836,0.7703555379046627,0.731153593547664,1682,0.9304399524375743,1.0,0.9639667385278718,0.24230722690020406,0.3734418129239836,0.4287482551480703,0.11977693248494785,0.423608549674541,0.21638801434558702,0.467357171170068,0.08857341963425494
natural,refit_per_N,tuned_once,UNSW-NB15,2000,1,57,fixed_300,QSVM_ZZ,0.6415770609318996,0.6933333333333334,0.7840774864162532,0.661952861952862,6,1.0,1.0,1.0,0.4374690923334068,0.8704292111736299,0.9426694738272664,0.24576509419685058,1.0108518574928589,0.07557065501119055,1.0108518574928589,0.07557065501119055
natural,refit_per_N,tuned_once,UNSW-NB15,2000,1,57,fixed_300,QSVM_Z,0.6821250800847667,0.7133333333333334,0.7587797527523218,0.6888888888888889,6,0.8333333333333334,1.0,0.9090909090909091,0.46292417226354765,0.8508738003921281,0.9170948501215563,0.31180450500298107,0.6960817802123757,0.6693298263586154,0.8009799527642242,0.5394102116818938
natural,refit_per_N,tuned_once,UNSW-NB15,2000,1,57,fixed_300,SVM_Linear,0.5079792923458691,0.6166666666666667,0.7536231884057971,0.5754208754208754,6,1.0,1.0,1.0,0.3386255466699351,1.0425154828636662,1.067616955813722,0.24839450180512515,1.0092808423693134,0.03639264731491035,1.0092808423693134,0.03639264731491035
natural,refit_per_N,tuned_once,UNSW-NB15,2000,1,57,fixed_300,SVM_Poly2,0.5658233276157805,0.64,0.7196534513607684,0.6047138047138046,6,1.0,1.0,1.0,0.3647827329420928,0.8838877677075511,0.9136393208398113,0.2821120691695204,1.0640297313819411,0.09189198800770092,1.0640297313819411,0.09189198800770092
natural,refit_per_N,tuned_once,UNSW-NB15,2000,1,57,fixed_300,SVM_RBF,0.6080685618729097,0.6666666666666666,0.7433124644280023,0.6343434343434343,6,1.0,1.0,1.0,0.36121379154453476,0.8851636753625524,0.9171595096911922,0.26983063051909545,1.0411897130024197,0.10605779787729099,1.0411897130024197,0.10605779787729099
natural,refit_per_N,tuned_once,UNSW-NB15,2000,1,57,fixed_300,RandomForest,0.7457750230013074,0.7666666666666667,0.8131622658800619,0.7454545454545454,6,0.6666666666666666,1.0,0.8,0.24224291305048876,0.3156404349973673,0.36269820007847425,0.16358645661652113,0.25599636454125907,0.24913882963027367,0.28348804243654513,0.21734494446243588
natural,refit_per_N,tuned_once,UNSW-NB15,2000,1,57,fixed_300,XGBoost,0.7239843106871338,0.7466666666666667,0.7873875937911679,0.7252525252525253,6,0.6666666666666666,1.0,0.8,0.23812927236159642,0.3591212173450304,0.40716103980938595,0.14104427235509978,0.15717978278795877,0.37187333767815467,0.3518822292486827,0.19792463245422057
natural,refit_per_N,tuned_once,UNSW-NB15,2000,1,57,full_test,QSVM_ZZ,0.6727031500494765,0.7145459845503571,0.794457077242666,0.685380970664479,1682,0.9916765755053508,1.0,0.9958208955223881,0.46281919967824814,0.8509372628967066,0.9371001709703197,0.24523275993298818,1.0164353337978624,0.21203109590726113,1.0274034156223066,0.15013392352171354
natural,refit_per_N,tuned_once,UNSW-NB15,2000,1,57,full_test,QSVM_Z,0.697039263803843,0.725040081620755,0.7683183049288009,0.7014578997951451,1682,0.9482758620689655,1.0,0.9734513274336283,0.4866386874626096,0.8067098092992118,0.8861807620597758,0.3198149238388616,1.1006352347167376,0.4689765016706635,1.1493676205671663,0.3321008157337048
natural,refit_per_N,tuned_once,UNSW-NB15,2000,1,57,full_test,SVM_Linear,0.5233361984073825,0.6258684351163581,0.7650801070990982,0.5849230374820245,1682,0.9928656361474435,1.0,0.9964200477326969,0.35292830932659564,1.033146566613833,1.066946490531926,0.23146361695024012,1.030586229196503,0.16640473734716735,1.040844020194873,0.08026355365681953
natural,refit_per_N,tuned_once,UNSW-NB15,2000,1,57,full_test,SVM_Poly2,0.6013560781609054,0.6644561045523004,0.749803917110854,0.6306522032047048,1682,0.974435196195006,1.0,0.9870520927431496,0.4089678142395777,0.8698376300485129,0.9047886935453888,0.32439111542201643,1.0011630659489943,0.3022989465551102,1.0225148556000363,0.21948919742428327
natural,refit_per_N,tuned_once,UNSW-NB15,2000,1,57,full_test,SVM_RBF,0.6387265760233533,0.6873512121653792,0.7589523307233534,0.656952274033497,1682,0.9643281807372176,1.0,0.9818401937046005,0.40147067701583256,0.855590288381159,0.9020821464496622,0.28188871409206157,1.0081189055406414,0.3378192434775072,1.043650848719776,0.203023335946062
natural,refit_per_N,tuned_once,UNSW-NB15,2000,1,57,full_test,RandomForest,0.7266100812183623,0.7458582325219841,0.7748176110887269,0.7264456383057372,1682,0.9530321046373365,1.0,0.975951293759513,0.23865124058349396,0.314370771856516,0.3582961790520371,0.1655513361661963,0.41266111978936093,0.169059908127536,0.4251919291083608,0.13447035265444537
natural,refit_per_N,tuned_once,UNSW-NB15,2000,1,57,full_test,XGBoost,0.7299757080968673,0.7470363892532672,0.7702962977015044,0.7290653997772589,1682,0.9387633769322236,1.0,0.9684145967494634,0.24297492097612025,0.35134173074787667,0.40301655951974424,0.1416173603098639,0.41865324073966137,0.19297438853941382,0.4464637808652327,0.11480306176014213
natural,refit_per_N,tuned_once,UNSW-NB15,2000,2,57,fixed_300,QSVM_ZZ,0.6456996148908858,0.6933333333333334,0.7699443413729128,0.6632996632996633,6,1.0,1.0,1.0,0.4363649172994074,0.8688995374740088,0.9358333412251799,0.2638497768116944,0.9014302184862905,0.2944555735639116,0.9014302184862905,0.2944555735639116
natural,refit_per_N,tuned_once,UNSW-NB15,2000,2,57,fixed_300,QSVM_Z,0.6619183285849952,0.7033333333333334,0.7708333333333333,0.6750841750841751,6,0.8333333333333334,1.0,0.9090909090909091,0.5046788221482338,0.8992741139576585,0.9851793409155084,0.3046576960993185,0.6605547732636006,0.4114685386049803,0.678982094759498,0.3802923635034615
natural,refit_per_N,tuned_once,UNSW-NB15,2000,2,57,fixed_300,SVM_Linear,0.5079792923458691,0.6166666666666667,0.7536231884057971,0.5754208754208754,6,1.0,1.0,1.0,0.30568874709245514,1.0120787177161854,1.036701272611543,0.2073629965027513,1.0080607585497654,0.03652311500918342,1.0080607585497654,0.03652311500918342
natural,refit_per_N,tuned_once,UNSW-NB15,2000,2,57,fixed_300,SVM_Poly2,0.5792763553311696,0.65,0.7367109634551494,0.6151515151515151,6,1.0,1.0,1.0,0.418762739864081,0.9274228405714459,0.945808324960567,0.37539575110457535,1.062406011452234,0.21065095131302375,1.062406011452234,0.21065095131302375
natural,refit_per_N,tuned_once,UNSW-NB15,2000,2,57,fixed_300,SVM_RBF,0.6302952503209243,0.68,0.7476808905380334,0.6498316498316499,6,1.0,1.0,1.0,0.3771211902801271,0.8662459290822588,0.9006543677492236,0.28534910489456966,1.0425708138980172,0.10486705106760567,1.0425708138980172,0.10486705106760567
natural,refit_per_N,tuned_once,UNSW-NB15,2000,2,57,fixed_300,RandomForest,0.7344497607655502,0.7533333333333333,0.7852257181942544,0.734006734006734,6,0.6666666666666666,1.0,0.8,0.24396412871472473,0.3228961003360861,0.3702843967313533,0.16330907277026693,0.2549893690628047,0.3125931356678674,0.3639142826261801,0.17407022060763214
natural,refit_per_N,tuned_once,UNSW-NB15,2000,2,57,fixed_300,XGBoost,0.7160569778997681,0.7333333333333333,0.7527735422472265,0.7158249158249158,6,0.6666666666666666,1.0,0.8,0.24802407681941985,0.35699759289657335,0.4137315489848455,0.1333770197248138,0.22601146499315897,0.3791434909043189,0.41838303208351135,0.140664876454909
natural,refit_per_N,tuned_once,UNSW-NB15,2000,2,57,full_test,QSVM_ZZ,0.6767849129024619,0.7162464169460234,0.7893512205726136,0.6879310635527436,1682,0.9910820451843044,1.0,0.9955210510600179,0.46113218580534876,0.8420679226451956,0.9273098961712976,0.24863152574923209,0.9730647338872764,0.20722147784982406,0.9838706253208029,0.14762896005944556
natural,refit_per_N,tuned_once,UNSW-NB15,2000,2,57,full_test,QSVM_Z,0.6858558372721621,0.7193557790409562,0.775281645034468,0.6934098339935276,1682,0.9696789536266349,1.0,0.9846060971928765,0.52534486723588,0.8983782066519014,0.9865658217258735,0.3312982208230567,0.9460121843451065,0.27612302168656505,0.9692479123577025,0.17816133257515462
natural,refit_per_N,tuned_once,UNSW-NB15,2000,2,57,full_test,SVM_Linear,0.5233692525048568,0.6259534567361414,0.76567569338079,0.5849952780805159,1682,0.9928656361474435,1.0,0.9964200477326969,0.32075565008297524,1.0054519519631362,1.0380563857723903,0.19041206559405638,1.025294878115188,0.1589396554634563,1.0345136405024156,0.0792018231009814
natural,refit_per_N,tuned_once,UNSW-NB15,2000,2,57,full_test,SVM_Poly2,0.626174603247318,0.6791891366661809,0.754288638516109,0.6477122312023486,1682,0.9625445897740785,1.0,0.980914874280521,0.47742732561485485,0.9230432815544637,0.9308580908848773,0.4620053738873034,1.0226973420341454,0.36866014968405464,1.0454638368066567,0.2980361140839803
natural,refit_per_N,tuned_once,UNSW-NB15,2000,2,57,full_test,SVM_RBF,0.6556933214603917,0.6983311470631103,0.763540623592107,0.6695758297342609,1682,0.955410225921522,1.0,0.9771967163271511,0.41984297901023426,0.8338039343677338,0.8844399540782386,0.2987693016716799,0.9927093468194004,0.36708770060989465,1.035880144770931,0.21720394303744914
natural,refit_per_N,tuned_once,UNSW-NB15,2000,2,57,full_test,RandomForest,0.7354370347413979,0.7533644269542826,0.7816966100422993,0.7345436443679185,1682,0.9536266349583828,1.0,0.9762629336579428,0.245204067193447,0.31591437416856444,0.3658052316316771,0.16159659305016078,0.4133130262584146,0.17168648058322475,0.42697070102129636,0.13416380197104455
natural,refit_per_N,tuned_once,UNSW-NB15,2000,2,57,full_test,XGBoost,0.7411944576458649,0.7569839187679153,0.7803664743747027,0.7395616985555219,1682,0.9381688466111772,1.0,0.9680981595092024,0.2516404204984561,0.349293132997079,0.40867657627708937,0.1353220232999466,0.42189728903642876,0.1872335391612974,0.44920538599723586,0.10615197536658155
natural,refit_per_N,tuned_once,UNSW-NB15,2000,3,57,fixed_300,QSVM_ZZ,0.6688579277864992,0.7,0.7367087079838271,0.6760942760942761,6,0.6666666666666666,1.0,0.8,0.4407430239458563,0.8108352955122878,0.8788015697659493,0.28180860629572746,0.520993547586473,0.7147991212837524,0.8408453772754231,0.27450156999426184
natural,refit_per_N,tuned_once,UNSW-NB15,2000,3,57,fixed_300,QSVM_Z,0.6949300276015689,0.72,0.7530213643393093,0.6983164983164983,6,0.5,1.0,0.6666666666666666,0.48230948285616476,0.8574331502617315,0.9355290388291985,0.3043015969857114,0.3683015913261915,1.0125839516842987,0.9872877959852606,0.4315496834439362
natural,refit_per_N,tuned_once,UNSW-NB15,2000,3,57,fixed_300,SVM_Linear,0.5102812303110144,0.62,0.7742897504316434,0.5784511784511784,6,1.0,1.0,1.0,0.3501918269634075,1.012970905127964,1.0437284954517645,0.24367026509143822,1.0157175522169573,0.12333054660505317,1.0157175522169573,0.12333054660505317
natural,refit_per_N,tuned_once,UNSW-NB15,2000,3,57,fixed_300,SVM_Poly2,0.5898838004101162,0.6533333333333333,0.7251702968631738,0.6202020202020202,6,0.6666666666666666,1.0,0.8,0.3770001824555805,0.9265435209170317,0.9269073184705212,0.3761048480020683,0.5901460954424488,0.7652871527954975,0.8359144545317924,0.48495759083101614
natural,refit_per_N,tuned_once,UNSW-NB15,2000,3,57,fixed_300,SVM_RBF,0.6148908857509627,0.6666666666666666,0.7254174397031541,0.6363636363636364,6,0.5,1.0,0.6666666666666666,0.3838248408312105,0.8668405606549269,0.878985097662741,0.35513274155232977,0.4382052752340602,0.860216633197744,0.8437864784308905,0.46906385289235075
natural,refit_per_N,tuned_once,UNSW-NB15,2000,3,57,fixed_300,RandomForest,0.7334165906143426,0.7533333333333333,0.7885736494364555,0.7333333333333334,6,1.0,1.0,1.0,0.2538020795647906,0.3242104572108144,0.38395066020823876,0.1486936672555868,0.39357597355144297,0.1436833621597981,0.39357597355144297,0.1436833621597981
natural,refit_per_N,tuned_once,UNSW-NB15,2000,3,57,fixed_300,XGBoost,0.7540509259259259,0.7733333333333333,0.817520717064096,0.7528619528619529,6,1.0,1.0,1.0,0.25174523144960403,0.354111043155291,0.4121804625789324,0.13739562842521727,0.3980568051338196,0.13374089447275875,0.3980568051338196,0.13374089447275875
natural,refit_per_N,tuned_once,UNSW-NB15,2000,3,57,full_test,QSVM_ZZ,0.7027772303007278,0.7258295680901715,0.7559355774201424,0.7048647635105325,1682,0.9310344827586207,1.0,0.9642857142857143,0.4655674744288742,0.7864663826471235,0.8610751490604998,0.3063201461715676,0.8994375647396295,0.44008758610110554,0.9771717776884967,0.2186328730867263
natural,refit_per_N,tuned_once,UNSW-NB15,2000,3,57,full_test,QSVM_Z,0.7163609043607571,0.7337608706213866,0.7531456454509502,0.7160288060936609,1682,0.8989298454221165,1.0,0.9467752035065748,0.5118353589551609,0.8173164139315956,0.9118625722177474,0.31382830424803204,1.054904118832511,0.5952715861486119,1.1687164793663956,0.3182338009437373
natural,refit_per_N,tuned_once,UNSW-NB15,2000,3,57,full_test,SVM_Linear,0.5230255324343955,0.6261842297041248,0.7692235187295997,0.5851129433059636,1682,0.995243757431629,1.0,0.9976162097735399,0.35918742734887876,1.0061567522472845,1.0441742453877223,0.22598044899346903,1.0806921493631076,0.1920488814456378,1.0904289839262817,0.1254708156228792
natural,refit_per_N,tuned_once,UNSW-NB15,2000,3,57,full_test,SVM_Poly2,0.6336396626531683,0.6790555312636641,0.7334061405905066,0.6500821327813299,1682,0.93935790725327,1.0,0.9687308399754752,0.42519870712744084,0.8693754794857439,0.8887559603895765,0.3830411306190438,1.0609700062242602,0.44870360870220727,1.103129090720642,0.33181092775214627
natural,refit_per_N,tuned_once,UNSW-NB15,2000,3,57,full_test,SVM_RBF,0.6476915291080911,0.6870111256862459,0.733319563662203,0.6599617679534294,1682,0.9227110582639715,1.0,0.9598021026592455,0.41780380474447504,0.8255243633414973,0.8540939404056141,0.35577244790983314,1.0443162030330966,0.4790293071616967,1.0969359349152634,0.3417557076756085
natural,refit_per_N,tuned_once,UNSW-NB15,2000,3,57,full_test,RandomForest,0.7375750138254622,0.7546397512510324,0.7808990774684224,0.7363748703260748,1682,0.9637336504161712,1.0,0.981531940660006,0.245088380710402,0.3212961892421465,0.37240728837087755,0.1568832914909114,0.43703768627418527,0.14431911837361105,0.4438731068148106,0.12168242354012054
natural,refit_per_N,tuned_once,UNSW-NB15,2000,3,57,full_test,XGBoost,0.7383053864227265,0.7549069620560657,0.7798918368242214,0.7369652533500588,1682,0.9655172413793104,1.0,0.9824561403508771,0.2498472989121679,0.35405556750446826,0.4126330488588785,0.13233663379443963,0.44641434441140093,0.14615465353778243,0.4589966491981012,0.09984500824740979
natural,refit_per_N,tuned_once,UNSW-NB15,2000,4,57,fixed_300,QSVM_ZZ,0.6578904497550095,0.6966666666666667,0.7502648305084746,0.6696969696969697,6,0.5,1.0,0.6666666666666666,0.45911385755031936,0.843983494501542,0.9027082451786176,0.3289551599721611,0.46873261214176926,0.6163322119157776,0.6087097266641381,0.47858972596025445
natural,refit_per_N,tuned_once,UNSW-NB15,2000,4,57,fixed_300,QSVM_Z,0.6762166405023547,0.7066666666666667,0.7457606662241265,0.6828282828282828,6,0.5,1.0,0.6666666666666666,0.4532108117573291,0.8417384162249705,0.9045870669047859,0.3092666157723061,0.35039645851868145,0.9003390538352161,0.8964567849571106,0.3602128852604896
natural,refit_per_N,tuned_once,UNSW-NB15,2000,4,57,fixed_300,SVM_Linear,0.5079792923458691,0.6166666666666667,0.7536231884057971,0.5754208754208754,6,1.0,1.0,1.0,0.48706289461116226,1.0520974617810315,1.0674126490193632,0.4525147170054898,0.8683324685936947,0.18718632707479807,0.8683324685936947,0.18718632707479807
natural,refit_per_N,tuned_once,UNSW-NB15,2000,4,57,fixed_300,SVM_Poly2,0.5952380952380952,0.66,0.7450980392156863,0.6262626262626263,6,0.8333333333333334,1.0,0.9090909090909091,0.36017167322630833,0.8475232813523534,0.8624142484425957,0.32289473627188725,0.5712764859884015,0.5487716715555874,0.5955263841056516,0.5223557186240212
natural,refit_per_N,tuned_once,UNSW-NB15,2000,4,57,fixed_300,SVM_RBF,0.6509209744503862,0.6866666666666666,0.725390551477508,0.6612794612794612,6,0.5,1.0,0.6666666666666666,0.41640028987564487,0.7891968071949307,0.8008355721704745,0.39355201465826917,0.3961208846704367,0.7196720751384204,0.712916683480687,0.40815371298204256
natural,refit_per_N,tuned_once,UNSW-NB15,2000,4,57,fixed_300,RandomForest,0.7197656221567129,0.7433333333333333,0.784996534996535,0.7215488215488215,6,1.0,1.0,1.0,0.24194215669820082,0.32948019768083525,0.38233247266009873,0.14462049716825714,0.36143303441002583,0.1514197099692737,0.36143303441002583,0.1514197099692737
natural,refit_per_N,tuned_once,UNSW-NB15,2000,4,57,fixed_300,XGBoost,0.7197656221567129,0.7433333333333333,0.784996534996535,0.7215488215488215,6,1.0,1.0,1.0,0.24243170489867527,0.36589830589314243,0.42150858173767725,0.12241412221243861,0.3900619347890218,0.1247108891318259,0.3900619347890218,0.1247108891318259
natural,refit_per_N,tuned_once,UNSW-NB15,2000,4,57,full_test,QSVM_ZZ,0.7034866548048228,0.7308215517660205,0.7758588782087994,0.7073389336570313,1682,0.9560047562425684,1.0,0.9775075987841946,0.4987763310462683,0.8111263601332434,0.8905595681605688,0.33705705165838334,0.9493221196615858,0.37879595137329847,0.9995284686821498,0.21363918168136964
natural,refit_per_N,tuned_once,UNSW-NB15,2000,4,57,full_test,QSVM_Z,0.6964421581644071,0.7207768546859058,0.7516798501010458,0.6992853661037726,1682,0.9286563614744352,1.0,0.9630086313193588,0.47123971463071496,0.8186416217463823,0.8962038440506821,0.2984286236431837,1.0281893921665854,0.4698580708441753,1.0944928659833975,0.28288760880029873
natural,refit_per_N,tuned_once,UNSW-NB15,2000,4,57,full_test,SVM_Linear,0.5236895461724174,0.6260384783559247,0.7650229659392841,0.5851196780032482,1682,0.9928656361474435,1.0,0.9964200477326969,0.4930784702941916,1.0377287996514408,1.0616877264863411,0.4391202693134809,0.9835672037721099,0.2433383304023058,0.9978483767520088,0.17583118151354774
natural,refit_per_N,tuned_once,UNSW-NB15,2000,4,57,full_test,SVM_Poly2,0.6106150057481333,0.6679541369090998,0.7414077133152337,0.6356295057962754,1682,0.9667063020214031,1.0,0.9830713422007256,0.39172636595366245,0.8136641427949947,0.8410736113512636,0.3287766161729265,0.9537587400691693,0.33443995364212575,0.9740521963428894,0.26968154488223645
natural,refit_per_N,tuned_once,UNSW-NB15,2000,4,57,full_test,SVM_RBF,0.6770476836788515,0.7045863090900257,0.7349200218796139,0.6820194695710446,1682,0.9072532699167658,1.0,0.9513715710723192,0.4464077663698954,0.7581041514137761,0.78283762126645,0.40145617070366085,0.9027920939774935,0.43385528563614784,0.9457540987091083,0.3298683958757086
natural,refit_per_N,tuned_once,UNSW-NB15,2000,4,57,full_test,RandomForest,0.7283940533766915,0.7481538162561338,0.7796980232888825,0.7283166535899704,1682,0.9589774078478003,1.0,0.9790591805766312,0.2423619732496918,0.31411564454365065,0.3627929628809953,0.16059025595778278,0.4186423201133589,0.162584789117658,0.4313489519312484,0.12503314564603635
natural,refit_per_N,tuned_once,UNSW-NB15,2000,4,57,full_test,XGBoost,0.7313287994718558,0.7488096973230336,0.7739295159296908,0.7304770390703066,1682,0.9565992865636147,1.0,0.977818292312367,0.24736276353335976,0.34877339935718793,0.4050911001483553,0.1368664365818901,0.4319331674314991,0.1651402869755699,0.4509133309586578,0.10254142320813055
natural,refit_per_N,tuned_once,UNSW-NB15,2000,5,57,fixed_300,QSVM_ZZ,0.7334165906143426,0.7533333333333333,0.7885736494364555,0.7333333333333334,6,0.8333333333333334,1.0,0.9090909090909091,0.51926668003162,0.8139079659974359,0.9163395068989659,0.3039835031729584,0.8204591578857064,0.6602380984777275,1.0372862100154754,0.1819475060333035
natural,refit_per_N,tuned_once,UNSW-NB15,2000,5,57,fixed_300,QSVM_Z,0.7475555555555555,0.7633333333333333,0.7896825396825397,0.7457912457912459,6,0.5,1.0,0.6666666666666666,0.5813092361104121,0.8913270942323799,0.9805305784157791,0.4134539898121996,0.6676030761284636,1.106908020844076,1.1050553634422593,0.6706652500261456
natural,refit_per_N,tuned_once,UNSW-NB15,2000,5,57,fixed_300,SVM_Linear,0.7536945812807883,0.76,0.7616645649432534,0.7515151515151515,6,0.5,1.0,0.6666666666666666,1.3329339133741929,1.84564557345951,1.7989421493417532,1.39532345482164,0.26470146013847934,1.0281968899351008,1.0273262617096466,0.2680605518783764
natural,refit_per_N,tuned_once,UNSW-NB15,2000,5,57,fixed_300,SVM_Poly2,0.581996950418003,0.6466666666666666,0.7125557144058532,0.6134680134680135,6,0.5,1.0,0.6666666666666666,0.3976945608077127,0.8906709378265477,0.89103694373413,0.39687384404342174,0.35459482287553845,0.732610516765983,0.719282986161505,0.38090371946837626
natural,refit_per_N,tuned_once,UNSW-NB15,2000,5,57,fixed_300,SVM_RBF,0.7170345217883418,0.7333333333333333,0.7505064671965093,0.7164983164983165,6,0.5,1.0,0.6666666666666666,0.4323396948081063,0.7712439984518702,0.818921844359747,0.3333195609099846,0.12293436993603994,0.9872658577996498,0.9647406327371799,0.24306839538351221
natural,refit_per_N,tuned_once,UNSW-NB15,2000,5,57,fixed_300,RandomForest,0.7426759287224404,0.7633333333333333,0.8068181818181819,0.7424242424242424,6,1.0,1.0,1.0,0.2405412094207718,0.32231605770887134,0.37101971398457645,0.15521625662732352,0.3646580371421286,0.16914519775743575,0.3646580371421286,0.16914519775743575
natural,refit_per_N,tuned_once,UNSW-NB15,2000,5,57,fixed_300,XGBoost,0.7385355603576929,0.7566666666666667,0.7877091936535536,0.7377104377104378,6,1.0,1.0,1.0,0.24802678247292836,0.35306972006813747,0.4099014166990916,0.13474546612388832,0.46782687306404114,0.03993740156818043,0.46782687306404114,0.03993740156818043
natural,refit_per_N,tuned_once,UNSW-NB15,2000,5,57,full_test,QSVM_ZZ,0.7296543461636363,0.7505344216100666,0.786808645321394,0.72988485909363,1682,0.9524375743162902,1.0,0.9756394640682094,0.5329136164373934,0.8095185715429506,0.9198094270980063,0.30539786849118333,0.9857358340872586,0.41103335310521744,1.0442232759506334,0.2241010975688185
natural,refit_per_N,tuned_once,UNSW-NB15,2000,5,57,full_test,QSVM_Z,0.7315727337827473,0.7457975027935675,0.7613421291348835,0.7299770641107886,1682,0.8959571938168847,1.0,0.9451238632800251,0.5822270419651361,0.8685782547087301,0.9656760104052718,0.4011064146533851,1.298853708196839,0.7294084221314461,1.39981950767066,0.5094732058878426
natural,refit_per_N,tuned_once,UNSW-NB15,2000,5,57,full_test,SVM_Linear,0.7591917276786564,0.763396978088714,0.7621166945577109,0.7577844157578562,1682,0.8186682520808561,1.0,0.900294213795358,1.3251312294936934,1.8269477424078973,1.7807670977693444,1.386571084499791,0.8934422650409376,0.8590548562365641,1.1987641784583951,0.3149266127688705
natural,refit_per_N,tuned_once,UNSW-NB15,2000,5,57,full_test,SVM_Poly2,0.6216623519396707,0.6705047855025993,0.7250502194930419,0.6407052270217805,1682,0.9381688466111772,1.0,0.9680981595092024,0.42262155728023426,0.8532868442237064,0.8669183187868004,0.39390360210981784,0.8735999961588229,0.40162070263289823,0.9275349218421282,0.2532885919960775
natural,refit_per_N,tuned_once,UNSW-NB15,2000,5,57,full_test,SVM_RBF,0.7115009016433724,0.7259996113297381,0.7369955036607034,0.7105902924012868,1682,0.8680142687277052,1.0,0.9293443666454487,0.4496374028765498,0.7549864072345401,0.8142600507043559,0.33039194754325873,0.813474627518795,0.5781013653329398,0.95718352215754,0.28238601793774726
natural,refit_per_N,tuned_once,UNSW-NB15,2000,5,57,full_test,RandomForest,0.7418428224558545,0.7594981295243648,0.7897032251246379,0.7406178679341126,1682,0.9512485136741974,1.0,0.9750152346130408,0.24446252891012346,0.3104256635912095,0.36086661975433415,0.1609388188233545,0.4155243087679731,0.16796619666098606,0.4287988764293547,0.1304017560111132
natural,refit_per_N,tuned_once,UNSW-NB15,2000,5,57,full_test,XGBoost,0.7498933340122191,0.7649516591361804,0.7891120322777903,0.7477782975333933,1682,0.9470868014268727,1.0,0.972824427480916,0.25483210887994306,0.3430720102879492,0.40587263580360816,0.13381035634451302,0.4251547866322623,0.18180034663877467,0.4500170309499668,0.10626678921130406
natural,refit_per_N,tuned_once,UNSW-NB15,2000,6,57,fixed_300,QSVM_ZZ,0.6706495098039216,0.7133333333333334,0.7961880008663634,0.6841750841750842,6,1.0,1.0,1.0,0.49148411378833773,0.8949741129879031,0.9918267236837512,0.2425181379021927,1.07174025336245,0.23697802592654338,1.07174025336245,0.23697802592654338
natural,refit_per_N,tuned_once,UNSW-NB15,2000,6,57,fixed_300,QSVM_Z,0.6387460993642449,0.69,0.7745037220843672,0.6589225589225589,6,1.0,1.0,1.0,0.44105398448800354,0.9042505062727372,0.9851577217341492,0.20411236766748517,1.0779319996958125,0.18882117782851038,1.0779319996958125,0.18882117782851038
natural,refit_per_N,tuned_once,UNSW-NB15,2000,6,57,fixed_300,SVM_Linear,0.5079792923458691,0.6166666666666667,0.7536231884057971,0.5754208754208754,6,1.0,1.0,1.0,0.33175852532117805,1.0235287949672045,1.0504224191914986,0.23299711266490053,1.0270775097152651,0.04768621377337385,1.0270775097152651,0.04768621377337385
natural,refit_per_N,tuned_once,UNSW-NB15,2000,6,57,fixed_300,SVM_Poly2,0.5709891533106686,0.6466666666666666,0.7424108458591216,0.6107744107744107,6,1.0,1.0,1.0,0.3952327944386413,0.9433373740209169,0.9704924548892567,0.32286027632318065,1.0745173113445792,0.16067624170155023,1.0745173113445792,0.16067624170155023
natural,refit_per_N,tuned_once,UNSW-NB15,2000,6,57,fixed_300,SVM_RBF,0.5817032394308999,0.6566666666666666,0.7696866211329851,0.6205387205387205,6,1.0,1.0,1.0,0.37166104404566175,0.8875334347846972,0.9209985630049611,0.2785842358509009,1.0661511025205381,0.12039532648507816,1.0661511025205381,0.12039532648507816
natural,refit_per_N,tuned_once,UNSW-NB15,2000,6,57,fixed_300,RandomForest,0.7069597069597069,0.7333333333333333,0.7777777777777778,0.7104377104377104,6,1.0,1.0,1.0,0.25311725442894367,0.32524603298715843,0.3837300245026145,0.1503482449473663,0.4075037401805292,0.15966369388300172,0.4075037401805292,0.15966369388300172
natural,refit_per_N,tuned_once,UNSW-NB15,2000,6,57,fixed_300,XGBoost,0.7197656221567129,0.7433333333333333,0.784996534996535,0.7215488215488215,6,1.0,1.0,1.0,0.2560995266834895,0.3497220114651806,0.41129824499289197,0.1368437303515448,0.4539477328459422,0.060368677404510546,0.4539477328459422,0.060368677404510546
natural,refit_per_N,tuned_once,UNSW-NB15,2000,6,57,full_test,QSVM_ZZ,0.6769025398331916,0.7145095467133071,0.7794943182944238,0.6870194636090251,1682,0.9833531510107015,1.0,0.9916067146282974,0.48320052769208216,0.8829207767870874,0.9685533443672469,0.27374489430716614,1.0615965360263158,0.2668779899656028,1.0782274943658794,0.18877642126237845
natural,refit_per_N,tuned_once,UNSW-NB15,2000,6,57,full_test,QSVM_Z,0.6638392097997236,0.7093839576349414,0.7969993140198471,0.6790888126280343,1682,0.995243757431629,1.0,0.9976162097735399,0.4593807765610848,0.8834913551413374,0.9714467003426293,0.21881266160064855,1.130296343659928,0.23478764120407344,1.1398415349236675,0.18291073291644822
natural,refit_per_N,tuned_once,UNSW-NB15,2000,6,57,full_test,SVM_Linear,0.522818616229652,0.6258927270077248,0.7675600275846248,0.5848482296379146,1682,0.995243757431629,1.0,0.9976162097735399,0.34457212372555046,1.0150443076681777,1.050157599386052,0.21497421108130807,1.0446971838265653,0.1689341967854897,1.0542757784229553,0.09183437139430062
natural,refit_per_N,tuned_once,UNSW-NB15,2000,6,57,full_test,SVM_Poly2,0.616500253841011,0.676626342126998,0.7709368872349875,0.6431421059283937,1682,0.9934601664684899,1.0,0.9967193558007754,0.45761574932003424,0.9473967418005794,0.9711386793639426,0.40479924140658624,1.0491335217844282,0.2523366874552575,1.0586802868338596,0.20868876499962022
natural,refit_per_N,tuned_once,UNSW-NB15,2000,6,57,full_test,SVM_RBF,0.6108693313249549,0.6727760773453821,0.7671262839706452,0.6389551894610572,1682,0.9791914387633769,1.0,0.9894863322319015,0.4089324069312373,0.8607076856115684,0.9058815402880488,0.29567223149080035,1.0597957801232019,0.2872218841605024,1.0780410724097378,0.20854484530987002
natural,refit_per_N,tuned_once,UNSW-NB15,2000,6,57,full_test,RandomForest,0.7159755068478733,0.7389714813195355,0.7756385110729531,0.71752420102976,1682,0.9714625445897741,1.0,0.985524728588661,0.23657262211535868,0.32290174033634095,0.3681827538393169,0.157078321935495,0.4296799182612336,0.14846515273036326,0.43905761965620566,0.11787764993440093
natural,refit_per_N,tuned_once,UNSW-NB15,2000,6,57,full_test,XGBoost,0.7178603544099182,0.7392022542875188,0.7711137268242915,0.7187297607322314,1682,0.9667063020214031,1.0,0.9830713422007256,0.24044684933552166,0.3560705657307921,0.40808375883234466,0.13441942163426435,0.4460179891335411,0.1433706890798618,0.4586300937974921,0.09563283003898636
natural,refit_per_N,tuned_once,UNSW-NB15,2000,7,57,fixed_300,QSVM_ZZ,0.6619183285849952,0.7033333333333334,0.7708333333333333,0.6750841750841751,6,1.0,1.0,1.0,0.4547977907947364,0.8533053117080949,0.9290361415676407,0.2680724401391021,0.9117578854742527,0.17771006413649532,0.9117578854742527,0.17771006413649532
natural,refit_per_N,tuned_once,UNSW-NB15,2000,7,57,fixed_300,QSVM_Z,0.6387460993642449,0.69,0.7745037220843672,0.6589225589225589,6,1.0,1.0,1.0,0.4997467889570642,0.9328434038028632,1.012810913689757,0.30685130308070674,1.1611674741363898,0.3881026094751237,1.1611674741363898,0.3881026094751237
natural,refit_per_N,tuned_once,UNSW-NB15,2000,7,57,fixed_300,SVM_Linear,0.7568465393440564,0.7633333333333333,0.7656484257871065,0.7545454545454545,6,0.5,1.0,0.6666666666666666,0.7926370028588238,1.1066293035525463,1.1726482624906374,0.691229257381299,0.7418430353351878,1.107555162496902,1.107235625217928,0.7423198753213657
natural,refit_per_N,tuned_once,UNSW-NB15,2000,7,57,fixed_300,SVM_Poly2,0.5953039227471251,0.6633333333333333,0.7643964562569214,0.6286195286195286,6,1.0,1.0,1.0,0.4270776385814182,0.9301143773386502,0.9281622740549087,0.43130367182481283,0.6377099633251051,0.3781679409890789,0.6377099633251051,0.3781679409890789
natural,refit_per_N,tuned_once,UNSW-NB15,2000,7,57,fixed_300,SVM_RBF,0.607188703465982,0.66,0.7142857142857143,0.6296296296296297,6,1.0,1.0,1.0,0.39124287500958405,0.8023749420053822,0.8157473349766177,0.3625366468130517,0.7812958444864163,0.32624617586383936,0.7812958444864163,0.32624617586383936
natural,refit_per_N,tuned_once,UNSW-NB15,2000,7,57,fixed_300,RandomForest,0.7124868071477963,0.7366666666666667,0.7763340263340264,0.7148148148148148,6,1.0,1.0,1.0,0.24170793776939342,0.32423072508528245,0.36840851366514876,0.166803649028122,0.3769033365465779,0.1663363446637983,0.3769033365465779,0.1663363446637983
natural,refit_per_N,tuned_once,UNSW-NB15,2000,7,57,fixed_300,XGBoost,0.6952972992816848,0.7233333333333334,0.7663836402774455,0.7,6,1.0,1.0,1.0,0.23809118509292604,0.36245933114599127,0.4120559060573578,0.1351817644395992,0.4228377342224121,0.13864115903396193,0.4228377342224121,0.13864115903396193
natural,refit_per_N,tuned_once,UNSW-NB15,2000,7,57,full_test,QSVM_ZZ,0.6885041377115668,0.7213962979157558,0.7770432937619693,0.6956353962715914,1682,0.9780023781212842,1.0,0.9888788698527202,0.4682318074118891,0.8333186237250654,0.9176650801905812,0.26749159747187445,0.9679900510262253,0.2718659844507944,0.9904322927411756,0.1730887803487328
natural,refit_per_N,tuned_once,UNSW-NB15,2000,7,57,full_test,QSVM_Z,0.6643833547900111,0.7088130981878249,0.7915375036389934,0.6789454654071702,1682,0.985731272294887,1.0,0.9928143712574851,0.5293955025868198,0.9085904757016683,0.9997123746602851,0.32614631478222944,1.2846132331979434,0.4130444965539391,1.298637827676579,0.3665742865617088
natural,refit_per_N,tuned_once,UNSW-NB15,2000,7,57,full_test,SVM_Linear,0.7566080487851348,0.7611864159743478,0.7602249931697334,0.7550393219037443,1682,0.8210463733650416,1.0,0.9017303297420829,0.7775035858961666,1.0962958750788827,1.151531880256335,0.6930734452781179,1.3322196508905917,0.8746399657283186,1.476623460259807,0.5994893030560579
natural,refit_per_N,tuned_once,UNSW-NB15,2000,7,57,full_test,SVM_Poly2,0.6285864298831196,0.6846062284409464,0.7766906826645843,0.6519807438692553,1682,0.9928656361474435,1.0,0.9964200477326969,0.45519922226989346,0.884658840402302,0.8960330319255859,0.43237992732700165,0.8817120344892209,0.2988762431569995,0.8921032125814328,0.2662611097938448
natural,refit_per_N,tuned_once,UNSW-NB15,2000,7,57,full_test,SVM_RBF,0.6474700410432617,0.6902298012923286,0.7480085959831433,0.6617619806782871,1682,0.9524375743162902,1.0,0.9756394640682094,0.4291820052433912,0.767514255101538,0.7929376062002443,0.38016480384463947,0.938930249625955,0.38067288223149215,0.9563879788618272,0.33440079368577863
natural,refit_per_N,tuned_once,UNSW-NB15,2000,7,57,full_test,RandomForest,0.7262646642750712,0.7456396054996842,0.77487067940332,0.7261527195155979,1682,0.9363852556480381,1.0,0.9671476819158735,0.2418411169193753,0.3167347411584373,0.36162971958589546,0.1674275007331229,0.40503055658002823,0.189056681541906,0.42124681140331693,0.14947676903687565
natural,refit_per_N,tuned_once,UNSW-NB15,2000,7,57,full_test,XGBoost,0.7305304196503324,0.7487732594859836,0.7760720414058282,0.7299173890647022,1682,0.9435196195005945,1.0,0.970939125114714,0.24677958942289888,0.35113633039665276,0.4061347038065623,0.13874974105964202,0.42186609206457626,0.18572550851433764,0.44663989825637107,0.11391999575265682
natural,refit_per_N,tuned_once,UNSW-NB15,2000,8,57,fixed_300,QSVM_ZZ,0.6456996148908858,0.6933333333333334,0.7699443413729128,0.6632996632996633,6,1.0,1.0,1.0,0.46268943813732655,0.8793034356391236,0.9554663619360819,0.27265377184119266,1.0499475136527785,0.11783139539596808,1.0499475136527785,0.11783139539596808
natural,refit_per_N,tuned_once,UNSW-NB15,2000,8,57,fixed_300,QSVM_Z,0.647671568627451,0.6933333333333334,0.7636993718865064,0.6639730639730639,6,1.0,1.0,1.0,0.479703807691468,0.8973860082642218,0.9708324570393627,0.3047978531764956,1.0484960401859091,0.28625109891513645,1.0484960401859091,0.28625109891513645
natural,refit_per_N,tuned_once,UNSW-NB15,2000,8,57,fixed_300,SVM_Linear,0.5079792923458691,0.6166666666666667,0.7536231884057971,0.5754208754208754,6,1.0,1.0,1.0,0.46878792996499774,1.0509716025418427,1.0765744224334193,0.40655989176551394,0.9184166803668009,0.20222929297496495,0.9184166803668009,0.20222929297496495
natural,refit_per_N,tuned_once,UNSW-NB15,2000,8,57,fixed_300,SVM_Poly2,0.5977706504022293,0.66,0.7377848793204944,0.6269360269360269,6,1.0,1.0,1.0,0.5033517851104008,1.0127298574776107,1.0268924254009506,0.4737897534293054,1.404012220260953,0.5027941977615124,1.404012220260953,0.5027941977615124
natural,refit_per_N,tuned_once,UNSW-NB15,2000,8,57,fixed_300,SVM_RBF,0.6371783936550777,0.6833333333333333,0.7447278426902251,0.6542087542087542,6,1.0,1.0,1.0,0.44341661664432935,0.881163565027041,0.935072696544335,0.31417602776910647,1.1404731315409418,0.21854274413708683,1.1404731315409418,0.21854274413708683
natural,refit_per_N,tuned_once,UNSW-NB15,2000,8,57,fixed_300,RandomForest,0.6949300276015689,0.72,0.7530213643393093,0.6983164983164983,6,0.8333333333333334,1.0,0.9090909090909091,0.2224490259811957,0.33084169813740905,0.36389746616024526,0.16284481111960655,0.3238912625195974,0.21064698427545434,0.3478997157662125,0.16805799502157237
natural,refit_per_N,tuned_once,UNSW-NB15,2000,8,57,fixed_300,XGBoost,0.6901868485518037,0.7133333333333334,0.7386041863305758,0.692929292929293,6,0.6666666666666666,1.0,0.8,0.21963347981373468,0.3637058680089116,0.4006142180164655,0.14152410466864596,0.28320038815339404,0.2973412575404921,0.3720114976167679,0.17384397869044482
natural,refit_per_N,tuned_once,UNSW-NB15,2000,8,57,full_test,QSVM_ZZ,0.6762672413462971,0.7148496331924403,0.7834521104336413,0.6869482782879941,1682,0.9887039239001189,1.0,0.9943198804185351,0.48956364473082664,0.861433410313111,0.9521371724618335,0.2741803921913322,1.0336130484459438,0.23550210599554225,1.0449618988897689,0.17852676470137846
natural,refit_per_N,tuned_once,UNSW-NB15,2000,8,57,full_test,QSVM_Z,0.6795566138988114,0.7160885196521402,0.7789884625893417,0.688974922553366,1682,0.9803804994054697,1.0,0.9900930651456019,0.5159618295041682,0.8765791003224582,0.968214374421585,0.3117185490002757,1.134077940092746,0.35047992969131014,1.150907210522865,0.29048502214040134
natural,refit_per_N,tuned_once,UNSW-NB15,2000,8,57,full_test,SVM_Linear,0.5236003333254371,0.6259898945731914,0.7649884666697164,0.585065623949194,1682,0.9928656361474435,1.0,0.9964200477326969,0.4761420214083065,1.0379573716765034,1.071914882594615,0.39378320741310924,1.034118500613269,0.24782460831610045,1.0483250638326942,0.17841712456443626
natural,refit_per_N,tuned_once,UNSW-NB15,2000,8,57,full_test,SVM_Poly2,0.6370047998769595,0.6853835689646796,0.7540549397516494,0.6551480703327522,1682,0.9732461355529132,1.0,0.9864416993070202,0.5347243386737106,0.9421669234046954,0.9791747378337697,0.4634926781687872,1.4680113542583684,0.6171439545941803,1.496506596496488,0.5444189595946577
natural,refit_per_N,tuned_once,UNSW-NB15,2000,8,57,full_test,SVM_RBF,0.6737415317338924,0.7081693630666084,0.7580458080966777,0.6822827738176719,1682,0.9530321046373365,1.0,0.975951293759513,0.4749356147174645,0.8381380651907813,0.9035535082965135,0.3341112271293266,1.1273822565744271,0.45290549046762674,1.1724112261912132,0.31869429306999636
natural,refit_per_N,tuned_once,UNSW-NB15,2000,8,57,full_test,RandomForest,0.7305667636111859,0.7473278919496672,0.769878912730352,0.7295586209610299,1682,0.9221165279429251,1.0,0.9594803587998763,0.2404402380771213,0.3078459600496188,0.35469816530720094,0.1636149587695448,0.3941472532670442,0.20031897451052774,0.41828058519035893,0.1432518790791795
natural,refit_per_N,tuned_once,UNSW-NB15,2000,8,57,full_test,XGBoost,0.7383461407160138,0.753303697225866,0.7730309084873936,0.7366518657543981,1682,0.925089179548157,1.0,0.9610870907967881,0.24641900963913693,0.3419456698666045,0.3965702703231591,0.14276270573182076,0.405582786793516,0.20677667727427787,0.4384411959847996,0.12256960826895105
natural,refit_per_N,tuned_once,UNSW-NB15,2000,9,57,fixed_300,QSVM_ZZ,0.6999073788206236,0.73,0.7841614906832297,0.7053872053872055,6,1.0,1.0,1.0,0.4593271675557108,0.8449224908567019,0.9092405215565649,0.31330039318486563,0.9205375561979375,0.17993360895242308,0.9205375561979375,0.17993360895242308
natural,refit_per_N,tuned_once,UNSW-NB15,2000,9,57,fixed_300,QSVM_Z,0.6505331609467607,0.6966666666666667,0.772248243559719,0.667003367003367,6,1.0,1.0,1.0,0.5487794298567633,0.9771646944961976,1.0383811618872985,0.42163285621657265,1.1689346126522957,0.7280752050281678,1.1689346126522957,0.7280752050281678
natural,refit_per_N,tuned_once,UNSW-NB15,2000,9,57,fixed_300,SVM_Linear,0.5102812303110144,0.62,0.7742897504316434,0.5784511784511784,6,1.0,1.0,1.0,0.5564355741735021,0.9930602481997542,0.9969474316181227,0.549440645884868,0.9009664584388437,0.5945017235779073,0.9009664584388437,0.5945017235779073
natural,refit_per_N,tuned_once,UNSW-NB15,2000,9,57,fixed_300,SVM_Poly2,0.6211355829460496,0.6666666666666666,0.7114342547499828,0.6383838383838384,6,0.5,1.0,0.6666666666666666,0.37891418130195226,0.8727383859911632,0.8769381845046026,0.3690903246252342,0.44473414929148714,0.5863459031460807,0.5811165567540496,0.4515457110288316
natural,refit_per_N,tuned_once,UNSW-NB15,2000,9,57,fixed_300,SVM_RBF,0.6673936085965959,0.6966666666666667,0.7273261278195489,0.6737373737373737,6,0.5,1.0,0.6666666666666666,0.3973642820356594,0.8326969855386405,0.8873696731666934,0.2527008221333867,0.27723338515741464,0.8238059178197521,0.8217412042437756,0.28329478168274314
natural,refit_per_N,tuned_once,UNSW-NB15,2000,9,57,fixed_300,RandomForest,0.7416267942583732,0.76,0.7934336525307797,0.7407407407407407,6,1.0,1.0,1.0,0.23787842372969933,0.34350905242416624,0.39049186610023495,0.14866309590154222,0.3306224843574907,0.1713076147711508,0.3306224843574907,0.1713076147711508
natural,refit_per_N,tuned_once,UNSW-NB15,2000,9,57,fixed_300,XGBoost,0.7617777777777778,0.7766666666666666,0.8055555555555556,0.7592592592592593,6,1.0,1.0,1.0,0.2564638226230939,0.3623307878222414,0.42783388783534365,0.11838689343854923,0.3651059071222941,0.15341082018098004,0.3651059071222941,0.15341082018098004
natural,refit_per_N,tuned_once,UNSW-NB15,2000,9,57,full_test,QSVM_ZZ,0.7049606239567294,0.7332385949570034,0.7829421346599273,0.7091712196622635,1682,0.9678953626634959,1.0,0.9836858006042296,0.4893076705142983,0.8100637143095487,0.8923356143690321,0.31521797060725026,0.968801003862371,0.33783841192270625,1.0038953718248431,0.21190625305510374
natural,refit_per_N,tuned_once,UNSW-NB15,2000,9,57,full_test,QSVM_Z,0.6789214451133708,0.7158213088471068,0.7796908629395742,0.6885658552755527,1682,0.9833531510107015,1.0,0.9916067146282974,0.546457250655434,0.9336978495559246,1.0070654416507197,0.3952548510671247,1.5136142838606768,0.5800680742567307,1.527464021775303,0.5425503048206664
natural,refit_per_N,tuned_once,UNSW-NB15,2000,9,57,full_test,SVM_Linear,0.5237666299283504,0.6269372783364913,0.7726277957385608,0.5858340436085958,1682,0.995243757431629,1.0,0.9976162097735399,0.55240756837114,0.9761160146845839,0.9778859095658091,0.549268371190332,1.216725917544785,0.4981511751749859,1.2301344586939915,0.4640536232883636
natural,refit_per_N,tuned_once,UNSW-NB15,2000,9,57,full_test,SVM_Poly2,0.6256144854478803,0.6723266773550989,0.7236210731189454,0.6431669150841479,1682,0.9387633769322236,1.0,0.9684145967494634,0.38792093638902175,0.8527746722967303,0.864739007973109,0.3604632334779991,0.8683942956969832,0.3716997409031036,0.9121110163510683,0.24560709280783186
natural,refit_per_N,tuned_once,UNSW-NB15,2000,9,57,full_test,SVM_RBF,0.6608970847658819,0.6912864985667784,0.7207549914621263,0.667830697723224,1682,0.8995243757431629,1.0,0.9471048513302034,0.4007072121318737,0.822587874131386,0.8752497932712485,0.2667487205238822,0.8923529143021537,0.49371528943519105,0.9952175896355605,0.2226891554737378
natural,refit_per_N,tuned_once,UNSW-NB15,2000,9,57,full_test,RandomForest,0.7374261037364929,0.7547126269251324,0.7816712990244091,0.7362870545477093,1682,0.9435196195005945,1.0,0.970939125114714,0.24423968681260297,0.32231469537596774,0.3724932512634563,0.15744384787218862,0.4228212139418641,0.17521772968685312,0.44034980438174637,0.12478413976481346
natural,refit_per_N,tuned_once,UNSW-NB15,2000,9,57,full_test,XGBoost,0.7412046467344486,0.7575669241607151,0.7828866707356217,0.7396962052937963,1682,0.9560047562425684,1.0,0.9775075987841946,0.25428225615568634,0.3556605869440997,0.4178079544798554,0.12880385116294712,0.4361976079297264,0.17005701670089313,0.45718116613545684,0.10086190273758959
natural,refit_per_N,tuned_once,UNSW-NB15,2000,10,57,fixed_300,QSVM_ZZ,0.6572037986897568,0.7,0.7684787959772136,0.6713804713804714,6,1.0,1.0,1.0,0.47364722782489993,0.8739800970959625,0.9625322210982089,0.24842429408942482,1.0092503563566797,0.2674189087453519,1.0092503563566797,0.2674189087453519
natural,refit_per_N,tuned_once,UNSW-NB15,2000,10,57,fixed_300,QSVM_Z,0.6553308823529411,0.7,0.774528914879792,0.6707070707070707,6,1.0,1.0,1.0,0.4923827053037015,0.9286329953949051,1.0094694648166274,0.2928674925988493,1.052655762160169,0.3720754103468159,1.052655762160169,0.3720754103468159
natural,refit_per_N,tuned_once,UNSW-NB15,2000,10,57,fixed_300,SVM_Linear,0.5079792923458691,0.6166666666666667,0.7536231884057971,0.5754208754208754,6,1.0,1.0,1.0,0.5064697080266055,1.0757552044399914,1.0974948923291743,0.4574557752828753,0.9249157421415733,0.2700931856193933,0.9249157421415733,0.2700931856193933
natural,refit_per_N,tuned_once,UNSW-NB15,2000,10,57,fixed_300,SVM_Poly2,0.5819039451114923,0.6533333333333333,0.7479046991242113,0.6181818181818182,6,1.0,1.0,1.0,0.35744643269076676,0.9023980940184063,0.913956690405025,0.32676205470540853,0.9513423013726724,0.07156794677056354,0.9513423013726724,0.07156794677056354
natural,refit_per_N,tuned_once,UNSW-NB15,2000,10,57,fixed_300,SVM_RBF,0.5846464220256069,0.65,0.7220985963711057,0.6164983164983165,6,1.0,1.0,1.0,0.34155834294256143,0.8556895998345767,0.8835765084107223,0.2610734507441211,0.9803941507299232,0.06484128226862874,0.9803941507299232,0.06484128226862874
natural,refit_per_N,tuned_once,UNSW-NB15,2000,10,57,fixed_300,RandomForest,0.7170453324418868,0.7366666666666667,0.7632579873940448,0.7175084175084174,6,0.8333333333333334,1.0,0.9090909090909091,0.24698967875594902,0.32834565217701583,0.37921042875933236,0.15815884242014447,0.35822406068960677,0.2621029762308652,0.43268945946616494,0.09900646177349526
natural,refit_per_N,tuned_once,UNSW-NB15,2000,10,57,fixed_300,XGBoost,0.7262222222222222,0.7433333333333333,0.7658730158730158,0.7255892255892256,6,0.8333333333333334,1.0,0.9090909090909091,0.25100297063589094,0.3607458423047501,0.4223440834879875,0.12151349369883739,0.32825497289498645,0.3380876746448711,0.46970604360103607,0.03782638737344804
natural,refit_per_N,tuned_once,UNSW-NB15,2000,10,57,full_test,QSVM_ZZ,0.695044622820258,0.7272870815721713,0.7856270480723975,0.7015660222121001,1682,0.9833531510107015,1.0,0.9916067146282974,0.4940837505278837,0.8514061614013023,0.9478055131277197,0.26584941883047347,1.0715101274249934,0.2864934355703447,1.0911249994279466,0.19914486541859094
natural,refit_per_N,tuned_once,UNSW-NB15,2000,10,57,full_test,QSVM_Z,0.6836604610724935,0.7192100276927561,0.7816870952377294,0.6923758659833397,1682,0.9803804994054697,1.0,0.9900930651456019,0.522133525078664,0.8901891262973612,0.9918766548635166,0.28502771817121786,1.1968949029455511,0.37525656423557846,1.2218949716768848,0.28345647971016014
natural,refit_per_N,tuned_once,UNSW-NB15,2000,10,57,full_test,SVM_Linear,0.5236003333254371,0.6259898945731914,0.7649884666697164,0.585065623949194,1682,0.9928656361474435,1.0,0.9964200477326969,0.5125737015895653,1.0600691405023674,1.0889394716206302,0.44798349227760575,1.0778766173148386,0.2887371880185856,1.091808038067209,0.23052629765558466
natural,refit_per_N,tuned_once,UNSW-NB15,2000,10,57,full_test,SVM_Poly2,0.592963721789195,0.6585896127872516,0.7425678515216192,0.6243487161387099,1682,0.9738406658739596,1.0,0.9867469879518073,0.3808614865572898,0.8727169851100198,0.8901591652659646,0.338093283777055,0.9032212398676085,0.2924597461577471,0.9273427361316084,0.20341278478644328
natural,refit_per_N,tuned_once,UNSW-NB15,2000,10,57,full_test,SVM_RBF,0.5984891173553386,0.6611766992178011,0.7405030597422769,0.6276170475602224,1682,0.9673008323424495,1.0,0.9833786642490179,0.3694832745782495,0.8289134737738838,0.8632799533639857,0.2799342053355183,0.9416375235026937,0.31525424905434596,0.9734150342658265,0.19628967950548348
natural,refit_per_N,tuned_once,UNSW-NB15,2000,10,57,full_test,RandomForest,0.7368452835441917,0.7543361026089491,0.781756326177389,0.7357812034217223,1682,0.955410225921522,1.0,0.9771967163271511,0.24367212869334595,0.32136128228001404,0.3703228294919189,0.15971907214763245,0.42719790039354094,0.1626077990557447,0.439287434986822,0.12635621028307945
natural,refit_per_N,tuned_once,UNSW-NB15,2000,10,57,full_test,XGBoost,0.7430447331326313,0.7583199727930817,0.7806810982275212,0.7412369521202133,1682,0.9536266349583828,1.0,0.9762629336579428,0.25153937118086045,0.35449727778853063,0.4148416740858091,0.1297950717678628,0.4341937102970981,0.1736114351242754,0.4558061637010926,0.10443107583264473
natural,refit_per_N,tuned_once,UNSW-NB15,5000,1,143,fixed_300,QSVM_ZZ,0.6582137508160627,0.7033333333333334,0.7832259953161592,0.6737373737373737,6,1.0,1.0,1.0,0.4929509994031034,0.8860555168512702,0.9803005767012074,0.2590479609538938,0.973792230242025,0.1619086220137517,0.973792230242025,0.1619086220137517
natural,refit_per_N,tuned_once,UNSW-NB15,5000,1,143,fixed_300,QSVM_Z,0.6534017971758665,0.7,0.7810760667903525,0.67003367003367,6,1.0,1.0,1.0,0.48662354703252503,0.8852202893529029,0.9696457579470615,0.2832040630072634,0.9951802951416404,0.43333457763178257,0.9951802951416404,0.43333457763178257
natural,refit_per_N,tuned_once,UNSW-NB15,5000,1,143,fixed_300,SVM_Linear,0.5079792923458691,0.6166666666666667,0.7536231884057971,0.5754208754208754,6,1.0,1.0,1.0,0.33267869792761057,1.0228488388669574,1.0506430733725434,0.23031282118151822,1.0315484568322317,0.07254599527035838,1.0315484568322317,0.07254599527035838
natural,refit_per_N,tuned_once,UNSW-NB15,5000,1,143,fixed_300,SVM_Poly2,0.5977706504022293,0.66,0.7377848793204944,0.6269360269360269,6,1.0,1.0,1.0,0.43826871221350644,0.9126469979286718,0.9421622476807334,0.3705864352329837,1.0823827428665107,0.2674373866532426,1.0823827428665107,0.2674373866532426
natural,refit_per_N,tuned_once,UNSW-NB15,5000,1,143,fixed_300,SVM_RBF,0.623208297186363,0.6766666666666666,0.751240694789082,0.6454545454545454,6,1.0,1.0,1.0,0.4603676170211581,0.8983440178075156,0.9534981153590418,0.33136333704718357,1.0902214380201232,0.32073671229193895,1.0902214380201232,0.32073671229193895
natural,refit_per_N,tuned_once,UNSW-NB15,5000,1,143,fixed_300,RandomForest,0.7591054542839679,0.7766666666666666,0.8158068783068784,0.7572390572390573,6,0.5,1.0,0.6666666666666666,0.2628269207733371,0.29806401877835115,0.36198291163467106,0.16397719737201644,0.18126836505120636,0.3254296793593206,0.31873163494879364,0.19280259660885424
natural,refit_per_N,tuned_once,UNSW-NB15,5000,1,143,fixed_300,XGBoost,0.765374017879703,0.7833333333333333,0.8280935332289103,0.7632996632996634,6,0.6666666666666666,1.0,0.8,0.27340103914340336,0.31548420517032294,0.39191726932923,0.14380287173128006,0.2308844874302546,0.2714311741368308,0.27676672240098316,0.2244609324596311
natural,refit_per_N,tuned_once,UNSW-NB15,5000,1,143,full_test,QSVM_ZZ,0.6831713983233201,0.7209468979254725,0.7928582504605624,0.6931011826261981,1682,0.9922711058263971,1.0,0.9961205610265592,0.5031494410248574,0.8735563000160852,0.9704551609130125,0.2729042871754087,1.01065081858969,0.20278080477251484,1.022611548543641,0.12961771748250997
natural,refit_per_N,tuned_once,UNSW-NB15,5000,1,143,full_test,QSVM_Z,0.6731665288727569,0.7147403196812904,0.793875533222433,0.6856692164236945,1682,0.9875148632580262,1.0,0.9937182171702064,0.494815998961088,0.8590836887838272,0.9492374090908626,0.28603496000446044,1.1983468711029415,0.3534239259920314,1.2165170897822108,0.2846574524119319
natural,refit_per_N,tuned_once,UNSW-NB15,5000,1,143,full_test,SVM_Linear,0.5236089705859062,0.6260020405188748,0.7650563033573681,0.5850766536853628,1682,0.9928656361474435,1.0,0.9964200477326969,0.344577834384289,1.0163603265792684,1.0523597531989768,0.21038333403640203,1.065775495502011,0.17558274536673754,1.0757838719070647,0.09693177099239414
natural,refit_per_N,tuned_once,UNSW-NB15,5000,1,143,full_test,SVM_Poly2,0.6273144903834402,0.6787518826215809,0.7487381615415667,0.6477895621731322,1682,0.9708680142687277,1.0,0.9852187028657617,0.46492233729458027,0.8670983265206562,0.911199693805545,0.37111643129759037,1.0661811296790273,0.384768991642337,1.0899632961175811,0.311077789836571
natural,refit_per_N,tuned_once,UNSW-NB15,5000,1,143,full_test,SVM_RBF,0.6476349100458684,0.693290579604528,0.762452390943871,0.6636597332353972,1682,0.9667063020214031,1.0,0.9830713422007256,0.48546052738411494,0.8589428668046594,0.9276753414729227,0.3359661186872362,1.1762096624194311,0.4438212592629411,1.2076906895119022,0.3491843046427503
natural,refit_per_N,tuned_once,UNSW-NB15,5000,1,143,full_test,RandomForest,0.7473335078805092,0.7631297672836808,0.7889126750442783,0.7454606685570244,1682,0.9494649227110583,1.0,0.9740774626410491,0.24962413956816829,0.3030843245865396,0.35525419037564243,0.1672327093776037,0.40904439278058097,0.17774815278507985,0.4243991407508337,0.1371024814279318
natural,refit_per_N,tuned_once,UNSW-NB15,5000,1,143,full_test,XGBoost,0.7394237090102251,0.7567774376912987,0.7848182070043753,0.7382217203526653,1682,0.9548156956004756,1.0,0.9768856447688564,0.250673134151926,0.32557427201380407,0.38326316724162995,0.14813835228860342,0.4203133158890728,0.16749669108269657,0.43676369712554036,0.11813508331799244
natural,refit_per_N,tuned_once,UNSW-NB15,5000,2,143,fixed_300,QSVM_ZZ,0.6562777584675394,0.7033333333333334,0.7901987353206865,0.673063973063973,6,1.0,1.0,1.0,0.47067087599792673,0.8990519533539152,0.9919838728623137,0.2139941221698194,0.9303237026248103,0.3644091311872791,0.9303237026248103,0.3644091311872791
natural,refit_per_N,tuned_once,UNSW-NB15,5000,2,143,fixed_300,QSVM_Z,0.6514149969014666,0.7,0.7881750821174853,0.6693602693602694,6,1.0,1.0,1.0,0.5317880837320604,0.9467776867677286,1.0456629708609508,0.2928745559636723,0.9452853309031783,0.2729703921508971,0.9452853309031783,0.2729703921508971
natural,refit_per_N,tuned_once,UNSW-NB15,5000,2,143,fixed_300,SVM_Linear,0.5079792923458691,0.6166666666666667,0.7536231884057971,0.5754208754208754,6,1.0,1.0,1.0,0.5046913689082059,1.0952132718012726,1.107561347927266,0.4769835942227206,0.877477511495275,0.19146504059538164,0.877477511495275,0.19146504059538164
natural,refit_per_N,tuned_once,UNSW-NB15,5000,2,143,fixed_300,SVM_Poly2,0.6182016518622409,0.6733333333333333,0.7486416253248287,0.6417508417508417,6,1.0,1.0,1.0,0.5282253239654041,0.9466200856444473,0.9613715997231493,0.5008754602389797,1.0649973833217432,0.3481561589676329,1.0649973833217432,0.3481561589676329
natural,refit_per_N,tuned_once,UNSW-NB15,5000,2,143,fixed_300,SVM_RBF,0.6578904497550095,0.6966666666666667,0.7502648305084746,0.6696969696969697,6,1.0,1.0,1.0,0.46869813519362385,0.871734103564418,0.9220519092882667,0.35974791983985444,1.031646410530916,0.23002490933403208,1.031646410530916,0.23002490933403208
natural,refit_per_N,tuned_once,UNSW-NB15,5000,2,143,fixed_300,RandomForest,0.7657470067673087,0.78,0.8079814921920185,0.762962962962963,6,0.8333333333333334,1.0,0.9090909090909091,0.2601216498631419,0.3160099501488969,0.3781105660447572,0.15670979920204298,0.2923571844493264,0.22622131982623214,0.30797176183575287,0.2044558699446953
natural,refit_per_N,tuned_once,UNSW-NB15,5000,2,143,fixed_300,XGBoost,0.7466427186544706,0.7633333333333333,0.7926672384219554,0.7451178451178451,6,1.0,1.0,1.0,0.2596550897757212,0.3343324341059759,0.3986169373989105,0.14249027812583415,0.32349395751953125,0.1761768286996591,0.32349395751953125,0.1761768286996591
natural,refit_per_N,tuned_once,UNSW-NB15,5000,2,143,full_test,QSVM_ZZ,0.6797891471238324,0.718469125006073,0.791096036506366,0.6903667798655445,1682,0.9898929845422116,1.0,0.9949208246190618,0.48849997365141506,0.877018289045839,0.9793002228658938,0.2208265769175776,1.0455722836987627,0.2140420211541546,1.0568999380373632,0.14831691823733079
natural,refit_per_N,tuned_once,UNSW-NB15,5000,2,143,full_test,QSVM_Z,0.6726812663899517,0.7138050818636739,0.7902463072732185,0.6849490831606335,1682,0.9946492271105827,1.0,0.9973174366616989,0.5578294532670518,0.9505849595918614,1.0585734474747506,0.3069327624022891,1.0816906648455846,0.23007265503697796,1.091335677190358,0.17881431906117012
natural,refit_per_N,tuned_once,UNSW-NB15,5000,2,143,full_test,SVM_Linear,0.5236003333254371,0.6259898945731914,0.7649884666697164,0.585065623949194,1682,0.9928656361474435,1.0,0.9964200477326969,0.5158502968367966,1.0780064095288489,1.099957444616743,0.46721832986741413,0.9969657264125674,0.24643897682796076,1.012255954238981,0.1732360010190742
natural,refit_per_N,tuned_once,UNSW-NB15,5000,2,143,full_test,SVM_Poly2,0.6586189271346704,0.70004372540446,0.7632700588942143,0.6716700022178713,1682,0.976218787158145,1.0,0.9879663056558363,0.5866480609379976,0.9791110828885813,0.9687683367464802,0.603574659636255,1.1074360885405448,0.40148536382589695,1.1225550470291852,0.3570369083970142
natural,refit_per_N,tuned_once,UNSW-NB15,5000,2,143,full_test,SVM_RBF,0.6886359596939298,0.7182262060924064,0.7616370801623754,0.6941376153352682,1682,0.9458977407847801,1.0,0.972196761380996,0.5116354810572292,0.8398685472115278,0.9098532540856484,0.3732520570628127,1.0438654066271325,0.41334901595630336,1.0825079004115827,0.29780705446879524
natural,refit_per_N,tuned_once,UNSW-NB15,5000,2,143,full_test,RandomForest,0.7431090362650579,0.7609677889520478,0.7925237201081345,0.741882920244872,1682,0.9607609988109393,1.0,0.9799878714372346,0.2540409149596248,0.30815667001548347,0.3651039408959685,0.16185311887877862,0.4143143657321454,0.16579868048827842,0.42367106965636225,0.14017282489811633
natural,refit_per_N,tuned_once,UNSW-NB15,5000,2,143,full_test,XGBoost,0.7395729719910213,0.7580649079337317,0.790337574458851,0.7386631256245215,1682,0.9607609988109393,1.0,0.9799878714372346,0.25494519848636593,0.3283991399629482,0.38981752600682834,0.14451763137268853,0.4275448423999668,0.15424405899717752,0.43859644321000535,0.11924337299099616
natural,refit_per_N,tuned_once,UNSW-NB15,5000,3,143,fixed_300,QSVM_ZZ,0.6804471233975363,0.7166666666666667,0.7800582627118644,0.6898989898989899,6,0.8333333333333334,1.0,0.9090909090909091,0.5005372644722231,0.8679807276811797,0.9555094471627744,0.30154567337963234,0.7185497018774484,0.517941319554108,0.755176655730088,0.46290938984853264
natural,refit_per_N,tuned_once,UNSW-NB15,5000,3,143,fixed_300,QSVM_Z,0.6949300276015689,0.72,0.7530213643393093,0.6983164983164983,6,0.6666666666666666,1.0,0.8,0.4936312301110414,0.8558820834310068,0.9244187149280413,0.34879216099265986,0.5953652026349996,0.844398942129166,0.8780255481166349,0.5445552633406012
natural,refit_per_N,tuned_once,UNSW-NB15,5000,3,143,fixed_300,SVM_Linear,0.5079792923458691,0.6166666666666667,0.7536231884057971,0.5754208754208754,6,1.0,1.0,1.0,0.5036654773750245,1.0700219511318465,1.0879394235284023,0.4636956973448246,0.8978826994840077,0.23711869463899532,0.8978826994840077,0.23711869463899532
natural,refit_per_N,tuned_once,UNSW-NB15,5000,3,143,fixed_300,SVM_Poly2,0.6198108014695529,0.67,0.7283372365339578,0.6400673400673401,6,0.8333333333333334,1.0,0.9090909090909091,0.46388228478776966,0.9398940407222076,0.9519856474229793,0.4385326772609894,0.8091262111741043,0.6856605583088905,0.8582713009936699,0.6230457452868561
natural,refit_per_N,tuned_once,UNSW-NB15,5000,3,143,fixed_300,SVM_RBF,0.6703296703296704,0.7,0.7333333333333334,0.6767676767676767,6,0.6666666666666666,1.0,0.8,0.4905072816109932,0.8704203687599432,0.9060820852924142,0.42100387929062133,0.6467833870627427,0.8775595310364231,0.91320160014029,0.5954009722820699
natural,refit_per_N,tuned_once,UNSW-NB15,5000,3,143,fixed_300,RandomForest,0.7456989696629617,0.7633333333333333,0.7958595957400565,0.7444444444444445,6,0.8333333333333334,1.0,0.9090909090909091,0.2584509907168461,0.3199029253812345,0.38072959503009013,0.1554984621731498,0.3554578068384335,0.20329369892711896,0.37810612886045486,0.15720793804391756
natural,refit_per_N,tuned_once,UNSW-NB15,5000,3,143,fixed_300,XGBoost,0.7447236903606227,0.7633333333333333,0.7992724867724867,0.7437710437710439,6,0.8333333333333334,1.0,0.9090909090909091,0.2575915882984797,0.3417330686767036,0.40585502644379934,0.1357078262283831,0.2859787146250407,0.3459084650600932,0.4420397877693176,0.07770017662577614
natural,refit_per_N,tuned_once,UNSW-NB15,5000,3,143,full_test,QSVM_ZZ,0.6956486953503207,0.724821454598455,0.7714462641812228,0.7006657417587003,1682,0.9577883472057075,1.0,0.978439113270574,0.5071590706296003,0.840506423701603,0.9287368016233869,0.317976924502235,1.0417937228873777,0.40053703797335743,1.0808196351982806,0.27855519382317906
natural,refit_per_N,tuned_once,UNSW-NB15,5000,3,143,full_test,QSVM_Z,0.7201805619397408,0.7387650002429189,0.7629172215582428,0.7200589154847956,1682,0.9185493460166468,1.0,0.9575457080880074,0.5192905517617395,0.8021287591908022,0.8861411287488198,0.35752919238819575,1.1271545671883838,0.5308025350899803,1.1813533409680579,0.39576891410921966
natural,refit_per_N,tuned_once,UNSW-NB15,5000,3,143,full_test,SVM_Linear,0.5236003333254371,0.6259898945731914,0.7649884666697164,0.585065623949194,1682,0.9928656361474435,1.0,0.9964200477326969,0.5104644033383287,1.055937736420333,1.0819209167181427,0.45279746050505454,1.034550596053551,0.2703287426885843,1.049217224696794,0.20619355062151115
natural,refit_per_N,tuned_once,UNSW-NB15,5000,3,143,full_test,SVM_Poly2,0.6708356141732729,0.703128795608026,0.7438142574831794,0.6783785369680985,1682,0.9328180737217598,1.0,0.9652414641648723,0.5083064626526141,0.8763699750051726,0.9137544559377013,0.43755295373128955,1.1290084063326533,0.5303610859814325,1.1791156108717087,0.4069757232217166
natural,refit_per_N,tuned_once,UNSW-NB15,5000,3,143,full_test,SVM_RBF,0.6998127615262713,0.7197687411941894,0.7400299282441243,0.7008536753465722,1682,0.8912009512485137,1.0,0.9424709210939956,0.5314043593516358,0.8143266844377448,0.8730687628641502,0.42809984517184213,1.1507587140489082,0.6275715947048848,1.2295182988426825,0.45428677864420025
natural,refit_per_N,tuned_once,UNSW-NB15,5000,3,143,full_test,RandomForest,0.7475468181788306,0.7641135888840305,0.7928044774003319,0.7458275163895918,1682,0.9684898929845422,1.0,0.9839927514346118,0.2536479075877667,0.31200829640302885,0.36841043596670264,0.16112165813073254,0.4310217138032168,0.14925528582177439,0.43761264540707495,0.12865469558249115
natural,refit_per_N,tuned_once,UNSW-NB15,5000,3,143,full_test,XGBoost,0.7432810352468782,0.7607370159840645,0.7908542189593215,0.7419465707655949,1682,0.9696789536266349,1.0,0.9846060971928765,0.2554414420346242,0.3347467490853375,0.3965378806294705,0.1416454219444385,0.4393822655312088,0.1430863219740401,0.44937573357371174,0.10766578321121709
natural,refit_per_N,tuned_once,UNSW-NB15,5000,4,143,fixed_300,QSVM_ZZ,0.7519145723222953,0.77,0.8075396825396826,0.7505050505050506,6,1.0,1.0,1.0,0.5943665123200262,0.8189784844923113,0.9646401103561688,0.3057233496493733,1.0314029817458,0.15499942943351833,1.0314029817458,0.15499942943351833
natural,refit_per_N,tuned_once,UNSW-NB15,5000,4,143,fixed_300,QSVM_Z,0.6775,0.7133333333333334,0.7725040916530278,0.6868686868686869,6,0.5,1.0,0.6666666666666666,0.5411239592688256,0.9080192007653543,0.9748100747125754,0.40872891565460107,0.565275184712163,1.1504984998328047,1.1078504265718294,0.6448645322186042
natural,refit_per_N,tuned_once,UNSW-NB15,5000,4,143,fixed_300,SVM_Linear,0.5079792923458691,0.6166666666666667,0.7536231884057971,0.5754208754208754,6,1.0,1.0,1.0,0.5203739288029311,1.0543181927846361,1.0664641773211383,0.4950050867468,0.9089417792677558,0.2595657370129837,0.9089417792677558,0.2595657370129837
natural,refit_per_N,tuned_once,UNSW-NB15,5000,4,143,fixed_300,SVM_Poly2,0.5792763553311696,0.65,0.7367109634551494,0.6151515151515151,6,0.6666666666666666,1.0,0.8,0.3967173892042043,0.9431907441397839,0.9657357135463329,0.33815380865682143,0.6206822660352277,0.6613738403945641,0.7411192524847063,0.5228805654500748
natural,refit_per_N,tuned_once,UNSW-NB15,5000,4,143,fixed_300,SVM_RBF,0.6400122549019608,0.6866666666666666,0.7528698288932207,0.6572390572390573,6,0.6666666666666666,1.0,0.8,0.4524324415876136,0.9028084576974588,0.9376503313779085,0.3749267682600053,0.5531664049011858,0.9884055386707694,0.986903708931322,0.5558413889626763
natural,refit_per_N,tuned_once,UNSW-NB15,5000,4,143,fixed_300,RandomForest,0.7743526068840363,0.79,0.8284612040860682,0.7713804713804713,6,1.0,1.0,1.0,0.26745720359925673,0.3011244528238501,0.3725009709337723,0.15314149829159387,0.3874649413961248,0.11797664286281002,0.3874649413961248,0.11797664286281002
natural,refit_per_N,tuned_once,UNSW-NB15,5000,4,143,fixed_300,XGBoost,0.7703349282296651,0.7866666666666666,0.826265389876881,0.7676767676767676,6,1.0,1.0,1.0,0.2835954975088437,0.32124554660492605,0.4067016737659772,0.13497724244012008,0.4094887276490529,0.1054189964739549,0.4094887276490529,0.1054189964739549
natural,refit_per_N,tuned_once,UNSW-NB15,5000,4,143,full_test,QSVM_ZZ,0.7673051767287068,0.7804013020453773,0.8038491473855516,0.7642198697417969,1682,0.9518430439952438,1.0,0.9753274444106,0.6104802320038112,0.827640024388459,0.9838225801583993,0.2996118395651712,1.0346162204966927,0.3967726383597269,1.0843768790676342,0.22800446138033573
natural,refit_per_N,tuned_once,UNSW-NB15,5000,4,143,full_test,QSVM_Z,0.6888724381473552,0.7209954817082058,0.7738927472899166,0.6956017573648827,1682,0.9607609988109393,1.0,0.9799878714372346,0.5473670506644164,0.875876837327497,0.9577189627605095,0.38671088772985696,1.329725240665743,0.5649415615592743,1.369244383832009,0.4609750546234602
natural,refit_per_N,tuned_once,UNSW-NB15,5000,4,143,full_test,SVM_Linear,0.5236003333254371,0.6259898945731914,0.7649884666697164,0.585065623949194,1682,0.9928656361474435,1.0,0.9964200477326969,0.5257980227345034,1.0376767304510224,1.0571018072578788,0.48556392650521646,1.0410797554186428,0.30266771361861594,1.0559550501142876,0.24579205468809168
natural,refit_per_N,tuned_once,UNSW-NB15,5000,4,143,full_test,SVM_Poly2,0.6091949949621498,0.6681727639313997,0.7465765754040727,0.6353660584611789,1682,0.9655172413793104,1.0,0.9824561403508771,0.432470341174253,0.9065132282392658,0.9383117417977499,0.35828466918446666,1.0541930761284244,0.3636506426399323,1.0809805120976201,0.273945184507253
natural,refit_per_N,tuned_once,UNSW-NB15,5000,4,143,full_test,SVM_RBF,0.6481674239031601,0.6876912986445125,0.7350191459920346,0.6605372089640157,1682,0.9357907253269917,1.0,0.9668304668304668,0.4807174047944895,0.8623206171521242,0.9057902508532771,0.3927213916978885,1.1950849607536016,0.5659520509624726,1.2573770647108722,0.40930759160701874
natural,refit_per_N,tuned_once,UNSW-NB15,5000,4,143,full_test,RandomForest,0.7760521063999275,0.7900937667006753,0.8211566862484792,0.7726664190441213,1682,0.9619500594530321,1.0,0.9806060606060606,0.2658031215585871,0.300014274002297,0.36858021410137815,0.1575071103423481,0.42409039803707366,0.15791731733886952,0.43528987088007864,0.12374681059305438
natural,refit_per_N,tuned_once,UNSW-NB15,5000,4,143,full_test,XGBoost,0.7791865003847622,0.7926687071855415,0.8226082517934501,0.7756057972293302,1682,0.9678953626634959,1.0,0.9836858006042296,0.27874397630261905,0.3233431977252481,0.4049098240434675,0.13526663385059953,0.4354038722768833,0.1514837845445633,0.4485111993324459,0.10659067992568204
natural,refit_per_N,tuned_once,UNSW-NB15,5000,5,143,fixed_300,QSVM_ZZ,0.7456989696629617,0.7633333333333333,0.7958595957400565,0.7444444444444445,6,1.0,1.0,1.0,0.5529934150009166,0.8073410956841629,0.9418410416189192,0.26558767692999197,0.941064479830286,0.26835250188187687,0.941064479830286,0.26835250188187687
natural,refit_per_N,tuned_once,UNSW-NB15,5000,5,143,fixed_300,QSVM_Z,0.7333333333333334,0.75,0.7738095238095238,0.7323232323232323,6,0.5,1.0,0.6666666666666666,0.5227870801665339,0.8374414698762153,0.9140158479467879,0.3730811927176177,0.48717957839235676,0.9906214327481971,0.9753094506052511,0.5171520474509684
natural,refit_per_N,tuned_once,UNSW-NB15,5000,5,143,fixed_300,SVM_Linear,0.7536945812807883,0.76,0.7616645649432534,0.7515151515151515,6,0.5,1.0,0.6666666666666666,1.2495179503574758,1.7545701748867555,1.6951634834444207,1.328996753669574,0.2576584604917136,0.9082386026909692,0.9073368697372173,0.26081611625141615
natural,refit_per_N,tuned_once,UNSW-NB15,5000,5,143,fixed_300,SVM_Poly2,0.6673936085965959,0.6966666666666667,0.7273261278195489,0.6737373737373737,6,0.5,1.0,0.6666666666666666,0.49003441137810066,0.8901857500906791,0.9059591096454278,0.46022004046939335,0.38895497829393894,0.687924969003788,0.658952712395651,0.4362431213726078
natural,refit_per_N,tuned_once,UNSW-NB15,5000,5,143,fixed_300,SVM_RBF,0.7437554827092664,0.7533333333333333,0.7603990121543751,0.7414141414141414,6,0.5,1.0,0.6666666666666666,0.5219031045265848,0.8277774211184932,0.9417614180435211,0.265864139952583,0.2973986756289473,0.9209462051724864,0.8919319926224349,0.3755598562466811
natural,refit_per_N,tuned_once,UNSW-NB15,5000,5,143,fixed_300,RandomForest,0.7422286043856449,0.7566666666666667,0.7765441024581698,0.7404040404040404,6,0.8333333333333334,1.0,0.9090909090909091,0.25388362660174285,0.3134929670214532,0.3700953913426402,0.16051211024500653,0.3309838218983162,0.20458983288481955,0.35017777788345966,0.16965498505748983
natural,refit_per_N,tuned_once,UNSW-NB15,5000,5,143,fixed_300,XGBoost,0.7528623789682303,0.77,0.8040099978265595,0.7511784511784512,6,1.0,1.0,1.0,0.2630408623814583,0.32795460699482915,0.39536835104227064,0.14292860639364657,0.40495936075846356,0.1376474380905601,0.40495936075846356,0.1376474380905601
natural,refit_per_N,tuned_once,UNSW-NB15,5000,5,143,full_test,QSVM_ZZ,0.7411549560435597,0.758477870086965,0.7871592478710869,0.7398751696194562,1682,0.9453032104637337,1.0,0.9718826405867971,0.5528851681330792,0.819474882850878,0.939334973906238,0.3080112003833152,0.964239297917325,0.4195584011795117,1.030074754948989,0.2115010044070339
natural,refit_per_N,tuned_once,UNSW-NB15,5000,5,143,full_test,QSVM_Z,0.7316500943917863,0.7457853568478842,0.7611109863197725,0.7300355801402745,1682,0.8870392390011891,1.0,0.9401386263390044,0.5420881765822818,0.7887985224715919,0.8740473700016745,0.39000499386139337,1.1025815279403965,0.6236581741791413,1.1842292008679591,0.449707397968362
natural,refit_per_N,tuned_once,UNSW-NB15,5000,5,143,full_test,SVM_Linear,0.7591917276786564,0.763396978088714,0.7621166945577109,0.7577844157578562,1682,0.8186682520808561,1.0,0.900294213795358,1.242781071582119,1.7344205570475837,1.6763040317638123,1.3201228176516147,0.8275855420301297,0.7753787594485831,1.0972393777352978,0.28666321342018003
natural,refit_per_N,tuned_once,UNSW-NB15,5000,5,143,full_test,SVM_Poly2,0.6765811457472024,0.7038575523490259,0.7332426808228194,0.6814471013853348,1682,0.9048751486325802,1.0,0.9500624219725343,0.5020552112557719,0.8510801423249502,0.8768005312844995,0.4556508226132756,0.8271686297522317,0.4813514273378593,0.9140209129547381,0.2836774741282188
natural,refit_per_N,tuned_once,UNSW-NB15,5000,5,143,full_test,SVM_RBF,0.7470933540887177,0.7551984647524657,0.7593079166245609,0.7447086206033087,1682,0.8495838287752675,1.0,0.9186756669881068,0.5347902763031795,0.799635366339842,0.9186626979778582,0.28544037218642865,0.8613038143265852,0.6790783388143896,1.0661925878008445,0.25734221678336044
natural,refit_per_N,tuned_once,UNSW-NB15,5000,5,143,full_test,RandomForest,0.7585522131142374,0.7730044211242287,0.7982989088638677,0.7559876562347223,1682,0.9577883472057075,1.0,0.978439113270574,0.25614414682283176,0.3011837429072331,0.35881398467047604,0.16605419400937182,0.4198068385717216,0.1636908916962533,0.4308004690627843,0.13207363700293512
natural,refit_per_N,tuned_once,UNSW-NB15,5000,5,143,full_test,XGBoost,0.751511872523222,0.7674051401642132,0.7952694012566401,0.7494871947744091,1682,0.9631391200951248,1.0,0.9812235009085403,0.2576214849390714,0.3234732619279826,0.3854103273620835,0.14987548247526356,0.4277269413936152,0.15757298966650649,0.43969218842197966,0.1202096622866417
natural,refit_per_N,tuned_once,UNSW-NB15,5000,6,143,fixed_300,QSVM_ZZ,0.6534017971758665,0.7,0.7810760667903525,0.67003367003367,6,1.0,1.0,1.0,0.46093509372568575,0.898730546974185,0.9791561094294167,0.24785292021574515,0.9969092802290159,0.10801391407942848,0.9969092802290159,0.10801391407942848
natural,refit_per_N,tuned_once,UNSW-NB15,5000,6,143,fixed_300,QSVM_Z,0.6505331609467607,0.6966666666666667,0.772248243559719,0.667003367003367,6,1.0,1.0,1.0,0.5073213335984983,0.9410487989401841,1.0254922281254217,0.3021811833408559,1.2152999181964248,0.28091804546391547,1.2152999181964248,0.28091804546391547
natural,refit_per_N,tuned_once,UNSW-NB15,5000,6,143,fixed_300,SVM_Linear,0.5079792923458691,0.6166666666666667,0.7536231884057971,0.5754208754208754,6,1.0,1.0,1.0,0.4976459335557977,1.0675048348843936,1.0860705451474766,0.45570694382381494,0.8991433479644426,0.22933969566246415,0.8991433479644426,0.22933969566246415
natural,refit_per_N,tuned_once,UNSW-NB15,5000,6,143,fixed_300,SVM_Poly2,0.607670495008481,0.6633333333333333,0.7279776674937966,0.631986531986532,6,1.0,1.0,1.0,0.5082636845659755,1.0127032986842612,1.0320602381207784,0.4677088935488055,1.1783025031131424,0.4455908885618659,1.1783025031131424,0.4455908885618659
natural,refit_per_N,tuned_once,UNSW-NB15,5000,6,143,fixed_300,SVM_RBF,0.5977706504022293,0.66,0.7377848793204944,0.6269360269360269,6,1.0,1.0,1.0,0.4602392799501819,0.9320920986917562,0.9617063388143845,0.3946350125583092,1.1651131651399143,0.3911309424110996,1.1651131651399143,0.3911309424110996
natural,refit_per_N,tuned_once,UNSW-NB15,5000,6,143,fixed_300,RandomForest,0.7622364186560353,0.78,0.8218866248403753,0.7602693602693602,6,1.0,1.0,1.0,0.26340854489871024,0.3006074527263773,0.36220886206551,0.16897823055501962,0.3489937423683032,0.16203271846499473,0.3489937423683032,0.16203271846499473
natural,refit_per_N,tuned_once,UNSW-NB15,5000,6,143,fixed_300,XGBoost,0.7748293060868723,0.7933333333333333,0.8475284953319204,0.7723905723905724,6,1.0,1.0,1.0,0.26657871425151825,0.31913990817888493,0.38826835294564566,0.148869667781235,0.39509578545888263,0.11448496047897143,0.39509578545888263,0.11448496047897143
natural,refit_per_N,tuned_once,UNSW-NB15,5000,6,143,full_test,QSVM_ZZ,0.6755363238748058,0.7162707088373901,0.7940257926687306,0.6874538837787757,1682,0.9928656361474435,1.0,0.9964200477326969,0.48640269989033785,0.8775407710420083,0.9738909950430227,0.24125032865412596,1.0157670284355116,0.18875116289180333,1.0270030440090998,0.11258066062055484
natural,refit_per_N,tuned_once,UNSW-NB15,5000,6,143,full_test,QSVM_Z,0.6743622013669617,0.7145824223874071,0.7886278670931002,0.6860424555412202,1682,0.9881093935790726,1.0,0.9940191387559809,0.530713650855348,0.8987701004075628,0.993543180058325,0.3198696952673438,1.270535081391452,0.37225492279377204,1.2819140176937553,0.33095252201914827
natural,refit_per_N,tuned_once,UNSW-NB15,5000,6,143,full_test,SVM_Linear,0.5236003333254371,0.6259898945731914,0.7649884666697164,0.585065623949194,1682,0.9928656361474435,1.0,0.9964200477326969,0.5048225010950379,1.0532415883226356,1.0799299807268263,0.4448762049285113,1.0315244160911983,0.26627021652230426,1.0460847437277443,0.20161636376837636
natural,refit_per_N,tuned_once,UNSW-NB15,5000,6,143,full_test,SVM_Poly2,0.6524315432651782,0.6966428606131273,0.7649346444682505,0.6673844954104373,1682,0.9738406658739596,1.0,0.9867469879518073,0.5494336927354571,0.943912200091404,0.9870739625522277,0.4674747230019596,1.2912959402050905,0.47518052651698345,1.3038965126946507,0.43942646956440334
natural,refit_per_N,tuned_once,UNSW-NB15,5000,6,143,full_test,SVM_RBF,0.6516077789310621,0.6953432444250109,0.7608506684548795,0.6663111160662119,1682,0.9708680142687277,1.0,0.9852187028657617,0.5069777451910975,0.8726686800066903,0.9267585843906682,0.39961930063733603,1.277937786528627,0.47397766422665627,1.2942293665599671,0.4274928761479304
natural,refit_per_N,tuned_once,UNSW-NB15,5000,6,143,full_test,RandomForest,0.7435025704933799,0.7611864159743478,0.7922623458796509,0.7422155794725283,1682,0.9613555291319857,1.0,0.9802970597150652,0.25150585178731627,0.30158226396529186,0.3539117617995183,0.1701573397819076,0.4229698700555781,0.1610182808345614,0.4298983478780684,0.14148430382716518
natural,refit_per_N,tuned_once,UNSW-NB15,5000,6,143,full_test,XGBoost,0.7399373751103017,0.7589272700772483,0.7932874239477533,0.7391506673884685,1682,0.9708680142687277,1.0,0.9852187028657617,0.2523724518078169,0.3279749161194435,0.38765660128097157,0.1448508181486411,0.4350945489408003,0.1427408151327501,0.4428085757244498,0.11663092251904998
natural,refit_per_N,tuned_once,UNSW-NB15,5000,7,143,fixed_300,QSVM_ZZ,0.7089407433205632,0.74,0.8060342066491577,0.7144781144781145,6,1.0,1.0,1.0,0.5229236447534409,0.8936376266732209,1.003616973842787,0.2545394190749561,1.091377896527844,0.13801284065794117,1.091377896527844,0.13801284065794117
natural,refit_per_N,tuned_once,UNSW-NB15,5000,7,143,fixed_300,QSVM_Z,0.6493688639551192,0.7,0.7958894401133947,0.6686868686868687,6,1.0,1.0,1.0,0.4788642773929938,0.935494157331548,1.0311495518221352,0.20295545408189236,1.1012089613773093,0.12453832543940956,1.1012089613773093,0.12453832543940956
natural,refit_per_N,tuned_once,UNSW-NB15,5000,7,143,fixed_300,SVM_Linear,0.5079792923458691,0.6166666666666667,0.7536231884057971,0.5754208754208754,6,1.0,1.0,1.0,0.4907215737822255,1.0919647638667414,1.112859443325367,0.44129193047619497,0.9177608477346082,0.19668087887117264,0.9177608477346082,0.19668087887117264
natural,refit_per_N,tuned_once,UNSW-NB15,5000,7,143,fixed_300,SVM_Poly2,0.6006177112732307,0.6666666666666666,0.766717944077459,0.6323232323232323,6,1.0,1.0,1.0,0.4393636199443002,1.0644406684814354,1.098019738019988,0.34702590993509574,1.1217101459638499,0.15063739137251983,1.1217101459638499,0.15063739137251983
natural,refit_per_N,tuned_once,UNSW-NB15,5000,7,143,fixed_300,SVM_RBF,0.5979246009103093,0.6633333333333333,0.7556818181818181,0.6292929292929292,6,1.0,1.0,1.0,0.4427802321573726,1.0049181681134485,1.055595873071175,0.30270812897728716,1.1843616856481816,0.22612657877316703,1.1843616856481816,0.22612657877316703
natural,refit_per_N,tuned_once,UNSW-NB15,5000,7,143,fixed_300,RandomForest,0.7497497497497497,0.7666666666666667,0.7982839566132427,0.7481481481481482,6,1.0,1.0,1.0,0.2626681769036889,0.3084291716538706,0.3704744267450764,0.16392627676155946,0.3888003811876107,0.15640929513008528,0.3888003811876107,0.15640929513008528
natural,refit_per_N,tuned_once,UNSW-NB15,5000,7,143,fixed_300,XGBoost,0.7364969739264358,0.7566666666666667,0.7945289773998657,0.7363636363636363,6,1.0,1.0,1.0,0.26578117469946544,0.3309814525415511,0.40058507164319357,0.1404277576825904,0.3938636779785156,0.15261056058043354,0.3938636779785156,0.15261056058043354
natural,refit_per_N,tuned_once,UNSW-NB15,5000,7,143,full_test,QSVM_ZZ,0.7107451099739353,0.7397002380605354,0.7966203056246479,0.7150042664211904,1682,0.9898929845422116,1.0,0.9949208246190618,0.5268531899654445,0.8776767971812706,0.9905606902267722,0.25822541134558835,1.1034244027035633,0.2557708220756599,1.116175160400638,0.19265808369124796
natural,refit_per_N,tuned_once,UNSW-NB15,5000,7,143,full_test,QSVM_Z,0.6689204605342549,0.7119224602827576,0.7930830533557316,0.6824396977494569,1682,0.995243757431629,1.0,0.9976162097735399,0.5047868036497929,0.9173292107584775,1.0229746986058774,0.22321595834966607,1.12998571212505,0.20060040958073644,1.139530896622334,0.13629955823044654
natural,refit_per_N,tuned_once,UNSW-NB15,5000,7,143,full_test,SVM_Linear,0.5236003333254371,0.6259898945731914,0.7649884666697164,0.585065623949194,1682,0.9928656361474435,1.0,0.9964200477326969,0.4997357207687465,1.077968787088044,1.1076235383914494,0.43002627099926377,1.0342025294841855,0.24705941884475932,1.048757933219077,0.17527129240536632
natural,refit_per_N,tuned_once,UNSW-NB15,5000,7,143,full_test,SVM_Poly2,0.6334577841900999,0.6874605256765292,0.7765976470717135,0.6553278001817223,1682,0.995243757431629,1.0,0.9976162097735399,0.49952198646360896,1.0495099172288624,1.1020838434621234,0.3693297758129411,1.1311093040234412,0.20422680789931405,1.1407675671355284,0.1405923343743355
natural,refit_per_N,tuned_once,UNSW-NB15,5000,7,143,full_test,SVM_RBF,0.63685387818898,0.6892581256376622,0.7753544128850216,0.6575488563654098,1682,0.9934601664684899,1.0,0.9967193558007754,0.49190081746869646,0.9745975453903021,1.0463534235112308,0.31137004161206816,1.2458130509187906,0.30853296860937146,1.2554816228524375,0.26647447389629336
natural,refit_per_N,tuned_once,UNSW-NB15,5000,7,143,full_test,RandomForest,0.7469289617838462,0.7638463780789972,0.793584203730586,0.7453141304632966,1682,0.9720570749108205,1.0,0.9858305697919807,0.2564266631601279,0.30737482353794865,0.3654158229481129,0.16341723306792377,0.42688316548520716,0.15001391920065194,0.4336008834059694,0.12932009448718085
natural,refit_per_N,tuned_once,UNSW-NB15,5000,7,143,full_test,XGBoost,0.7436587226162688,0.7618422970412476,0.7949133879846211,0.7424932617255038,1682,0.9738406658739596,1.0,0.9867469879518073,0.2565342439111877,0.33024290257429906,0.39268124537158855,0.14377632813923488,0.43719882914058944,0.14214305537695365,0.44636027906510833,0.11004528916185666
natural,refit_per_N,tuned_once,UNSW-NB15,5000,8,143,fixed_300,QSVM_ZZ,0.7272727272727273,0.7466666666666667,0.7770177838577291,0.7272727272727273,6,1.0,1.0,1.0,0.543502467085176,0.8471924625528616,0.963875593223133,0.2899548949799055,0.8829556003128154,0.25534056421177653,0.8829556003128154,0.25534056421177653
natural,refit_per_N,tuned_once,UNSW-NB15,5000,8,143,fixed_300,QSVM_Z,0.7129186602870814,0.7333333333333333,0.7606019151846786,0.7138047138047138,6,0.5,1.0,0.6666666666666666,0.5143694470577549,0.8250993973785246,0.9002123905054471,0.367399776267451,0.3653181935574503,1.06603361459339,1.0616700270071242,0.3778118628918626
natural,refit_per_N,tuned_once,UNSW-NB15,5000,8,143,fixed_300,SVM_Linear,0.5560841365767311,0.6433333333333333,0.7728544776119404,0.6050505050505051,6,1.0,1.0,1.0,0.5253888932839325,1.0554753985823222,1.0655688417180549,0.5046036561087027,0.8793058774873984,0.23827435314426587,0.8793058774873984,0.23827435314426587
natural,refit_per_N,tuned_once,UNSW-NB15,5000,8,143,fixed_300,SVM_Poly2,0.5950780359319102,0.6566666666666666,0.7281746031746033,0.623905723905724,6,0.6666666666666666,1.0,0.8,0.42336932434882774,0.8883708154594107,0.9101208045130685,0.3743319539554246,0.47357542391033575,0.7506067656352786,0.8073112826366328,0.3686905093393415
natural,refit_per_N,tuned_once,UNSW-NB15,5000,8,143,fixed_300,SVM_RBF,0.6820136697571851,0.71,0.7449483082706767,0.6872053872053872,6,0.6666666666666666,1.0,0.8,0.4990832538282038,0.8709256900149805,0.906834487698289,0.4304031409048947,0.4948402662995446,1.181578459451267,1.1657215056905432,0.5311194932980774
natural,refit_per_N,tuned_once,UNSW-NB15,5000,8,143,fixed_300,RandomForest,0.7909555810135702,0.8033333333333333,0.8339255852842808,0.7868686868686869,6,1.0,1.0,1.0,0.27306987449357306,0.30320153539719186,0.3763760270712598,0.15760524632512932,0.33092304480269713,0.2017736074184767,0.33092304480269713,0.2017736074184767
natural,refit_per_N,tuned_once,UNSW-NB15,5000,8,143,fixed_300,XGBoost,0.7980418325046357,0.81,0.8417642140468227,0.7936026936026936,6,1.0,1.0,1.0,0.2860863514741262,0.3203441012564265,0.40668337285518646,0.13811002118852303,0.4074231485525767,0.1214739834749702,0.4074231485525767,0.1214739834749702
natural,refit_per_N,tuned_once,UNSW-NB15,5000,8,143,full_test,QSVM_ZZ,0.7592300651534212,0.7745469562260118,0.8034927324398717,0.7567724559466376,1682,0.9589774078478003,1.0,0.9790591805766312,0.5837011759421052,0.8227797686895406,0.970149848006879,0.2765553886172532,0.9787935142200969,0.3797860680555389,1.0324496498157751,0.1905831093347373
natural,refit_per_N,tuned_once,UNSW-NB15,5000,8,143,full_test,QSVM_Z,0.7250479805477679,0.7412063353252685,0.7600716805256791,0.7240890499164125,1682,0.9054696789536266,1.0,0.950390015600624,0.5231944364775403,0.802914401152471,0.8923825276828307,0.3493671109670801,1.1155173709940778,0.5803128335774511,1.1967472369468581,0.38592491583764055
natural,refit_per_N,tuned_once,UNSW-NB15,5000,8,143,full_test,SVM_Linear,0.5539876940093288,0.6429577806928047,0.7760836684992052,0.6039440023275724,1682,0.9928656361474435,1.0,0.9964200477326969,0.5307928132610369,1.0382007384760799,1.0551113764187265,0.49632828584881583,1.0048117405442119,0.2909230678996647,1.020365030462328,0.23051696245884695
natural,refit_per_N,tuned_once,UNSW-NB15,5000,8,143,full_test,SVM_Poly2,0.6342015028977486,0.6793227420686975,0.7331933392366468,0.6504415245122471,1682,0.9423305588585018,1.0,0.9703091521273339,0.46107375317066157,0.8478503357425384,0.8821038365920092,0.391576326086337,0.9420836562350959,0.4087069595746938,0.9875005122846527,0.28179022762974804
natural,refit_per_N,tuned_once,UNSW-NB15,5000,8,143,full_test,SVM_RBF,0.7009482275189153,0.7210805033279891,0.7422070930220639,0.7020125977473105,1682,0.89179548156956,1.0,0.9428032683846638,0.5294528821507184,0.8274870070131065,0.8841545205000515,0.42816572150574533,1.2109918709711793,0.7093364420013593,1.3193370617634168,0.4785490747738411
natural,refit_per_N,tuned_once,UNSW-NB15,5000,8,143,full_test,RandomForest,0.7679450594967234,0.7820774425496769,0.8099384244331183,0.764937229473363,1682,0.9655172413793104,1.0,0.9824561403508771,0.26517788355457794,0.3028325839889406,0.37006015584928975,0.15837412953100463,0.4270058414642463,0.151933018272234,0.436220576108686,0.12300097424535382
natural,refit_per_N,tuned_once,UNSW-NB15,5000,8,143,full_test,XGBoost,0.7708582927329084,0.784871010056843,0.813476323607964,0.7677075438625778,1682,0.9720570749108205,1.0,0.9858305697919807,0.27410393336550093,0.3271571518639461,0.40387212386182775,0.13802925729534496,0.4354597755688975,0.14499639834976627,0.44564964268777374,0.1097523013206477
natural,refit_per_N,tuned_once,UNSW-NB15,5000,9,143,fixed_300,QSVM_ZZ,0.647671568627451,0.6933333333333334,0.7636993718865064,0.6639730639730639,6,0.6666666666666666,1.0,0.8,0.43809465924865343,0.9038143674925851,0.9782988223041204,0.22746154757801743,0.5562075602276898,0.6056052904562154,0.7453008036035742,0.3473490032098303
natural,refit_per_N,tuned_once,UNSW-NB15,5000,9,143,fixed_300,QSVM_Z,0.6745595331612613,0.71,0.7651515151515151,0.6838383838383838,6,0.8333333333333334,1.0,0.9090909090909091,0.5659130293445522,0.9647759255333975,1.047461662646663,0.3922680315246714,0.9002168223795856,0.7443715235690685,0.9475672007473491,0.6830781012911828
natural,refit_per_N,tuned_once,UNSW-NB15,5000,9,143,fixed_300,SVM_Linear,0.5102812303110144,0.62,0.7742897504316434,0.5784511784511784,6,1.0,1.0,1.0,0.32399244603693156,1.014823506920731,1.043670578989585,0.213517160526805,1.0583277341182296,0.09526949193782355,1.0583277341182296,0.09526949193782355
natural,refit_per_N,tuned_once,UNSW-NB15,5000,9,143,fixed_300,SVM_Poly2,0.6080685618729097,0.6666666666666666,0.7433124644280023,0.6343434343434343,6,0.8333333333333334,1.0,0.9090909090909091,0.4318280108503755,0.8659519408612563,0.8717377086715203,0.4200256684019399,0.6333257620461112,0.5850596106879858,0.6747807113068766,0.5367189772849948
natural,refit_per_N,tuned_once,UNSW-NB15,5000,9,143,fixed_300,SVM_RBF,0.6503715585408338,0.69,0.740333686440678,0.662962962962963,6,0.6666666666666666,1.0,0.8,0.44698494503835207,0.892303709486717,0.9352975239168052,0.34816661644934804,0.6260149726156078,0.7087377587502758,0.7675770967994051,0.5522946288769076
natural,refit_per_N,tuned_once,UNSW-NB15,5000,9,143,fixed_300,RandomForest,0.7537795434811052,0.77,0.8007075471698113,0.7518518518518519,6,1.0,1.0,1.0,0.25982331218891347,0.3256048276472004,0.3899488815120565,0.14651459705939457,0.3102704190998626,0.20547956177455903,0.3102704190998626,0.20547956177455903
natural,refit_per_N,tuned_once,UNSW-NB15,5000,9,143,fixed_300,XGBoost,0.7577887537993921,0.7733333333333333,0.8031311571436179,0.7555555555555555,6,0.8333333333333334,1.0,0.9090909090909091,0.2678642788529396,0.33901148589686464,0.41258844564358393,0.12826080452272562,0.3371075342098872,0.20082460594199777,0.3562520196040471,0.16448863334852826
natural,refit_per_N,tuned_once,UNSW-NB15,5000,9,143,full_test,QSVM_ZZ,0.6872176912300332,0.7221614924938056,0.7852570521455,0.6954584638021946,1682,0.9815695600475625,1.0,0.9906990699069907,0.48839679233094246,0.8648287947890464,0.9561886880494846,0.2686325816084747,0.9870072481224745,0.26502945364856373,1.0068213941707134,0.17531286144404049
natural,refit_per_N,tuned_once,UNSW-NB15,5000,9,143,full_test,QSVM_Z,0.6917925336801993,0.7232303357139387,0.7756970003114203,0.6980584385232316,1682,0.964922711058264,1.0,0.9821482602118004,0.5857037335675898,0.9190881405869319,1.0166730291122774,0.39261663943116887,1.3010567254262897,0.5029217603364936,1.3279824135400864,0.4267805163373615
natural,refit_per_N,tuned_once,UNSW-NB15,5000,9,143,full_test,SVM_Linear,0.52353437077128,0.6269008404994413,0.7733594814220094,0.5857636977399177,1682,0.995243757431629,1.0,0.9976162097735399,0.33421513833738103,1.008992833079174,1.0449171313164467,0.19471642093162234,1.0989056641168329,0.18247421674003955,1.1080821671571455,0.1142121238366231
natural,refit_per_N,tuned_once,UNSW-NB15,5000,9,143,full_test,SVM_Poly2,0.6405041347262495,0.6886143905164456,0.7600902550813123,0.6583353254427992,1682,0.9696789536266349,1.0,0.9846060971928765,0.4671511067184244,0.8147187590877557,0.8322936665160509,0.43506788619135073,0.9661402448323484,0.4023078206597847,0.9853104138764005,0.3527632967805072
natural,refit_per_N,tuned_once,UNSW-NB15,5000,9,143,full_test,SVM_RBF,0.6638018195180635,0.7011490064616431,0.7536123730818203,0.6743254201435178,1682,0.9458977407847801,1.0,0.972196761380996,0.47882535650529834,0.8513733570978025,0.9076431144321935,0.36096300645943774,1.0831736969578598,0.4630275892420812,1.1297629478484366,0.3336097838036258
natural,refit_per_N,tuned_once,UNSW-NB15,5000,9,143,full_test,RandomForest,0.7544335342619699,0.7704537725307292,0.8000796976463349,0.7523103016543411,1682,0.9560047562425684,1.0,0.9775075987841946,0.2609531939079474,0.3177839409743141,0.3837069553581901,0.147824811725478,0.41615928432291793,0.17807594392974235,0.4382914115954009,0.1131381025841552
natural,refit_per_N,tuned_once,UNSW-NB15,5000,9,143,full_test,XGBoost,0.7571250960230715,0.7727250643735121,0.8018786622172884,0.7548075233532305,1682,0.9583828775267539,1.0,0.978749241044323,0.2664721276221421,0.3338959198740933,0.4053644290050844,0.13480934613527365,0.42829979697461645,0.17282911948311241,0.451063977428197,0.09925678262194775
natural,refit_per_N,tuned_once,UNSW-NB15,5000,10,143,fixed_300,QSVM_ZZ,0.641968411964857,0.6866666666666666,0.7473802658414797,0.6579124579124579,6,0.8333333333333334,1.0,0.9090909090909091,0.43776332517461486,0.8769079705648837,0.945120627995971,0.2595213213681305,0.6505943186721267,0.6359903731934662,0.7919798367101784,0.44779979960662375
natural,refit_per_N,tuned_once,UNSW-NB15,5000,10,143,fixed_300,QSVM_Z,0.66078697421981,0.7,0.7576853526220615,0.6727272727272727,6,1.0,1.0,1.0,0.47210145124768294,0.900413256605499,0.9723127562467452,0.2970382416136786,0.8404944691574913,0.3692835963701191,0.8404944691574913,0.3692835963701191
natural,refit_per_N,tuned_once,UNSW-NB15,5000,10,143,fixed_300,SVM_Linear,0.5079792923458691,0.6166666666666667,0.7536231884057971,0.5754208754208754,6,1.0,1.0,1.0,0.51035092162269,1.0830172999512246,1.0926379172047973,0.48941487214952145,0.8640293015814965,0.1836572326256964,0.8640293015814965,0.1836572326256964
natural,refit_per_N,tuned_once,UNSW-NB15,5000,10,143,fixed_300,SVM_Poly2,0.6996996996996997,0.72,0.7416221466731423,0.701010101010101,6,0.6666666666666666,1.0,0.8,0.5157399586761517,0.8939254142437878,0.9101532135995698,0.4865300391348743,0.5390718755328064,0.709427448235966,0.7405171486011183,0.495499892965398
natural,refit_per_N,tuned_once,UNSW-NB15,5000,10,143,fixed_300,SVM_RBF,0.76,0.7666666666666667,0.7696827262044654,0.7575757575757576,6,0.5,1.0,0.6666666666666666,0.5092726408303907,0.7990266845731293,0.8726082892642466,0.36926553977539267,0.35836935145947785,0.7935748799089124,0.7840731210985038,0.37870704094165253
natural,refit_per_N,tuned_once,UNSW-NB15,5000,10,143,fixed_300,RandomForest,0.7385355603576929,0.7566666666666667,0.7877091936535536,0.7377104377104378,6,0.8333333333333334,1.0,0.9090909090909091,0.26344635154423895,0.3096310512243916,0.3754554684823225,0.155912023946238,0.350689494200878,0.2395630459896193,0.40830766600063545,0.11686926127859992
natural,refit_per_N,tuned_once,UNSW-NB15,5000,10,143,fixed_300,XGBoost,0.732349537037037,0.7533333333333333,0.7921528834770843,0.7326599326599327,6,0.8333333333333334,1.0,0.9090909090909091,0.2614813428123792,0.32352257799847467,0.38907071044047675,0.14718469142912516,0.32395800948143005,0.29971365731742444,0.43567179640134174,0.07047803991446329
natural,refit_per_N,tuned_once,UNSW-NB15,5000,10,143,full_test,QSVM_ZZ,0.6781532030310142,0.7153111791284069,0.7795608975873052,0.6879709661571922,1682,0.9768133174791914,1.0,0.9882706766917293,0.47306169945326276,0.8539609635884196,0.9390534600900209,0.2668619454239036,1.0362971754643175,0.30014495982984174,1.058363422827125,0.20944139516397423
natural,refit_per_N,tuned_once,UNSW-NB15,5000,10,143,full_test,QSVM_Z,0.6870108065185065,0.7200359519992227,0.7750096628038947,0.6942733931761109,1682,0.9726516052318668,1.0,0.9861362266425557,0.5164802169621926,0.8739331022233514,0.9650351836219482,0.314988850670618,1.0410721356388097,0.34887413851728016,1.0652601692843304,0.26601715708962465
natural,refit_per_N,tuned_once,UNSW-NB15,5000,10,143,full_test,SVM_Linear,0.5236003333254371,0.6259898945731914,0.7649884666697164,0.585065623949194,1682,0.9928656361474435,1.0,0.9964200477326969,0.5178225988361509,1.0667219700740218,1.0856584398867142,0.4768456324711107,0.9795931851741155,0.24792715138837337,0.9947572525836741,0.17756319795301778
natural,refit_per_N,tuned_once,UNSW-NB15,5000,10,143,full_test,SVM_Poly2,0.7281985100310986,0.740161783996502,0.7493264265211796,0.7263694031541468,1682,0.8781212841854935,1.0,0.9351060462171573,0.5803232344226021,0.8899450744154894,0.9057341380491202,0.5553584095514522,0.9280919471753577,0.5347390409530484,1.0075605964792638,0.3634861053100698
natural,refit_per_N,tuned_once,UNSW-NB15,5000,10,143,full_test,SVM_RBF,0.7736806358737602,0.7772069183306612,0.7757725879782669,0.7724861120716586,1682,0.8305588585017836,1.0,0.9074374797012017,0.5529552954403152,0.7632155578432829,0.8668864055192822,0.3698182072523991,0.8427476798346956,0.604991016296234,0.9958240999676256,0.29081290134652127
natural,refit_per_N,tuned_once,UNSW-NB15,5000,10,143,full_test,RandomForest,0.7426336656561225,0.759838216003498,0.7887377270265498,0.7412644942657296,1682,0.9577883472057075,1.0,0.978439113270574,0.24977836186715738,0.30814797894011625,0.36141357077956027,0.1634767195605744,0.42396551057462656,0.16003381964475935,0.4351421110851627,0.12652636384265187
natural,refit_per_N,tuned_once,UNSW-NB15,5000,10,143,full_test,XGBoost,0.7445205898810117,0.761490064616431,0.7903546937209412,0.7430178836738441,1682,0.9607609988109393,1.0,0.9799878714372346,0.25413080832587903,0.32610308511748176,0.3859456293217927,0.14822840844760357,0.43444595722466106,0.14977606208006428,0.4461598314087966,0.11007980449808878
natural,refit_per_N,tuned_once,UNSW-NB15,10000,1,286,fixed_300,QSVM_ZZ,0.6562777584675394,0.7033333333333334,0.7901987353206865,0.673063973063973,6,1.0,1.0,1.0,0.4855119947734719,0.9040027439811565,0.9969183198839615,0.24309817291398086,1.058496511730771,0.12656383613814076,1.058496511730771,0.12656383613814076
natural,refit_per_N,tuned_once,UNSW-NB15,10000,1,286,fixed_300,QSVM_Z,0.6600934424768622,0.7033333333333334,0.7767882587631805,0.6744107744107743,6,1.0,1.0,1.0,0.5211350343093518,0.8859347037525586,0.9769919600785424,0.3192941171390903,0.9685440405771862,0.5176790922552975,0.9685440405771862,0.5176790922552975
natural,refit_per_N,tuned_once,UNSW-NB15,10000,1,286,fixed_300,SVM_Linear,0.5079792923458691,0.6166666666666667,0.7536231884057971,0.5754208754208754,6,1.0,1.0,1.0,0.5038030721420474,1.068342879976627,1.0863765449938985,0.46363784054328344,0.8978565110604851,0.25020854756698463,0.8978565110604851,0.25020854756698463
natural,refit_per_N,tuned_once,UNSW-NB15,10000,1,286,fixed_300,SVM_Poly2,0.655,0.6933333333333334,0.7430441898527005,0.6666666666666667,6,1.0,1.0,1.0,0.5406511753595363,0.9819247643622234,1.003086235414242,0.5002978518921906,0.9755883546654096,0.5633690909138517,0.9755883546654096,0.5633690909138517
natural,refit_per_N,tuned_once,UNSW-NB15,10000,1,286,fixed_300,SVM_RBF,0.7148391909614853,0.7366666666666667,0.7693555605280824,0.7161616161616162,6,0.6666666666666666,1.0,0.8,0.5868225542867884,0.9077998539423938,0.9758143460468182,0.46502435106854656,0.8491725624760035,0.8187280258744666,0.8646758693674551,0.802337374268455
natural,refit_per_N,tuned_once,UNSW-NB15,10000,1,286,fixed_300,RandomForest,0.7791603343465046,0.7933333333333333,0.827094094467224,0.7757575757575758,6,0.8333333333333334,1.0,0.9090909090909091,0.2798091092165505,0.28693139836075315,0.3643346353126526,0.16698215017603865,0.2843255707289657,0.22204214214931484,0.29557659137987874,0.20682896723829766
natural,refit_per_N,tuned_once,UNSW-NB15,10000,1,286,fixed_300,XGBoost,0.7435897435897436,0.7666666666666667,0.8222222222222222,0.7441077441077442,6,1.0,1.0,1.0,0.26802389363447826,0.3170004681359621,0.3906468733151754,0.14043192203513613,0.38138347864151,0.12441626136187033,0.38138347864151,0.12441626136187033
natural,refit_per_N,tuned_once,UNSW-NB15,10000,1,286,full_test,QSVM_ZZ,0.6780002515523864,0.7176310547539232,0.7928211714280518,0.6891859696986319,1682,0.9946492271105827,1.0,0.9973174366616989,0.5002109036042666,0.8917921842817236,0.9916251257095287,0.2493669145899796,1.0414601404838648,0.20202201756795565,1.0513823861957767,0.14158812731360487
natural,refit_per_N,tuned_once,UNSW-NB15,10000,1,286,full_test,QSVM_Z,0.6788950956470112,0.7172909682747899,0.7876970508058869,0.6893565061134548,1682,0.9833531510107015,1.0,0.9916067146282974,0.5181518103242307,0.8669696192212988,0.9581582904588554,0.3194531415089929,1.2148647642327086,0.38685444036729966,1.2290482777975196,0.3391063022844635
natural,refit_per_N,tuned_once,UNSW-NB15,10000,1,286,full_test,SVM_Linear,0.5236003333254371,0.6259898945731914,0.7649884666697164,0.585065623949194,1682,0.9928656361474435,1.0,0.9964200477326969,0.5119282783403475,1.0532877257485396,1.079587079091854,0.45384725848567364,1.041639245338561,0.2761127532502786,1.056861614787514,0.21046162863017182
natural,refit_per_N,tuned_once,UNSW-NB15,10000,1,286,full_test,SVM_Poly2,0.675085951770918,0.7076106495651752,0.7518913576878191,0.682582633590972,1682,0.9476813317479191,1.0,0.9731379731379731,0.5603230471035967,0.9245500014899588,0.9606116770230425,0.4959635352901665,1.1526041509020437,0.49608280723724896,1.1807707612400966,0.424705650672903
natural,refit_per_N,tuned_once,UNSW-NB15,10000,1,286,full_test,SVM_RBF,0.718992028665139,0.7381334110673857,0.7634961764531967,0.7190854810515095,1682,0.9262782401902497,1.0,0.9617283950617284,0.6013191005895124,0.8650644441767252,0.9458852892113231,0.4639204381854487,1.2970911346326313,0.6366149144504901,1.3419237151401409,0.535690865693875
natural,refit_per_N,tuned_once,UNSW-NB15,10000,1,286,full_test,RandomForest,0.7529652295036421,0.767915269882913,0.792870789195627,0.7507079957836598,1682,0.9667063020214031,1.0,0.9830713422007256,0.2593433054396261,0.29613539012164514,0.3553548915720132,0.1693458602821247,0.41309841650387075,0.16141384702002237,0.4204384789637202,0.1411956696732658
natural,refit_per_N,tuned_once,UNSW-NB15,10000,1,286,full_test,XGBoost,0.7462374236512684,0.7645994267113637,0.7996713200056388,0.7450069469451804,1682,0.9780023781212842,1.0,0.9888788698527202,0.25638378503147924,0.31672048242330836,0.3783021267341153,0.15143318699005942,0.4239793961843327,0.1446095663049005,0.43108373095461927,0.12180834110178253
natural,refit_per_N,tuned_once,UNSW-NB15,10000,2,286,fixed_300,QSVM_ZZ,0.6534017971758665,0.7,0.7810760667903525,0.67003367003367,6,1.0,1.0,1.0,0.5059009562352527,0.9135772006607639,1.0133491767147256,0.2523539679467881,0.9674351402143535,0.28659306331281564,0.9674351402143535,0.28659306331281564
natural,refit_per_N,tuned_once,UNSW-NB15,10000,2,286,fixed_300,QSVM_Z,0.6629901960784313,0.7066666666666667,0.7853584578730777,0.6774410774410775,6,1.0,1.0,1.0,0.6554050803060448,1.0613985480949717,1.1591368701598308,0.4610037021816182,0.8960816265885297,0.3671948300356401,0.8960816265885297,0.3671948300356401
natural,refit_per_N,tuned_once,UNSW-NB15,10000,2,286,fixed_300,SVM_Linear,0.7536945812807883,0.76,0.7616645649432534,0.7515151515151515,6,0.5,1.0,0.6666666666666666,1.0017270911838931,1.473553461609796,1.369715333262866,1.139603823817099,0.4771328709588314,0.6801313809724087,0.6791882084106433,0.47847450244374895
natural,refit_per_N,tuned_once,UNSW-NB15,10000,2,286,fixed_300,SVM_Poly2,0.6204296632927081,0.6733333333333333,0.7423420670689787,0.6424242424242425,6,1.0,1.0,1.0,0.5753439836614311,0.9751703249528574,1.0040435083544488,0.5233301974235351,1.0270475652417501,0.4301292371556248,1.0270475652417501,0.4301292371556248
natural,refit_per_N,tuned_once,UNSW-NB15,10000,2,286,fixed_300,SVM_RBF,0.6835874973632291,0.7166666666666667,0.7700304259634889,0.6912457912457912,6,1.0,1.0,1.0,0.5537021251229418,0.8986619651472925,0.9590027995944664,0.44101360674930556,0.8938642207994684,0.47181141331723747,0.8938642207994684,0.47181141331723747
natural,refit_per_N,tuned_once,UNSW-NB15,10000,2,286,fixed_300,RandomForest,0.7594793435200906,0.7733333333333333,0.7972572853358267,0.756902356902357,6,0.8333333333333334,1.0,0.9090909090909091,0.2682200565682656,0.3002309777208047,0.3644380274427655,0.17107180621686338,0.25931706870260035,0.24956177912655939,0.2993632687975136,0.19977001030232333
natural,refit_per_N,tuned_once,UNSW-NB15,10000,2,286,fixed_300,XGBoost,0.7344497607655502,0.7533333333333333,0.7852257181942544,0.734006734006734,6,0.6666666666666666,1.0,0.8,0.2603178925315539,0.32389250856614926,0.3884501062830289,0.1475746496050262,0.23351885378360748,0.31080483008735893,0.35345302522182465,0.161869257240472
natural,refit_per_N,tuned_once,UNSW-NB15,10000,2,286,full_test,QSVM_ZZ,0.6829421429280171,0.7206068114463392,0.7917700804697363,0.6928221553416117,1682,0.9898929845422116,1.0,0.9949208246190618,0.5115906832374428,0.893805383961194,1.0003281157611057,0.24486067955310173,1.0465379238528583,0.21972392391708048,1.0596441519155864,0.1437863001640542
natural,refit_per_N,tuned_once,UNSW-NB15,10000,2,286,full_test,QSVM_Z,0.6756304785641504,0.7152990331827236,0.7881440839975251,0.6869440714869992,1682,0.990487514863258,1.0,0.995221027479092,0.6788986522970839,1.0691737849538592,1.1719829401499087,0.48009577223813715,1.0908947242930214,0.26185207310854536,1.1039785538693823,0.19962254451353312
natural,refit_per_N,tuned_once,UNSW-NB15,10000,2,286,full_test,SVM_Linear,0.7591917276786564,0.763396978088714,0.7621166945577109,0.7577844157578562,1682,0.8186682520808561,1.0,0.900294213795358,0.9987548008980325,1.4503141711235927,1.3413323922438305,1.1409424879441663,0.902383204737826,0.6029326075632734,1.0118072848691195,0.3925164910443101
natural,refit_per_N,tuned_once,UNSW-NB15,10000,2,286,full_test,SVM_Poly2,0.662023593214078,0.7021449740076763,0.7634491020481421,0.6741817044698453,1682,0.9696789536266349,1.0,0.9846060971928765,0.612837573942063,0.9674987403730002,1.002568657636519,0.5536061699289884,1.132152119644933,0.41226474325866025,1.1457522272836396,0.37280353301065006
natural,refit_per_N,tuned_once,UNSW-NB15,10000,2,286,full_test,SVM_RBF,0.7010086857921942,0.7282466112811543,0.77131969494756,0.7049211487142308,1682,0.9607609988109393,1.0,0.9799878714372346,0.5863117147839535,0.8725441532715327,0.9547646573198242,0.43990814431446323,1.119747191130634,0.45182636686690725,1.1462002941961122,0.37974428689032186
natural,refit_per_N,tuned_once,UNSW-NB15,10000,2,286,full_test,RandomForest,0.7530206253927599,0.7691177185055629,0.7984176755517709,0.7509728418085428,1682,0.9690844233055886,1.0,0.9842995169082126,0.26026215443678197,0.29571777304016295,0.3537047255157584,0.1734311317835718,0.4139054705503367,0.15922181233057683,0.4199660386225115,0.14247052494128132
natural,refit_per_N,tuned_once,UNSW-NB15,10000,2,286,full_test,XGBoost,0.7428888689894059,0.761854442986931,0.7976343568560698,0.7419677955551952,1682,0.9696789536266349,1.0,0.9846060971928765,0.2560366040481826,0.31699468125464275,0.3788611448047715,0.15001534426010002,0.42571317003187187,0.1431099096361969,0.43195937899928033,0.12297660049465506
natural,refit_per_N,tuned_once,UNSW-NB15,10000,3,286,fixed_300,QSVM_ZZ,0.6776782957702995,0.71,0.7562111801242236,0.6851851851851852,6,0.6666666666666666,1.0,0.8,0.4799550042067539,0.8598313233870789,0.9411881656510483,0.289536781047064,0.5040418892335922,0.7661772157665997,0.8643979926323642,0.30643410775428814
natural,refit_per_N,tuned_once,UNSW-NB15,10000,3,286,fixed_300,QSVM_Z,0.6467236467236468,0.69,0.75,0.6616161616161615,6,1.0,1.0,1.0,0.5443699229666197,0.9548603409240798,1.0299890411212784,0.38369188012049893,0.9456584040276027,0.602092939800108,0.9456584040276027,0.602092939800108
natural,refit_per_N,tuned_once,UNSW-NB15,10000,3,286,fixed_300,SVM_Linear,0.5079792923458691,0.6166666666666667,0.7536231884057971,0.5754208754208754,6,1.0,1.0,1.0,0.5026111511079806,1.051923428493168,1.0708406152159209,0.46093518572018166,0.9014433702824237,0.2588244298203553,0.9014433702824237,0.2588244298203553
natural,refit_per_N,tuned_once,UNSW-NB15,10000,3,286,fixed_300,SVM_Poly2,0.6315289648622981,0.6766666666666666,0.7291666666666667,0.6481481481481481,6,0.6666666666666666,1.0,0.8,0.4695477863063054,0.9279076301392851,0.9495681812380344,0.42403769039573314,0.6465371490339912,0.7237615061227082,0.8490506937393906,0.4700573606344993
natural,refit_per_N,tuned_once,UNSW-NB15,10000,3,286,fixed_300,SVM_RBF,0.7015783985905871,0.7233333333333334,0.7496693121693121,0.7033670033670034,6,0.6666666666666666,1.0,0.8,0.5169520637357206,0.887122598770589,0.9457503711603704,0.39972762839229065,0.6561954972903877,1.0007386360849726,1.0498556214814914,0.5743461695363712
natural,refit_per_N,tuned_once,UNSW-NB15,10000,3,286,fixed_300,RandomForest,0.7609163683077399,0.7766666666666666,0.8087478559176673,0.7585858585858586,6,1.0,1.0,1.0,0.27226541734587123,0.3024721780336581,0.37043666296174715,0.16850683873573613,0.3255284978766195,0.18889393027445164,0.3255284978766195,0.18889393027445164
natural,refit_per_N,tuned_once,UNSW-NB15,10000,3,286,fixed_300,XGBoost,0.734323252174546,0.7566666666666667,0.8023215523215523,0.735016835016835,6,1.0,1.0,1.0,0.27057419180870057,0.3208364024529566,0.3923883499701818,0.14892203738723547,0.3534744083881378,0.17093395750437654,0.3534744083881378,0.17093395750437654
natural,refit_per_N,tuned_once,UNSW-NB15,10000,3,286,full_test,QSVM_ZZ,0.7013685634234426,0.7311980760822038,0.7845306967753439,0.7064489019152391,1682,0.9708680142687277,1.0,0.9852187028657617,0.5019630997531929,0.8365283635641938,0.9300058639770061,0.2946790619124544,0.9979026276814531,0.3250448726410319,1.0257605637465927,0.22198893987324184
natural,refit_per_N,tuned_once,UNSW-NB15,10000,3,286,full_test,QSVM_Z,0.6776462776544152,0.7159184764125734,0.7845181090316815,0.6880952432623217,1682,0.9809750297265161,1.0,0.9903961584633854,0.5725004872185279,0.9057498117513483,0.9930876220157846,0.4023884992791033,1.2450608656349567,0.45534754898483953,1.2588335877858854,0.41575948307198557
natural,refit_per_N,tuned_once,UNSW-NB15,10000,3,286,full_test,SVM_Linear,0.5236003333254371,0.6259898945731914,0.7649884666697164,0.585065623949194,1682,0.9928656361474435,1.0,0.9964200477326969,0.5082870373539802,1.0383436385917224,1.0646290544123493,0.45064198722162047,1.0437999749080291,0.28545596358841674,1.0581708575831972,0.2264463091503921
natural,refit_per_N,tuned_once,UNSW-NB15,10000,3,286,full_test,SVM_Poly2,0.6641420317589257,0.6987319632706602,0.742155733844365,0.6731488513573134,1682,0.9292508917954816,1.0,0.9633281972265023,0.5104773383253304,0.8745470243063324,0.9215623516769018,0.41969327209107427,1.022828393016917,0.4743041006264111,1.077821616338232,0.3308214998857224
natural,refit_per_N,tuned_once,UNSW-NB15,10000,3,286,full_test,SVM_RBF,0.7213977151058777,0.7377083029684691,0.755812521934205,0.7206020137317234,1682,0.8953626634958383,1.0,0.944792973651192,0.5538147361009789,0.8330106496141496,0.914929354837617,0.40437826344847744,1.2184553588594982,0.6860732749555595,1.3191745089322313,0.46379803268781
natural,refit_per_N,tuned_once,UNSW-NB15,10000,3,286,full_test,RandomForest,0.7581960835332413,0.7740489724529952,0.8047025059910109,0.7558781243963455,1682,0.9809750297265161,1.0,0.9903961584633854,0.26458363559725734,0.29988238143284524,0.364478552118465,0.16458835914281456,0.43152701169499896,0.14252599948322373,0.43644351762579836,0.12667390525884611
natural,refit_per_N,tuned_once,UNSW-NB15,10000,3,286,full_test,XGBoost,0.7460096559778555,0.7648423456250304,0.8017268512240197,0.7449145857231095,1682,0.9803804994054697,1.0,0.9900930651456019,0.2604975784310115,0.3215351776890438,0.3875104534973071,0.14518783451190873,0.4399569477004472,0.1287876919908339,0.44603926607814043,0.10581757205064646
natural,refit_per_N,tuned_once,UNSW-NB15,10000,4,286,fixed_300,QSVM_ZZ,0.7799441578723203,0.7933333333333333,0.8237551921762448,0.7764309764309765,6,1.0,1.0,1.0,0.6166682758254741,0.8320570594272442,0.9946719929804911,0.288489755333691,1.0339583263254626,0.10863410580188672,1.0339583263254626,0.10863410580188672
natural,refit_per_N,tuned_once,UNSW-NB15,10000,4,286,fixed_300,QSVM_Z,0.6619183285849952,0.7033333333333334,0.7708333333333333,0.6750841750841751,6,0.6666666666666666,1.0,0.8,0.5080192161831377,0.901780930529714,0.9740702608456145,0.3499707096522833,0.6628333191491199,0.7090302065504313,0.7572912887460926,0.6071093367462473
natural,refit_per_N,tuned_once,UNSW-NB15,10000,4,286,fixed_300,SVM_Linear,0.5079792923458691,0.6166666666666667,0.7536231884057971,0.5754208754208754,6,1.0,1.0,1.0,0.5082458240762044,1.0590343722574231,1.07174409252561,0.48086611385086286,0.9057163132894339,0.21690829501820863,0.9057163132894339,0.21690829501820863
natural,refit_per_N,tuned_once,UNSW-NB15,10000,4,286,fixed_300,SVM_Poly2,0.5820008227285394,0.65,0.7290482954545454,0.6158249158249158,6,0.6666666666666666,1.0,0.8,0.39936912930291335,0.9362480879516528,0.9606384380702188,0.33649661950055804,0.5397377740772483,0.6551536659162241,0.7048994877157911,0.4729269530776877
natural,refit_per_N,tuned_once,UNSW-NB15,10000,4,286,fixed_300,SVM_RBF,0.641968411964857,0.6866666666666666,0.7473802658414797,0.6579124579124579,6,0.5,1.0,0.6666666666666666,0.4742221708287756,0.9034226198106384,0.95676383538858,0.354488449154,0.48821049406761535,0.9242023429322853,0.9183765756439176,0.4990830817687798
natural,refit_per_N,tuned_once,UNSW-NB15,10000,4,286,fixed_300,RandomForest,0.7884841363102233,0.8,0.8254172015404364,0.7845117845117846,6,0.8333333333333334,1.0,0.9090909090909091,0.282698881168042,0.28857371865264536,0.37312623646418436,0.15482331921500855,0.3445295588478046,0.1843579358573937,0.3594555757932028,0.1532323544968189
natural,refit_per_N,tuned_once,UNSW-NB15,10000,4,286,fixed_300,XGBoost,0.7743526068840363,0.79,0.8284612040860682,0.7713804713804713,6,1.0,1.0,1.0,0.2847338855266571,0.3194005362311743,0.4079274052381516,0.12917166936885988,0.3877865473429362,0.15074065568443282,0.3877865473429362,0.15074065568443282
natural,refit_per_N,tuned_once,UNSW-NB15,10000,4,286,full_test,QSVM_ZZ,0.7755885153453734,0.7882961667395424,0.8133332863771796,0.7721219125681758,1682,0.9565992865636147,1.0,0.977818292312367,0.6222343255413808,0.8351971653726264,1.0008070814193328,0.28829680315488065,0.9799129068577596,0.36988827735967783,1.0303320623218095,0.18831485365265618
natural,refit_per_N,tuned_once,UNSW-NB15,10000,4,286,full_test,QSVM_Z,0.6819212660898578,0.7178010979934898,0.7801047701120625,0.6908877792908059,1682,0.974435196195006,1.0,0.9870520927431496,0.5307377008911023,0.8680743555148541,0.9565945165959264,0.3466446662914463,1.1499451370191272,0.4006882389002197,1.168992171913898,0.34114833276879136
natural,refit_per_N,tuned_once,UNSW-NB15,10000,4,286,full_test,SVM_Linear,0.5236003333254371,0.6259898945731914,0.7649884666697164,0.585065623949194,1682,0.9928656361474435,1.0,0.9964200477326969,0.5159819453447583,1.0419018316462614,1.0629198986109405,0.4711667261665489,1.0164060648534043,0.2783193058256709,1.0311566753866455,0.21739097375840274
natural,refit_per_N,tuned_once,UNSW-NB15,10000,4,286,full_test,SVM_Poly2,0.614237002826232,0.6705655152310159,0.7445093459982364,0.6384330763305439,1682,0.9613555291319857,1.0,0.9802970597150652,0.4338837389822568,0.9039879146067571,0.9354637044477114,0.36104972838829524,0.9980427986445988,0.3611230474236999,1.0325906277089962,0.24547072916024815
natural,refit_per_N,tuned_once,UNSW-NB15,10000,4,286,full_test,SVM_RBF,0.6539005083118632,0.6906792012826118,0.7337036996137305,0.6644948965112647,1682,0.9316290130796671,1.0,0.9646044936903663,0.49746022139511936,0.8707676636800077,0.9274670376993688,0.38145496452710886,1.1270400809673737,0.5459292043191408,1.200466060159616,0.3565659527216867
natural,refit_per_N,tuned_once,UNSW-NB15,10000,4,286,full_test,RandomForest,0.7878982035382032,0.79991983675849,0.8269052497901417,0.7838546805430684,1682,0.9655172413793104,1.0,0.9824561403508771,0.27550633585047485,0.2923157549742259,0.3697053989162947,0.15706737316212308,0.4224223319234075,0.15366311528033486,0.4324535178266306,0.12262517859167016
natural,refit_per_N,tuned_once,UNSW-NB15,10000,4,286,full_test,XGBoost,0.782014897289112,0.7955108584754409,0.8268156265936022,0.7783010092506695,1682,0.9696789536266349,1.0,0.9846060971928765,0.2804796584194854,0.3147968668326151,0.3995115031567739,0.13474592758283063,0.43203927401129893,0.14162774919234586,0.4428322360929496,0.10303380176630601
natural,refit_per_N,tuned_once,UNSW-NB15,10000,5,286,fixed_300,QSVM_ZZ,0.766553480475382,0.78,0.8050490883590462,0.7636363636363637,6,1.0,1.0,1.0,0.5987999792874136,0.8551600678106603,1.0096817565701104,0.2653354616745304,1.0949435917754564,0.2001153673834022,1.0949435917754564,0.2001153673834022
natural,refit_per_N,tuned_once,UNSW-NB15,10000,5,286,fixed_300,QSVM_Z,0.6835753532182104,0.7133333333333334,0.7548126244644258,0.6895622895622895,6,0.5,1.0,0.6666666666666666,0.5215435524883347,0.8349017221047893,0.9097042650553336,0.3761737801280557,0.5439612692544241,0.8588453067868017,0.841102094600186,0.571013476108734
natural,refit_per_N,tuned_once,UNSW-NB15,10000,5,286,fixed_300,SVM_Linear,0.5979845626072041,0.6666666666666666,0.7761559468876542,0.6316498316498317,6,1.0,1.0,1.0,0.7847955548114485,1.2449896693986444,1.1455134281613921,0.9239601320744797,0.6431944872232513,0.4902769112246922,0.6431944872232513,0.4902769112246922
natural,refit_per_N,tuned_once,UNSW-NB15,10000,5,286,fixed_300,SVM_Poly2,0.6417732225483854,0.68,0.7195567228236499,0.6538720538720539,6,0.5,1.0,0.6666666666666666,0.48224884958096437,0.8796838409296561,0.8978424337709805,0.4475338836726425,0.3786568589942747,0.7572499319749831,0.7560056896712016,0.38113498071457247
natural,refit_per_N,tuned_once,UNSW-NB15,10000,5,286,fixed_300,SVM_RBF,0.7492919819861645,0.76,0.7709329259277512,0.7468013468013468,6,0.5,1.0,0.6666666666666666,0.5731013208019756,0.8710773055233754,0.9749267897082291,0.36978176105919464,0.34398973559587714,1.1098076324621156,1.1055062694163371,0.35757210118752314
natural,refit_per_N,tuned_once,UNSW-NB15,10000,5,286,fixed_300,RandomForest,0.7853095414071023,0.7966666666666666,0.8201593137254901,0.7814814814814814,6,0.8333333333333334,1.0,0.9090909090909091,0.2781197122139212,0.3071290945215107,0.38609679156579657,0.1503599766099847,0.27685397397014755,0.24807380452824274,0.3299957216276881,0.17114776978856985
natural,refit_per_N,tuned_once,UNSW-NB15,10000,5,286,fixed_300,XGBoost,0.7853095414071023,0.7966666666666666,0.8201593137254901,0.7814814814814814,6,0.8333333333333334,1.0,0.9090909090909091,0.28441507230202356,0.31776317523072173,0.405372551381588,0.13243286401666876,0.3318069676558177,0.21421818916118196,0.364441841840744,0.15220854203418052
natural,refit_per_N,tuned_once,UNSW-NB15,10000,5,286,full_test,QSVM_ZZ,0.7706928440118308,0.7838386046737599,0.8087689144399157,0.767467957722127,1682,0.9595719381688466,1.0,0.9793689320388349,0.611013694281396,0.8389080761863622,0.997809018861369,0.2854499198966687,1.040390299668302,0.3930190534027782,1.0923820890840428,0.2087518225786246
natural,refit_per_N,tuned_once,UNSW-NB15,10000,5,286,full_test,QSVM_Z,0.7163949158313648,0.7367609192051693,0.764814948615363,0.716984701457833,1682,0.9256837098692033,1.0,0.9614078419265205,0.5333258113543082,0.8079907845471548,0.8947493561767993,0.36974196217235145,1.1050319260695975,0.5234814057209747,1.1558309542292504,0.39897762470368253
natural,refit_per_N,tuned_once,UNSW-NB15,10000,5,286,full_test,SVM_Linear,0.5826486921686138,0.6578730019919351,0.7723930793604121,0.6212713112388838,1682,0.990487514863258,1.0,0.995221027479092,0.7869815108174245,1.2221674065451877,1.1162030267269083,0.9311948620538856,0.9361543438466557,0.4658646256802637,0.9596752375819264,0.415256840202841
natural,refit_per_N,tuned_once,UNSW-NB15,10000,5,286,full_test,SVM_Poly2,0.6634448284930661,0.6958412281980275,0.7321793135013182,0.6713185828994971,1682,0.9239001189060642,1.0,0.9604449938195303,0.502563963456772,0.8426405558149099,0.8688440422456211,0.4557671268572685,0.8870744699412703,0.4699940988580511,0.9558227090876971,0.3069177690770491
natural,refit_per_N,tuned_once,UNSW-NB15,10000,5,286,full_test,SVM_RBF,0.7495308158346403,0.7579313025312151,0.7629978150378716,0.7470487359326148,1682,0.8555291319857312,1.0,0.9221403396347324,0.5847235365143195,0.8406363521769931,0.9515469541949325,0.3783245758837263,1.043990837075905,0.7454925861978227,1.2302531166325186,0.3635289988299984
natural,refit_per_N,tuned_once,UNSW-NB15,10000,5,286,full_test,RandomForest,0.779474469081527,0.7921707234125249,0.818713808151662,0.7758341330388892,1682,0.9720570749108205,1.0,0.9858305697919807,0.27172879062141064,0.2944234829187069,0.3666962471086154,0.1614174256485768,0.42805775247682665,0.14602656071268288,0.4339776717069602,0.12736002649533726
natural,refit_per_N,tuned_once,UNSW-NB15,10000,5,286,full_test,XGBoost,0.7732869613218553,0.7875309721614925,0.8182306738458127,0.7700510265405263,1682,0.9791914387633769,1.0,0.9894863322319015,0.2724345209016279,0.3118381902234904,0.38771952034130286,0.14538637696521417,0.4360833309599676,0.13267302468357464,0.4419465518770263,0.11159770743091406
natural,refit_per_N,tuned_once,UNSW-NB15,10000,6,286,fixed_300,QSVM_ZZ,0.6619183285849952,0.7033333333333334,0.7708333333333333,0.6750841750841751,6,1.0,1.0,1.0,0.4692727406614754,0.9018133171426879,0.9917140379692345,0.22357869084191817,0.9819907610821558,0.06844636201401333,0.9819907610821558,0.06844636201401333
natural,refit_per_N,tuned_once,UNSW-NB15,10000,6,286,fixed_300,QSVM_Z,0.6456996148908858,0.6933333333333334,0.7699443413729128,0.6632996632996633,6,1.0,1.0,1.0,0.6536101477987208,1.110586024551577,1.2027501034044938,0.4626010505773001,1.1054562854570205,0.2599429417592837,1.1054562854570205,0.2599429417592837
natural,refit_per_N,tuned_once,UNSW-NB15,10000,6,286,fixed_300,SVM_Linear,0.5079792923458691,0.6166666666666667,0.7536231884057971,0.5754208754208754,6,1.0,1.0,1.0,0.4932167343449945,1.0632584754683159,1.0824982518785415,0.44942059073105434,0.9006098844334351,0.222133016505278,0.9006098844334351,0.222133016505278
natural,refit_per_N,tuned_once,UNSW-NB15,10000,6,286,fixed_300,SVM_Poly2,0.597525236079453,0.6566666666666666,0.722,0.6245791245791246,6,1.0,1.0,1.0,0.5426544573035517,1.0023895637611895,1.0295741916341807,0.48911724718065586,1.0819570281841633,0.49871151891020454,1.0819570281841633,0.49871151891020454
natural,refit_per_N,tuned_once,UNSW-NB15,10000,6,286,fixed_300,SVM_RBF,0.6323529411764706,0.68,0.742040285899935,0.6505050505050505,6,1.0,1.0,1.0,0.5137160219731173,0.9433085268227847,1.0009383684192257,0.3896889921908431,1.060356241570142,0.5577960315223556,1.060356241570142,0.5577960315223556
natural,refit_per_N,tuned_once,UNSW-NB15,10000,6,286,fixed_300,RandomForest,0.7528623789682303,0.77,0.8040099978265595,0.7511784511784512,6,1.0,1.0,1.0,0.2710944623863524,0.2998391908847788,0.36932888441887,0.16429218807020982,0.3453965345053347,0.19199943397624594,0.3453965345053347,0.19199943397624594
natural,refit_per_N,tuned_once,UNSW-NB15,10000,6,286,fixed_300,XGBoost,0.7685185185185186,0.7866666666666666,0.8344326061221038,0.7663299663299663,6,1.0,1.0,1.0,0.27540483554204304,0.3160461548230112,0.3950667609771093,0.14019718181691862,0.4114634394645691,0.09727765185079099,0.4114634394645691,0.09727765185079099
natural,refit_per_N,tuned_once,UNSW-NB15,10000,6,286,full_test,QSVM_ZZ,0.6803785582720407,0.7189549628334062,0.7917134093300136,0.6908725475232579,1682,0.9916765755053508,1.0,0.9958208955223881,0.4855479358655815,0.8760661883883273,0.9735994819738675,0.2352717857304525,0.9953685047991745,0.19911531567531604,1.0074366477738024,0.12440566709321636
natural,refit_per_N,tuned_once,UNSW-NB15,10000,6,286,full_test,QSVM_Z,0.6720307398141774,0.7138172278093572,0.7926863989166639,0.6847067676076324,1682,0.9946492271105827,1.0,0.9973174366616989,0.695584806651674,1.0847121795323582,1.1901458878401519,0.4939549588046082,1.19193869728252,0.2918380056519735,1.2015383327574243,0.2493850728030478
natural,refit_per_N,tuned_once,UNSW-NB15,10000,6,286,full_test,SVM_Linear,0.5236003333254371,0.6259898945731914,0.7649884666697164,0.585065623949194,1682,0.9928656361474435,1.0,0.9964200477326969,0.5004138376189472,1.049574816206622,1.0770356528860947,0.4381957394908246,1.0278688980013486,0.26267829594164516,1.0424041063572125,0.1972512045259411
natural,refit_per_N,tuned_once,UNSW-NB15,10000,6,286,full_test,SVM_Poly2,0.6552425203091317,0.698136811932177,0.7639304158397718,0.6692950353070798,1682,0.9726516052318668,1.0,0.9861362266425557,0.5801567860185006,0.9361037331703093,0.9875946452103929,0.4873693798039264,1.23464136071909,0.45632579776858134,1.2487006816122672,0.4163161431514238
natural,refit_per_N,tuned_once,UNSW-NB15,10000,6,286,full_test,SVM_RBF,0.6837789855173697,0.7186998979740563,0.7786466227348751,0.6921585110213894,1682,0.9732461355529132,1.0,0.9864416993070202,0.5537563579677184,0.8832790733706114,0.9588656221835098,0.4091512483651347,1.3103173910433565,0.4944043555329665,1.3255761513967834,0.4519017580057944
natural,refit_per_N,tuned_once,UNSW-NB15,10000,6,286,full_test,RandomForest,0.7592581940753482,0.774704853519895,0.8041857234894041,0.7568214589777282,1682,0.9768133174791914,1.0,0.9882706766917293,0.26226763098424866,0.29685120994158143,0.3584356509960826,0.16860852647741553,0.4241941908565034,0.15319480329315902,0.4297319490218049,0.13689343045725097
natural,refit_per_N,tuned_once,UNSW-NB15,10000,6,286,full_test,XGBoost,0.7447715043641501,0.7641135888840305,0.8024518532912126,0.743872783619232,1682,0.9809750297265161,1.0,0.9903961584633854,0.25926311089716203,0.317664941244282,0.3819228563080728,0.14920893873119825,0.43730868999796446,0.13058781979196454,0.442007824371034,0.11367124623465501
natural,refit_per_N,tuned_once,UNSW-NB15,10000,7,286,fixed_300,QSVM_ZZ,0.6741766013336028,0.7133333333333334,0.7834556553947458,0.6855218855218855,6,1.0,1.0,1.0,0.5025354790294493,0.9071996029572192,1.0062545039377782,0.2510077699873652,0.9791525704610264,0.16692149083184452,0.9791525704610264,0.16692149083184452
natural,refit_per_N,tuned_once,UNSW-NB15,10000,7,286,fixed_300,QSVM_Z,0.6553308823529411,0.7,0.774528914879792,0.6707070707070707,6,1.0,1.0,1.0,0.6051339127442685,1.0356361187192566,1.1288678904034806,0.4054460614743595,1.0666935518896377,0.15385338142168029,1.0666935518896377,0.15385338142168029
natural,refit_per_N,tuned_once,UNSW-NB15,10000,7,286,fixed_300,SVM_Linear,0.5079792923458691,0.6166666666666667,0.7536231884057971,0.5754208754208754,6,1.0,1.0,1.0,0.3463636939774111,1.042358300039479,1.0700951031800037,0.2477399933741969,1.0209622254958157,0.05182420591192001,1.0209622254958157,0.05182420591192001
natural,refit_per_N,tuned_once,UNSW-NB15,10000,7,286,fixed_300,SVM_Poly2,0.6031746031746031,0.6666666666666666,0.7581699346405228,0.632996632996633,6,1.0,1.0,1.0,0.6192752476519998,1.1525253326856149,1.1872231798621282,0.5498341532085739,1.4442020743766797,0.5639709305885424,1.4442020743766797,0.5639709305885424
natural,refit_per_N,tuned_once,UNSW-NB15,10000,7,286,fixed_300,SVM_RBF,0.6485536631522033,0.6966666666666667,0.778906955736224,0.6663299663299663,6,1.0,1.0,1.0,0.5623719899859001,1.0066853817604058,1.0630204842809872,0.4468390795015708,1.248749808605896,0.5108329684313422,1.248749808605896,0.5108329684313422
natural,refit_per_N,tuned_once,UNSW-NB15,10000,7,286,fixed_300,RandomForest,0.7568997568997569,0.7733333333333333,0.8063785008903999,0.7548821548821549,6,1.0,1.0,1.0,0.27355762422428637,0.29930564779030744,0.37181068698646935,0.16178522062617817,0.36868647397533544,0.1090461377277196,0.36868647397533544,0.1090461377277196
natural,refit_per_N,tuned_once,UNSW-NB15,10000,7,286,fixed_300,XGBoost,0.7540509259259259,0.7733333333333333,0.817520717064096,0.7528619528619529,6,1.0,1.0,1.0,0.266188039680322,0.32257225862507444,0.3946207321683566,0.13850419577126452,0.3939303656419118,0.11121515461719184,0.3939303656419118,0.11121515461719184
natural,refit_per_N,tuned_once,UNSW-NB15,10000,7,286,full_test,QSVM_ZZ,0.6935046936278584,0.728198027498421,0.7960158868798335,0.7013326794985226,1682,0.9934601664684899,1.0,0.9967193558007754,0.5265916783327963,0.8852661040027462,0.9953652834099267,0.2650336264850711,1.0361124487358644,0.21654610651538134,1.0475227061650594,0.1520440815718612
natural,refit_per_N,tuned_once,UNSW-NB15,10000,7,286,full_test,QSVM_Z,0.6764941265097038,0.7162221250546568,0.7902559335762631,0.6878022016545797,1682,0.9922711058263971,1.0,0.9961205610265592,0.6323154467992167,1.019254758315777,1.1259520737714008,0.41344287898103665,1.1110048485725663,0.23869940536022077,1.1219212636222815,0.18055984576659506
natural,refit_per_N,tuned_once,UNSW-NB15,10000,7,286,full_test,SVM_Linear,0.5236089705859062,0.6260020405188748,0.7650563033573681,0.5850766536853628,1682,0.9928656361474435,1.0,0.9964200477326969,0.35868853879280516,1.0356158239993467,1.071731116237846,0.22923790538814565,1.0469437046268437,0.1722065622155342,1.0575464752609167,0.08568356546668528
natural,refit_per_N,tuned_once,UNSW-NB15,10000,7,286,full_test,SVM_Poly2,0.6358549724266186,0.6888208715930623,0.7762529277543557,0.656953083675752,1682,0.995243757431629,1.0,0.9976162097735399,0.6534664936537253,1.1003007843851171,1.1513863227884293,0.5585604802904848,1.5612345359287607,0.5557351042181392,1.5707765521161676,0.5281626696000807
natural,refit_per_N,tuned_once,UNSW-NB15,10000,7,286,full_test,SVM_RBF,0.6752650131460807,0.7144366710392072,0.7846503720455634,0.6863174381917433,1682,0.9875148632580262,1.0,0.9937182171702064,0.595740009705668,0.9556687798150985,1.0367420738926543,0.4397440711347307,1.4385635965852308,0.5127661046600901,1.4504833674845572,0.4780086820960225
natural,refit_per_N,tuned_once,UNSW-NB15,10000,7,286,full_test,RandomForest,0.7584090164474087,0.7736481562454453,0.8019286097789601,0.7559736419115666,1682,0.9637336504161712,1.0,0.981531940660006,0.26351442932278296,0.2969489705184379,0.35985444474492795,0.16770010182045714,0.4168445220823755,0.1614454836798751,0.42521942798375445,0.1378855969848972
natural,refit_per_N,tuned_once,UNSW-NB15,10000,7,286,full_test,XGBoost,0.7488422761133315,0.7673687023271631,0.8044873992210151,0.7475391132330601,1682,0.9714625445897741,1.0,0.985524728588661,0.26000540089874813,0.3159879641939105,0.38106277501919594,0.14913873912099593,0.4255018782105372,0.14936387330303746,0.43394699030058564,0.12268424763531834
natural,refit_per_N,tuned_once,UNSW-NB15,10000,8,286,fixed_300,QSVM_ZZ,0.7148391909614853,0.7366666666666667,0.7693555605280824,0.7161616161616162,6,0.8333333333333334,1.0,0.9090909090909091,0.5367534385273871,0.8599627335840271,0.9575846554100247,0.3326736909458725,0.6910456905461038,0.6826318698001502,0.9091284159946728,0.3420759262506025
natural,refit_per_N,tuned_once,UNSW-NB15,10000,8,286,fixed_300,QSVM_Z,0.66078697421981,0.7,0.7576853526220615,0.6727272727272727,6,0.6666666666666666,1.0,0.8,0.4623761633042408,0.8490242890929421,0.9142637614851761,0.31425425103998694,0.6055712411737999,0.6707890408729988,0.7181314126713357,0.5485997991494036
natural,refit_per_N,tuned_once,UNSW-NB15,10000,8,286,fixed_300,SVM_Linear,0.5079792923458691,0.6166666666666667,0.7536231884057971,0.5754208754208754,6,1.0,1.0,1.0,0.5085370178096418,1.051363524699574,1.0652259098749755,0.47882034259465855,0.8859138596144547,0.23384802501823204,0.8859138596144547,0.23384802501823204
natural,refit_per_N,tuned_once,UNSW-NB15,10000,8,286,fixed_300,SVM_Poly2,0.64,0.68,0.723404255319149,0.6531986531986532,6,0.6666666666666666,1.0,0.8,0.4860805413447997,0.9203320851206793,0.9397288311785381,0.44743174164161587,0.5552575887207402,0.8241996453725046,0.8940399607558082,0.433945381166669
natural,refit_per_N,tuned_once,UNSW-NB15,10000,8,286,fixed_300,SVM_RBF,0.7160569778997681,0.7333333333333333,0.7527735422472265,0.7158249158249158,6,0.6666666666666666,1.0,0.8,0.5386178137775091,0.8681485207692919,0.9473286703299776,0.3825694627165238,0.48550123913382565,1.054282460128704,1.0731787880632593,0.4421654077227056
natural,refit_per_N,tuned_once,UNSW-NB15,10000,8,286,fixed_300,RandomForest,0.7456989696629617,0.7633333333333333,0.7958595957400565,0.7444444444444445,6,1.0,1.0,1.0,0.26829330243175087,0.30501641593237766,0.37019946361121386,0.16723835463175807,0.37123662196749363,0.14454787066458816,0.37123662196749363,0.14454787066458816
natural,refit_per_N,tuned_once,UNSW-NB15,10000,8,286,fixed_300,XGBoost,0.7435410334346504,0.76,0.7871558655945471,0.7420875420875421,6,1.0,1.0,1.0,0.2683347291747729,0.3206938129860817,0.39154506733020145,0.14676685190545802,0.42453262209892273,0.07281059301554531,0.42453262209892273,0.07281059301554531
natural,refit_per_N,tuned_once,UNSW-NB15,10000,8,286,full_test,QSVM_ZZ,0.7386954327138628,0.7570203566049652,0.7882523644510699,0.7377766627476325,1682,0.9577883472057075,1.0,0.978439113270574,0.5747113446724779,0.8485036378606935,0.9702522776678699,0.32994252656847567,0.9790409478524476,0.38804758173743187,1.029858883708429,0.2202107692891433
natural,refit_per_N,tuned_once,UNSW-NB15,10000,8,286,full_test,QSVM_Z,0.6830615313463427,0.7174731574600398,0.7747328410102958,0.6912059531957617,1682,0.964922711058264,1.0,0.9821482602118004,0.48516230640895386,0.8169623676708038,0.8921152109032751,0.32701746776792545,1.0639248042078255,0.38562471046814356,1.0859750862437432,0.3182774236262979
natural,refit_per_N,tuned_once,UNSW-NB15,10000,8,286,full_test,SVM_Linear,0.5236003333254371,0.6259898945731914,0.7649884666697164,0.585065623949194,1682,0.9928656361474435,1.0,0.9964200477326969,0.5139230049931159,1.036278818811954,1.057785472453174,0.46806040170737445,1.014171943740686,0.2781742760769679,1.0287781593367726,0.21803935014888493
natural,refit_per_N,tuned_once,UNSW-NB15,10000,8,286,full_test,SVM_Poly2,0.6746047791383298,0.7032381091191761,0.7353200466659371,0.6801841596294962,1682,0.9137931034482759,1.0,0.954954954954955,0.5263430240987612,0.8672853793524988,0.9125589386550156,0.44323480429324147,1.0191909283630216,0.5218474605832398,1.0909088038396246,0.34784034021351384
natural,refit_per_N,tuned_once,UNSW-NB15,10000,8,286,full_test,SVM_RBF,0.7367076020319698,0.7477894378856338,0.7566738646025917,0.7345503850272226,1682,0.8721759809750297,1.0,0.9317243569387107,0.5746577762970416,0.8249949442152076,0.9213244208984221,0.4025040736383936,1.0973484805901454,0.6618697403901516,1.2142006618594101,0.4098316652453762
natural,refit_per_N,tuned_once,UNSW-NB15,10000,8,286,full_test,RandomForest,0.7615125205996187,0.7763081183500947,0.8041474745987839,0.7588734907147507,1682,0.9726516052318668,1.0,0.9861362266425557,0.26653260272779083,0.2993281870345421,0.3663333857744539,0.16259410302117766,0.42282583797450707,0.1495488109522983,0.4288855141400299,0.13116307360279636
natural,refit_per_N,tuned_once,UNSW-NB15,10000,8,286,full_test,XGBoost,0.7549780220749562,0.7717412427731624,0.804620825822171,0.752982698219264,1682,0.9815695600475625,1.0,0.9906990699069907,0.2650950501746179,0.3171692306969976,0.3871461360494116,0.14487779633200848,0.4377435261337142,0.12464232746317758,0.4427617241348296,0.105437944349123
natural,refit_per_N,tuned_once,UNSW-NB15,10000,9,286,fixed_300,QSVM_ZZ,0.6695156695156695,0.71,0.78125,0.6818181818181819,6,0.8333333333333334,1.0,0.9090909090909091,0.5060301194056058,0.8953905492120224,0.9903263224364969,0.2775688967684652,0.8804011553394967,0.4183514528284955,0.8832709412663351,0.4122579007385013
natural,refit_per_N,tuned_once,UNSW-NB15,10000,9,286,fixed_300,QSVM_Z,0.6619183285849952,0.7033333333333334,0.7708333333333333,0.6750841750841751,6,1.0,1.0,1.0,0.567696844480389,0.9423804999793577,1.0117840661936475,0.43203439373617464,1.172207811267854,0.7178073976178662,1.172207811267854,0.7178073976178662
natural,refit_per_N,tuned_once,UNSW-NB15,10000,9,286,fixed_300,SVM_Linear,0.5079792923458691,0.6166666666666667,0.7536231884057971,0.5754208754208754,6,1.0,1.0,1.0,0.5062063437474641,1.0773302980808728,1.0961820266526097,0.463972410879112,0.9073569505819056,0.25539389179910466,0.9073569505819056,0.25539389179910466
natural,refit_per_N,tuned_once,UNSW-NB15,10000,9,286,fixed_300,SVM_Poly2,0.6204296632927081,0.6733333333333333,0.7423420670689787,0.6424242424242425,6,1.0,1.0,1.0,0.5843514829012868,1.0374435510615743,1.0365929615440328,0.5858590353366183,0.9183495657395913,0.5997231382059078,0.9183495657395913,0.5997231382059078
natural,refit_per_N,tuned_once,UNSW-NB15,10000,9,286,fixed_300,SVM_RBF,0.6821250800847667,0.7133333333333334,0.7587797527523218,0.6888888888888889,6,0.8333333333333334,1.0,0.9090909090909091,0.6256724328868241,1.0109642593220005,1.045638132582554,0.5658229604657871,1.1180286849325531,0.9430313101813037,1.1202440410347954,0.9403985755201418
natural,refit_per_N,tuned_once,UNSW-NB15,10000,9,286,fixed_300,RandomForest,0.7242087417471555,0.7433333333333333,0.7714083894805477,0.7242424242424242,6,0.8333333333333334,1.0,0.9090909090909091,0.2571519652668488,0.31637858165218313,0.3749986941551174,0.1599953735293818,0.2691869501770469,0.25436420449194713,0.31794846390070486,0.18992508253420137
natural,refit_per_N,tuned_once,UNSW-NB15,10000,9,286,fixed_300,XGBoost,0.7354273633343401,0.7566666666666667,0.7982954545454546,0.7356902356902357,6,0.8333333333333334,1.0,0.9090909090909091,0.25898696422576906,0.3274145438015884,0.39162042578061423,0.14459589635633682,0.32611877222855884,0.20434489404054113,0.3450791984796524,0.17038379059330527
natural,refit_per_N,tuned_once,UNSW-NB15,10000,9,286,full_test,QSVM_ZZ,0.6930007589531039,0.7270198707671379,0.7913011417389921,0.7005062052699483,1682,0.9851367419738407,1.0,0.992512728361785,0.5129437706300606,0.8681583544581549,0.9704181272126587,0.27404178261854856,1.0081758042708098,0.2482329331011788,1.023820914614008,0.17271009290728778
natural,refit_per_N,tuned_once,UNSW-NB15,10000,9,286,full_test,QSVM_Z,0.6871945882246351,0.7223801195161055,0.7865057399006289,0.6955626155141288,1682,0.9809750297265161,1.0,0.9903961584633854,0.5613971164785645,0.9139554954695801,0.9890807221666583,0.414970715988218,1.4662054510600346,0.5596952856902685,1.4817083393132384,0.517259736256047
natural,refit_per_N,tuned_once,UNSW-NB15,10000,9,286,full_test,SVM_Linear,0.5236003333254371,0.6259898945731914,0.7649884666697164,0.585065623949194,1682,0.9928656361474435,1.0,0.9964200477326969,0.5139483168813951,1.0626059216970813,1.0892875962185984,0.4546721345928634,1.054002660904983,0.27871047282375744,1.068703061402127,0.2155803873411233
natural,refit_per_N,tuned_once,UNSW-NB15,10000,9,286,full_test,SVM_Poly2,0.6587052060884367,0.701732011854443,0.7716426356930308,0.6726889936349479,1682,0.9851367419738407,1.0,0.992512728361785,0.6010461933479107,0.9774319536987192,0.993527169704518,0.5740500968628427,1.1501800631754568,0.4749342572805263,1.1605843650749554,0.4489105233879751
natural,refit_per_N,tuned_once,UNSW-NB15,10000,9,286,full_test,SVM_RBF,0.7022801302053463,0.7289024923480543,0.77055451063841,0.7058694508503032,1682,0.9542211652794292,1.0,0.9765743839367204,0.6459158876185503,0.9538762263919491,1.0104928432099336,0.5531648967309016,1.5767944113364658,0.7717544653657666,1.611175428841672,0.697136505951859
natural,refit_per_N,tuned_once,UNSW-NB15,10000,9,286,full_test,RandomForest,0.750943208947437,0.7671865131419132,0.7961368333569823,0.7490129602380993,1682,0.9613555291319857,1.0,0.9802970597150652,0.26055696077253276,0.3033832178076947,0.36552952543873607,0.16223277315913312,0.4123793439485177,0.16341243394525645,0.42164766391320774,0.1377446710397802
natural,refit_per_N,tuned_once,UNSW-NB15,10000,9,286,full_test,XGBoost,0.7455467440282435,0.7638342321333139,0.7982542486881072,0.7443269762306204,1682,0.9714625445897741,1.0,0.985524728588661,0.25877127529055016,0.3187444878973751,0.38319334129073995,0.14738888923828708,0.4237791777153219,0.14581643836850902,0.43189297898204093,0.11966486480822162
natural,refit_per_N,tuned_once,UNSW-NB15,10000,10,286,fixed_300,QSVM_ZZ,0.6729282321833607,0.71,0.7701271186440678,0.6831649831649832,6,1.0,1.0,1.0,0.553824396851062,0.9327363973515752,1.0494182583520488,0.2746633731118715,1.0943153346824814,0.24144233694295264,1.0943153346824814,0.24144233694295264
natural,refit_per_N,tuned_once,UNSW-NB15,10000,10,286,fixed_300,QSVM_Z,0.6648214920522066,0.7066666666666667,0.7790280610450806,0.6781144781144781,6,1.0,1.0,1.0,0.5772674613381377,0.9891596937889812,1.0862064211927998,0.36308433220950126,0.8748344940043552,0.38239517313265087,0.8748344940043552,0.38239517313265087
natural,refit_per_N,tuned_once,UNSW-NB15,10000,10,286,fixed_300,SVM_Linear,0.5079792923458691,0.6166666666666667,0.7536231884057971,0.5754208754208754,6,1.0,1.0,1.0,0.49351525668222357,1.1041861279883314,1.118432602243588,0.46031818132528785,0.8893565472965608,0.1555004773470122,0.8893565472965608,0.1555004773470122
natural,refit_per_N,tuned_once,UNSW-NB15,10000,10,286,fixed_300,SVM_Poly2,0.614263344833293,0.6633333333333333,0.7126674266172699,0.634006734006734,6,1.0,1.0,1.0,0.5642893155562716,0.9986265089814906,1.0139083358198897,0.536346177991851,1.0521931100071156,0.3134089933103024,1.0521931100071156,0.3134089933103024
natural,refit_per_N,tuned_once,UNSW-NB15,10000,10,286,fixed_300,SVM_RBF,0.641968411964857,0.6866666666666666,0.7473802658414797,0.6579124579124579,6,1.0,1.0,1.0,0.5011571304123413,0.9467780777403505,0.9918008416021098,0.404818834110015,1.0476626823154815,0.25189823389602417,1.0476626823154815,0.25189823389602417
natural,refit_per_N,tuned_once,UNSW-NB15,10000,10,286,fixed_300,RandomForest,0.7617777777777778,0.7766666666666666,0.8055555555555556,0.7592592592592593,6,1.0,1.0,1.0,0.27127615465139976,0.2985125740528319,0.3675924309582132,0.16606117442776577,0.3325821220169065,0.16478990677919972,0.3325821220169065,0.16478990677919972
natural,refit_per_N,tuned_once,UNSW-NB15,10000,10,286,fixed_300,XGBoost,0.7416020671834624,0.7633333333333333,0.810984060984061,0.7417508417508417,6,1.0,1.0,1.0,0.27052909245093665,0.3130880204752199,0.3866339223583539,0.14739168398934002,0.39007649819056195,0.11717558930716353,0.39007649819056195,0.11717558930716353
natural,refit_per_N,tuned_once,UNSW-NB15,10000,10,286,full_test,QSVM_ZZ,0.7025124409567922,0.7339066219695866,0.7948668473473808,0.7082851049673162,1682,0.9875148632580262,1.0,0.9937182171702064,0.567100630993809,0.914335499294478,1.036708162122262,0.28783453151548893,1.0784169220720143,0.2729599608557734,1.0951776241363427,0.1951311600763391
natural,refit_per_N,tuned_once,UNSW-NB15,10000,10,286,full_test,QSVM_Z,0.6820494718176162,0.7190521303988728,0.7863326028957214,0.6916115350769458,1682,0.9869203329369798,1.0,0.9934171154997008,0.605379423398937,0.9895249124902509,1.097604486152914,0.37537739768220757,1.0587550157282264,0.2627525691316973,1.077993636519519,0.16712514932949976
natural,refit_per_N,tuned_once,UNSW-NB15,10000,10,286,full_test,SVM_Linear,0.5236003333254371,0.6259898945731914,0.7649884666697164,0.585065623949194,1682,0.9928656361474435,1.0,0.9964200477326969,0.5046073519166243,1.0876988761557695,1.1119687936524252,0.44860096605112454,0.9918185161686693,0.22928803888889415,1.0069853060957743,0.14918970172145163
natural,refit_per_N,tuned_once,UNSW-NB15,10000,10,286,full_test,SVM_Poly2,0.6692671797678134,0.7046227469270757,0.7543605985562157,0.6784833707350693,1682,0.9560047562425684,1.0,0.9775075987841946,0.6176707006102663,1.0099749212264737,1.0079958606318198,0.6208951448094241,1.0667123631426603,0.4258097803790144,1.0950116737282185,0.3466102553975416
natural,refit_per_N,tuned_once,UNSW-NB15,10000,10,286,full_test,SVM_RBF,0.6765191444737064,0.7115945197493077,0.7660425545097217,0.6852888407687666,1682,0.9619500594530321,1.0,0.9806060606060606,0.5491586206698867,0.9148310237125523,0.9836198384698555,0.4135009141121028,1.0956935990394916,0.40299357657776674,1.131272746188291,0.2883925440621802
natural,refit_per_N,tuned_once,UNSW-NB15,10000,10,286,full_test,RandomForest,0.7560276096675891,0.7717898265558957,0.8011035496863255,0.7537868530314484,1682,0.9684898929845422,1.0,0.9839927514346118,0.2607470910545037,0.29797753675682487,0.35920234406475243,0.16659331896399032,0.4183627690513792,0.15749613193986717,0.42646102305054906,0.13402773564839768
natural,refit_per_N,tuned_once,UNSW-NB15,10000,10,286,full_test,XGBoost,0.7419858191353008,0.7619030267696643,0.8010981000758304,0.7413785512769453,1682,0.976218787158145,1.0,0.9879663056558363,0.2576789120737517,0.31642805580900374,0.38014251569924246,0.14838060516263382,0.4323528582998745,0.1370806937540774,0.43859153982433496,0.11557496214444254
