Config,F1-macro,Std,Time_s
(1) Baseline: tat ca features,0.9557509574872762,0.010629794863718824,0.1980605125427246
(2) PCA 95% variance -- nguong co dinh,0.9504499952981386,0.01047082837697423,0.17763876914978027
(3) SelectKBest only (K=20),0.9337007671527753,0.01054181545049266,0.15675973892211914
(4) PCA only (4D) -- khong co SelectKBest,0.8577157409135211,0.008583450909216566,0.17778992652893066
(5) SelectKBest (K=20) + PCA (4D)  [C1 pipeline],0.8988600230091788,0.009147866141531815,0.18816471099853516
