Config,F1-macro,Std,Time_s
(1) Baseline: tat ca features,0.9557509574872762,0.010629794863718824,0.20151686668395996
(2) PCA 95% variance -- nguong co dinh,0.9504499952981386,0.01047082837697423,0.17704319953918457
(3) SelectKBest only (K=20),0.9337007671527753,0.01054181545049266,0.17868447303771973
(4) PCA only (4D) -- khong co SelectKBest,0.8577157409135211,0.008583450909216566,0.19965052604675293
(5) SelectKBest (K=20) + PCA (4D)  [C1 pipeline],0.8988600230091788,0.009147866141531815,0.17968058586120605
