{
  "metadata": {
    "notebook": "c2_quantum_kernel_expressibility.ipynb",
    "n_qubits": 4,
    "n_subsample": 300,
    "zz_reps_target": 2,
    "zz_entanglement_target": "full",
    "random_state": 42,
    "n_bootstrap": 200,
    "n_expr_pairs": 2000
  },
  "block_ratios": {
    "K_ZZ": {
      "within": 0.18196223082315235,
      "across": 0.09488902528460447,
      "ratio": 1.9176319945901865
    },
    "K_poly2": {
      "within": 0.3077754932443142,
      "across": 0.2843697461945716,
      "ratio": 1.0823074443110612
    },
    "K_RBF": {
      "within": 0.437257342752089,
      "across": 0.2591255322845061,
      "ratio": 1.687434421824231
    }
  },
  "cka": {
    "K_ZZ": {
      "value": 0.2701266191011627,
      "ci_lo": 0.2359179489587559,
      "ci_hi": 0.3192228872522568
    },
    "K_poly2": {
      "value": 0.3945290402451441,
      "ci_lo": 0.3388176466443217,
      "ci_hi": 0.4639912445430939
    },
    "K_RBF": {
      "value": 0.3838020181457629,
      "ci_lo": 0.3265251862043753,
      "ci_hi": 0.45354751527618414
    },
    "H2_supported": false
  },
  "effective_rank": {
    "K_ZZ": {
      "value": 17.101038870191736,
      "ci_lo": 13.887355996472541,
      "ci_hi": 19.111887290109536
    },
    "K_poly2": {
      "value": 1.459980930404595,
      "ci_lo": 1.4160024969046299,
      "ci_hi": 1.4985875117651368
    },
    "K_RBF": {
      "value": 4.482014528484086,
      "ci_lo": 4.055141356609161,
      "ci_hi": 4.795590152292484
    }
  },
  "expressibility_kl": {
    "reps_1": 0.02605664551223434,
    "reps_2": 0.01562715614680018,
    "reps_3": 0.04217010087984184
  },
  "entanglement_entropy": {
    "Normal": {
      "mean": 0.7496601849582905,
      "std": 0.37633715343531526,
      "min": 0.13155236656447764,
      "max": 1.7346395713205118
    },
    "Attack": {
      "mean": 1.2144850923536095,
      "std": 0.26948715425117675,
      "min": 0.45108182111595807,
      "max": 1.8580699524958775
    },
    "mannwhitney_p": 2.4778754947446887e-22,
    "H3_supported": true
  },
  "concentration": {
    "reps_1": {
      "mean_offdiag": 0.11938372484619414,
      "var_offdiag": 0.040466172373939936,
      "eff_rank": 16.882912127912995
    },
    "reps_2": {
      "mean_offdiag": 0.13271334500682513,
      "var_offdiag": 0.03670211305096877,
      "eff_rank": 17.01833104763188
    },
    "reps_3": {
      "mean_offdiag": 0.12376671564051073,
      "var_offdiag": 0.033291095934732604,
      "eff_rank": 18.683187195600567
    },
    "reps_4": {
      "mean_offdiag": 0.11450721831307065,
      "var_offdiag": 0.02933572402269392,
      "eff_rank": 20.941129955116015
    },
    "reps_5": {
      "mean_offdiag": 0.12102488854516744,
      "var_offdiag": 0.02804274515603824,
      "eff_rank": 20.845325568467278
    }
  },
  "classification": {
    "QSVM": {
      "accuracy": 0.8233333333333334,
      "recall": 0.7017543859649122,
      "precision": 0.9836065573770492,
      "f1": 0.8191126279863481
    },
    "CSVM_poly2": {
      "accuracy": 0.7233333333333334,
      "recall": 0.52046783625731,
      "precision": 0.9888888888888889,
      "f1": 0.6819923371647509
    },
    "CSVM_RBF": {
      "accuracy": 0.7166666666666667,
      "recall": 0.5087719298245614,
      "precision": 0.9886363636363636,
      "f1": 0.6718146718146718
    }
  },
  "spearman_bridge": {
    "corr_matrix": [
      [
        0.9999999999999999,
        -0.5374144398984244,
        0.3987013509390305,
        0.0037638555641261026
      ],
      [
        -0.5374144398984244,
        0.9999999999999999,
        -0.3217939837423306,
        0.017354358656745568
      ],
      [
        0.3987013509390305,
        -0.3217939837423306,
        0.9999999999999999,
        -0.01338005429889995
      ],
      [
        0.0037638555641261026,
        0.017354358656745568,
        -0.01338005429889995,
        0.9999999999999999
      ]
    ],
    "PC0_PC2_r": 0.3987013509390305,
    "PC1_PC2_r": -0.3217939837423306,
    "C1_replicated": false
  },
  "hypotheses": {
    "H1": "ZZFeatureMap ma hoa cross-term x_i*x_j qua ZZ phase gate",
    "H2_supported": false,
    "H3_supported": true,
    "H4_conc_check": false
  }
}