kernel,kta
rbf,0.28965875732181295
quantum,0.21616816865598815
poly,0.13164337565327452
quantum_z,0.07638114819298467
linear,0.06509101515115244
