kernel,kta
rbf,0.28965875732181295
quantum,0.21536515452847796
poly,0.13164337565327452
quantum_z,0.07578729395794842
linear,0.06509101515115244
