{
  "config_tag": "r2_full_cq3.0_cslinearmm0p1-linearstd0p1-polymm0p1-polystd0p1-rbfmm0p1-rbfstd10_ssv_n1000_t300_km100",
  "n_runs": 5,
  "representative_run_id": 3,
  "train_size": 1000,
  "test_size": 300,
  "km_sample_size": 100,
  "reps": 2,
  "entanglement": "full",
  "C_QSVM": 3.0,
  "SVM_C_BY_MODEL": {
    "linear_mm": 0.1,
    "linear_std": 0.1,
    "poly_mm": 0.1,
    "poly_std": 0.1,
    "rbf_mm": 0.1,
    "rbf_std": 10.0
  },
  "mean_f1_quantum": 0.8412278938662604,
  "std_f1_quantum": 0.02356716849124352,
  "mean_acc_quantum": 0.8416107382550336,
  "std_acc_quantum": 0.02365712313022094,
  "mean_kta_quantum": 0.20318075440309072,
  "std_kta_quantum": 0.025009043748916344,
  "mean_nsv_quantum": 232.6,
  "std_nsv_quantum": 15.404544783926594,
  "mean_f1_quantum_z": 0.7982096696927832,
  "std_f1_quantum_z": 0.03215654429181309,
  "mean_acc_quantum_z": 0.7986577181208053,
  "std_acc_quantum_z": 0.032099205486088904,
  "mean_kta_quantum_z": 0.07171633177479421,
  "std_kta_quantum_z": 0.008696426715490086,
  "mean_nsv_quantum_z": 269.6,
  "std_nsv_quantum_z": 15.339491516996247,
  "mean_f1_linear_mm": 0.797818266451648,
  "std_f1_linear_mm": 0.0062424290960383004,
  "mean_acc_linear_mm": 0.7986577181208053,
  "std_acc_linear_mm": 0.006277948635526744,
  "mean_kta_linear_mm": 0.06682507790799685,
  "std_kta_linear_mm": 0.010702853206476359,
  "mean_nsv_linear_mm": 360.6,
  "std_nsv_linear_mm": 16.9941166289984,
  "mean_f1_poly_mm": 0.7874687928781803,
  "std_f1_poly_mm": 0.0038787578913584615,
  "mean_acc_poly_mm": 0.789261744966443,
  "std_acc_poly_mm": 0.0036759903188266284,
  "mean_kta_poly_mm": 0.12645604792509013,
  "std_kta_poly_mm": 0.0160621443856922,
  "mean_nsv_poly_mm": 340.4,
  "std_nsv_poly_mm": 21.054690688775274,
  "mean_f1_rbf_mm": 0.7856436867283668,
  "std_f1_rbf_mm": 0.00847978346825324,
  "mean_acc_rbf_mm": 0.787248322147651,
  "std_acc_rbf_mm": 0.007725412371289433,
  "mean_kta_rbf_mm": 0.2634024139447833,
  "std_kta_rbf_mm": 0.041035073564410295,
  "mean_nsv_rbf_mm": 401.4,
  "std_nsv_rbf_mm": 13.776792079435623,
  "mean_f1_linear_std": 0.7951066326596279,
  "std_f1_linear_std": 0.007011201672686771,
  "mean_acc_linear_std": 0.795973154362416,
  "std_acc_linear_std": 0.0072749944257311525,
  "mean_kta_linear_std": 0.06682507790799685,
  "std_kta_linear_std": 0.010702853206476359,
  "mean_nsv_linear_std": 357.6,
  "std_nsv_linear_std": 17.47283606058272,
  "mean_f1_poly_std": 0.8241026966633636,
  "std_f1_poly_std": 0.020765836060971564,
  "mean_acc_poly_std": 0.8248322147651006,
  "std_acc_poly_std": 0.020467047895271023,
  "mean_kta_poly_std": 0.12645604792509013,
  "std_kta_poly_std": 0.0160621443856922,
  "mean_nsv_poly_std": 403.2,
  "std_nsv_poly_std": 11.777096416349831,
  "mean_f1_rbf_std": 0.8152259161334487,
  "std_f1_rbf_std": 0.023347337575992597,
  "mean_acc_rbf_std": 0.8161073825503357,
  "std_acc_rbf_std": 0.02389393707237304,
  "mean_kta_rbf_std": 0.2634024139447833,
  "std_kta_rbf_std": 0.041035073564410295,
  "mean_nsv_rbf_std": 268.4,
  "std_nsv_rbf_std": 20.18167485616593
}