Model,Scaler,F1_macro,Accuracy,n_SV
QSVM (ZZFeatureMap),"MinMax [0,π]",0.8578753076292043,0.8585858585858586,59
"SVM-Linear (MinMax [0,π])","MinMax [0,π]",0.7877921812799837,0.7878787878787878,37
SVM-Linear (StandardScaler),StandardScaler,0.7877921812799837,0.7878787878787878,37
"SVM-Poly (MinMax [0,π])","MinMax [0,π]",0.8181632653061224,0.8181818181818182,36
SVM-Poly (StandardScaler),StandardScaler,0.8568181818181818,0.8585858585858586,30
"SVM-Rbf (MinMax [0,π])","MinMax [0,π]",0.8444211629125196,0.8484848484848485,34
SVM-Rbf (StandardScaler),StandardScaler,0.8660072878709006,0.8686868686868687,34
