,n_sv,sv_per_class,sv_ratio,margin_mean,margin_std,sv_class_dist
quantum,59,"[27, 32]",0.59,0.9709613165088288,0.23145112259134398,"[27, 32]"
linear,37,"[19, 18]",0.37,1.2740887666458938,0.6316185791344137,"[19, 18]"
poly,36,"[19, 17]",0.36,1.6110784558286182,1.1223675778756232,"[19, 17]"
rbf,34,"[17, 17]",0.34,1.4072741317305062,0.5942190678090354,"[17, 17]"
quantum_z,62,"[32, 30]",0.62,0.8956882508042923,0.34804924074707555,"[32, 30]"
