{
  "config_tag": "r2_full_cq0.5_cs10.0_s512_n100_t100_km100",
  "reps": 2,
  "entanglement": "full",
  "C_QSVM": 0.5,
  "C_SVM": 10.0,
  "shots": 512,
  "poly_degree": 2,
  "rbf_gamma": "scale",
  "train_size": 100,
  "test_size": 100,
  "km_sample_size": 100,
  "f1_qsvm": 0.8781788351107465,
  "f1_qsvm_z": 0.8181632653061224,
  "kta_quantum": 0.21536515452847796,
  "kta_quantum_z": 0.07578729395794842,
  "delta_kta_zz_z": 0.13957786057052954,
  "kta_linear": 0.06509101515115244,
  "kta_poly": 0.13164337565327452,
  "kta_rbf": 0.28965875732181295,
  "best_kta_kernel": "rbf",
  "best_kta_value": 0.28965875732181295,
  "n_sv_qsvm": 70,
  "n_sv_qsvm_z": 73,
  "n_sv_linear": 37,
  "n_sv_poly": 36,
  "n_sv_rbf": 34,
  "f1_svm_linear": 0.7877921812799837,
  "f1_svm_poly": 0.8181632653061224,
  "f1_svm_rbf": 0.8444211629125196,
  "f1_svm_linear_mm": 0.7877921812799837,
  "acc_svm_linear_mm": 0.7878787878787878,
  "f1_svm_linear_std": 0.7877921812799837,
  "acc_svm_linear_std": 0.7878787878787878,
  "f1_svm_poly_mm": 0.8181632653061224,
  "acc_svm_poly_mm": 0.8181818181818182,
  "f1_svm_poly_std": 0.8568181818181818,
  "acc_svm_poly_std": 0.8585858585858586,
  "f1_svm_rbf_mm": 0.8444211629125196,
  "acc_svm_rbf_mm": 0.8484848484848485,
  "f1_svm_rbf_std": 0.8660072878709006,
  "acc_svm_rbf_std": 0.8686868686868687
}