pc,explained_variance,cumulative_variance
PC1,0.5506452,0.5506452
PC2,0.19114314,0.7417883
PC3,0.07916825,0.8209566
PC4,0.045230392,0.866187
