{
  "quantum": 0.21616816865598815,
  "linear": 0.06509101515115244,
  "poly": 0.13164337565327452,
  "rbf": 0.28965875732181295
}