{
  "config_tag": "r2_full_cq1.0_cslinearmm0p1-linearstd0p1-polymm0p1-polystd0p1-rbfmm0p1-rbfstd10_ssv_n1000_t300_km100",
  "n_runs": 5,
  "representative_run_id": 4,
  "train_size": 1000,
  "test_size": 300,
  "km_sample_size": 100,
  "reps": 2,
  "entanglement": "full",
  "C_QSVM": 1.0,
  "SVM_C_BY_MODEL": {
    "linear_mm": 0.1,
    "linear_std": 0.1,
    "poly_mm": 0.1,
    "poly_std": 0.1,
    "rbf_mm": 0.1,
    "rbf_std": 10.0
  },
  "mean_f1_quantum": 0.8537753356500781,
  "std_f1_quantum": 0.015725416532580545,
  "mean_acc_quantum": 0.8539999999999999,
  "std_acc_quantum": 0.015705625319186324,
  "mean_kta_quantum": 0.20465615479142113,
  "std_kta_quantum": 0.028976635420458797,
  "mean_nsv_quantum": 277.4,
  "std_nsv_quantum": 14.707141122597559,
  "mean_f1_quantum_z": 0.8271498840603275,
  "std_f1_quantum_z": 0.015069289550531485,
  "mean_acc_quantum_z": 0.8273333333333334,
  "std_acc_quantum_z": 0.014981470036162828,
  "mean_kta_quantum_z": 0.06974260598485357,
  "std_kta_quantum_z": 0.006150597276852432,
  "mean_nsv_quantum_z": 326.6,
  "std_nsv_quantum_z": 20.755722102591363,
  "mean_f1_linear_mm": 0.8133776088947642,
  "std_f1_linear_mm": 0.016048933161856616,
  "mean_acc_linear_mm": 0.8140000000000001,
  "std_acc_linear_mm": 0.015527752931802872,
  "mean_kta_linear_mm": 0.062144728272460426,
  "std_kta_linear_mm": 0.007126709727833447,
  "mean_nsv_linear_mm": 368.6,
  "std_nsv_linear_mm": 14.673104647619734,
  "mean_f1_poly_mm": 0.8122086547512473,
  "std_f1_poly_mm": 0.019311320988974597,
  "mean_acc_poly_mm": 0.8133333333333332,
  "std_acc_poly_mm": 0.018708286933869698,
  "mean_kta_poly_mm": 0.12467743712520418,
  "std_kta_poly_mm": 0.021391118058825844,
  "mean_nsv_poly_mm": 348.8,
  "std_nsv_poly_mm": 18.646715528478463,
  "mean_f1_rbf_mm": 0.8131983164451398,
  "std_f1_rbf_mm": 0.01668860672258228,
  "mean_acc_rbf_mm": 0.8140000000000001,
  "std_acc_rbf_mm": 0.01605545943838973,
  "mean_kta_rbf_mm": 0.24730377356185534,
  "std_kta_rbf_mm": 0.031777670941497645,
  "mean_nsv_rbf_mm": 406.8,
  "std_nsv_rbf_mm": 12.872451204024815,
  "mean_f1_linear_std": 0.8181929737863346,
  "std_f1_linear_std": 0.008851626079677266,
  "mean_acc_linear_std": 0.8186666666666668,
  "std_acc_linear_std": 0.008692269873603532,
  "mean_kta_linear_std": 0.062144728272460426,
  "std_kta_linear_std": 0.007126709727833447,
  "mean_nsv_linear_std": 365.6,
  "std_nsv_linear_std": 16.410362579784756,
  "mean_f1_poly_std": 0.8292704318004551,
  "std_f1_poly_std": 0.03438321787913185,
  "mean_acc_poly_std": 0.8300000000000001,
  "std_acc_poly_std": 0.03358240279934978,
  "mean_kta_poly_std": 0.12467743712520418,
  "std_kta_poly_std": 0.021391118058825844,
  "mean_nsv_poly_std": 404.0,
  "std_nsv_poly_std": 9.273618495495704,
  "mean_f1_rbf_std": 0.8383929200266422,
  "std_f1_rbf_std": 0.013331395177399008,
  "mean_acc_rbf_std": 0.8386666666666667,
  "std_acc_rbf_std": 0.013457752825457615,
  "mean_kta_rbf_std": 0.24730377356185534,
  "std_kta_rbf_std": 0.031777670941497645,
  "mean_nsv_rbf_std": 266.8,
  "std_nsv_rbf_std": 16.976454282328802
}