{
  "quantum_z": {
    "n_sv": 62,
    "sv_per_class": [
      32,
      30
    ],
    "sv_ratio": 0.62,
    "margin_mean": 0.8766793545665135,
    "margin_std": 0.3303112350824146,
    "sv_class_dist": [
      32,
      30
    ],
    "df_scores": [
      1.0418845889644621,
      0.35244310444376414,
      0.9147561327341593,
      -1.0287764520470426,
      0.8772406348738981,
      1.0446503993501652,
      1.329585061182473,
      -1.1520129156545873,
      -1.018702397822114,
      0.5890115985014668,
      0.2565712899279061,
      0.9105103510021773,
      0.45447625697978933,
      -1.0816376027764771,
      -0.9357609314515687,
      0.7928889234796945,
      -0.8489750091354726,
      -1.1317997798353039,
      1.3716243038754725,
      1.290564360479916,
      -1.0603340960369418,
      1.0305982537370946,
      1.0719938713230421,
      -1.0697998410189182,
      -1.036113495006364,
      0.20578247015208942,
      0.5332443821911993,
      1.0096316517866606,
      -1.0731211540346388,
      1.141901760747932,
      0.9594107495578212,
      -1.5689691947893127,
      -0.056210086632271644,
      0.9677310208801784,
      0.3348698305617286,
      -0.990635346205438,
      0.9488754057970401,
      -0.2858804444667436,
      0.3977959137881184,
      1.120492027326973,
      -1.0566519061844537,
      0.5364723185014408,
      -0.9477630473060701,
      -1.187086941262872,
      -1.0962495704768518,
      1.039927268780139,
      -0.7397511010880988,
      0.3097952190391019,
      -0.9574521782038204,
      -1.157776204333169,
      0.813392386922271,
      -0.8214486118677743,
      -0.3676857047571731,
      -0.06685025908164358,
      1.141419523909287,
      0.40622705416433313,
      1.095329860110092,
      -1.1317840604947094,
      0.5617584637163378,
      -0.8722661055856253,
      0.9935001463577875,
      -0.9411244989633782,
      -1.155738660569786,
      -1.152543907364131,
      1.0179661369382569,
      -1.167641283765489,
      1.1783262505736396,
      1.0659894507121936,
      0.9673583708109248,
      1.0705352744633712,
      -0.8857466662996922,
      1.050989254917949,
      -0.9629949285905082,
      1.0796716356131617,
      0.5029719037129122,
      1.2255061961756926,
      -1.110917375296408,
      0.8598736398093397,
      0.18495166908268892,
      0.9390419369921634,
      1.0571240463103055,
      -0.8034707060473738,
      -0.976028084192681,
      -0.05367003814975077,
      -0.7750846518252306,
      -0.961904147847106,
      -0.12228204648307614,
      -0.9626548562888739,
      0.9977481261284356,
      -0.5350477295017272,
      1.0289164356631013,
      1.0883790553349142,
      1.0565585207306694,
      -0.10015648122395324,
      1.0435418017277525,
      1.2248800510363744,
      -1.0790716235082236,
      0.6387773384369801,
      -1.1782202982951506
    ]
  }
}